ine_municipio,municipio,cpro,ine_cabecera,cabecera,poblacion
01001,ALEGRÍA-DULANTZI,01,01059,VITORIA-GASTEIZ,2955
01002,AMURRIO,01,01002,AMURRIO,10364
01003,ARAMAIO,01,01059,VITORIA-GASTEIZ,1354
01004,ARTZINIEGA,01,01002,AMURRIO,1868
01006,ARMIÑÓN,01,01059,VITORIA-GASTEIZ,236
01008,ARRATZUA-UBARRUNDIA,01,01059,VITORIA-GASTEIZ,1056
01009,ASPARRENA,01,01059,VITORIA-GASTEIZ,1609
01010,AYALA/AIARA,01,01002,AMURRIO,2921
01011,BAÑOS DE EBRO/MAÑUETA,01,01059,VITORIA-GASTEIZ,286
01013,BARRUNDIA,01,01059,VITORIA-GASTEIZ,882
01014,BERANTEVILLA,01,01059,VITORIA-GASTEIZ,461
01016,BERNEDO,01,01059,VITORIA-GASTEIZ,541
01017,CAMPEZO/KANPEZU,01,01059,VITORIA-GASTEIZ,1073
01018,ZIGOITIA,01,01059,VITORIA-GASTEIZ,1845
01019,KRIPAN,01,01059,VITORIA-GASTEIZ,174
01020,KUARTANGO,01,01059,VITORIA-GASTEIZ,402
01021,ELBURGO/BURGELU,01,01059,VITORIA-GASTEIZ,642
01022,ELCIEGO,01,01059,VITORIA-GASTEIZ,971
01023,ELVILLAR/BILAR,01,01059,VITORIA-GASTEIZ,315
01027,IRURAIZ-GAUNA,01,01059,VITORIA-GASTEIZ,559
01028,LABASTIDA/BASTIDA,01,01059,VITORIA-GASTEIZ,1558
01030,LAGRÁN,01,01059,VITORIA-GASTEIZ,177
01031,LAGUARDIA,01,01059,VITORIA-GASTEIZ,1459
01032,LANCIEGO/LANTZIEGO,01,01059,VITORIA-GASTEIZ,700
01033,LAPUEBLA DE LABARCA,01,01059,VITORIA-GASTEIZ,895
01034,LEZA,01,01059,VITORIA-GASTEIZ,205
01036,LAUDIO/LLODIO,01,01002,AMURRIO,18077
01037,ARRAIA-MAEZTU,01,01059,VITORIA-GASTEIZ,812
01039,MOREDA DE ALAVA/MOREDA ARABA,01,01059,VITORIA-GASTEIZ,218
01041,NAVARIDAS,01,01059,VITORIA-GASTEIZ,192
01042,OKONDO,01,01002,AMURRIO,1184
01043,OYÓN/OION,01,01059,VITORIA-GASTEIZ,3476
01044,PEÑACERRADA-URIZAHARRA,01,01059,VITORIA-GASTEIZ,332
01046,ERRIBERAGOITIA/RIBERA ALTA,01,01059,VITORIA-GASTEIZ,839
01047,RIBERA BAJA/ERRIBERABEITIA,01,01059,VITORIA-GASTEIZ,1477
01049,AÑANA,01,01059,VITORIA-GASTEIZ,141
01051,SALVATIERRA/AGURAIN,01,01059,VITORIA-GASTEIZ,5189
01052,SAMANIEGO,01,01059,VITORIA-GASTEIZ,292
01053,SAN MILLÁN/DONEMILIAGA,01,01059,VITORIA-GASTEIZ,701
01054,URKABUSTAIZ,01,01002,AMURRIO,1470
01055,VALDEGOVÍA/GAUBEA,01,01002,AMURRIO,1064
01056,HARANA/VALLE DE ARANA,01,01059,VITORIA-GASTEIZ,212
01057,VILLABUENA DE ALAVA/ESKUERNAGA,01,01059,VITORIA-GASTEIZ,276
01058,LEGUTIO,01,01059,VITORIA-GASTEIZ,2094
01059,VITORIA-GASTEIZ,01,01059,VITORIA-GASTEIZ,260699
01060,YÉCORA/IEKORA,01,01059,VITORIA-GASTEIZ,278
01061,ZALDUONDO,01,01059,VITORIA-GASTEIZ,195
01062,ZAMBRANA,01,01059,VITORIA-GASTEIZ,452
01063,ZUIA,01,01059,VITORIA-GASTEIZ,2350
01901,IRUÑA OKA/IRUÑA DE OCA,01,01059,VITORIA-GASTEIZ,3704
01902,LANTARÓN,01,01059,VITORIA-GASTEIZ,929
02001,ABENGIBRE,02,02024,CASAS-IBÁÑEZ,753
02002,ALATOZ,02,02009,ALMANSA,504
02003,ALBACETE,02,02003,ALBACETE,175400
02004,ALBATANA,02,02037,HELLÍN,644
02005,ALBOREA,02,02024,CASAS-IBÁÑEZ,672
02006,ALCADOZO,02,02003,ALBACETE,635
02007,ALCALÁ DEL JÚCAR,02,02024,CASAS-IBÁÑEZ,1130
02008,ALCARAZ,02,02008,ALCARAZ,1283
02009,ALMANSA,02,02009,ALMANSA,24615
02010,ALPERA,02,02009,ALMANSA,2278
02011,AYNA,02,02037,HELLÍN,577
02012,BALAZOTE,02,02003,ALBACETE,2356
02013,BALSA DE VES,02,02024,CASAS-IBÁÑEZ,121
02014,EL BALLESTERO,02,02008,ALCARAZ,411
02015,BARRAX,02,02003,ALBACETE,1838
02016,BIENSERVIDA,02,02008,ALCARAZ,548
02017,BOGARRA,02,02008,ALCARAZ,727
02018,BONETE,02,02009,ALMANSA,950
02019,EL BONILLO,02,02081,VILLARROBLEDO,2645
02020,CARCELÉN,02,02009,ALMANSA,483
02021,CASAS DE JUAN NÚÑEZ,02,02024,CASAS-IBÁÑEZ,1409
02022,CASAS DE LÁZARO,02,02008,ALCARAZ,298
02023,CASAS DE VES,02,02024,CASAS-IBÁÑEZ,519
02024,CASAS-IBÁÑEZ,02,02024,CASAS-IBÁÑEZ,4616
02025,CAUDETE,02,02009,ALMANSA,10439
02026,CENIZATE,02,02024,CASAS-IBÁÑEZ,1163
02027,CORRAL-RUBIO,02,02003,ALBACETE,303
02028,COTILLAS,02,02008,ALCARAZ,123
02029,CHINCHILLA DE MONTE-ARAGÓN,02,02003,ALBACETE,4614
02030,ELCHE DE LA SIERRA,02,02037,HELLÍN,3603
02031,FÉREZ,02,02037,HELLÍN,604
02032,FUENSANTA,02,02069,LA RODA,282
02033,FUENTE-ÁLAMO,02,02009,ALMANSA,2422
02034,FUENTEALBILLA,02,02024,CASAS-IBÁÑEZ,1804
02035,LA GINETA,02,02003,ALBACETE,2656
02036,GOLOSALVO,02,02024,CASAS-IBÁÑEZ,79
02037,HELLÍN,02,02037,HELLÍN,30836
02038,LA HERRERA,02,02003,ALBACETE,308
02039,HIGUERUELA,02,02009,ALMANSA,1133
02040,HOYA-GONZALO,02,02003,ALBACETE,582
02041,JORQUERA,02,02024,CASAS-IBÁÑEZ,356
02042,LETUR,02,02037,HELLÍN,911
02043,LEZUZA,02,02069,LA RODA,1281
02044,LIÉTOR,02,02037,HELLÍN,1052
02045,MADRIGUERAS,02,02069,LA RODA,4670
02046,MAHORA,02,02024,CASAS-IBÁÑEZ,1465
02047,MASEGOSO,02,02008,ALCARAZ,117
02048,MINAYA,02,02069,LA RODA,1381
02049,MOLINICOS,02,02037,HELLÍN,754
02050,MONTALVOS,02,02069,LA RODA,74
02051,MONTEALEGRE DEL CASTILLO,02,02009,ALMANSA,2051
02052,MOTILLEJA,02,02024,CASAS-IBÁÑEZ,673
02053,MUNERA,02,02081,VILLARROBLEDO,3351
02054,NAVAS DE JORQUERA,02,02024,CASAS-IBÁÑEZ,521
02055,NERPIO,02,02037,HELLÍN,1136
02056,ONTUR,02,02037,HELLÍN,1895
02057,OSSA DE MONTIEL,02,02081,VILLARROBLEDO,2233
02058,PATERNA DEL MADERA,02,02008,ALCARAZ,328
02059,PEÑASCOSA,02,02008,ALCARAZ,329
02060,PEÑAS DE SAN PEDRO,02,02003,ALBACETE,1488
02061,PÉTROLA,02,02003,ALBACETE,660
02062,POVEDILLA,02,02008,ALCARAZ,374
02063,POZOHONDO,02,02003,ALBACETE,1544
02064,POZO-LORENTE,02,02024,CASAS-IBÁÑEZ,398
02065,POZUELO,02,02003,ALBACETE,455
02066,LA RECUEJA,02,02024,CASAS-IBÁÑEZ,215
02067,RIÓPAR,02,02008,ALCARAZ,1344
02068,ROBLEDO,02,02008,ALCARAZ,382
02069,LA RODA,02,02069,LA RODA,15643
02070,SALOBRE,02,02008,ALCARAZ,442
02071,SAN PEDRO,02,02003,ALBACETE,1155
02072,SOCOVOS,02,02037,HELLÍN,1643
02073,TARAZONA DE LA MANCHA,02,02069,LA RODA,6100
02074,TOBARRA,02,02037,HELLÍN,8006
02075,VALDEGANGA,02,02003,ALBACETE,1970
02076,VIANOS,02,02008,ALCARAZ,317
02077,VILLA DE VES,02,02024,CASAS-IBÁÑEZ,51
02078,VILLALGORDO DEL JÚCAR,02,02069,LA RODA,1159
02079,VILLAMALEA,02,02024,CASAS-IBÁÑEZ,4083
02080,VILLAPALACIOS,02,02008,ALCARAZ,539
02081,VILLARROBLEDO,02,02081,VILLARROBLEDO,25400
02082,VILLATOYA,02,02024,CASAS-IBÁÑEZ,114
02083,VILLAVALIENTE,02,02024,CASAS-IBÁÑEZ,190
02084,VILLAVERDE DE GUADALIMAR,02,02008,ALCARAZ,325
02085,VIVEROS,02,02008,ALCARAZ,293
02086,YESTE,02,02037,HELLÍN,2471
02901,POZO CAÑADA,02,02003,ALBACETE,2704
03001,L'ATZÚBIA,03,03063,DÉNIA,589
03002,AGOST,03,03093,NOVELDA,5225
03003,AGRES,03,03009,ALCOY/ALCOI,623
03004,AIGÜES,03,03122,SAN VICENTE DEL RASPEIG,1199
03005,ALBATERA,03,03099,ORIHUELA,13566
03006,ALCALALÍ,03,03063,DÉNIA,1428
03007,ALCOSSER,03,03009,ALCOY/ALCOI,263
03008,ALCOLEJA,03,03009,ALCOY/ALCOI,184
03009,ALCOY/ALCOI,03,03009,ALCOY/ALCOI,61468
03010,ALFAFARA,03,03009,ALCOY/ALCOI,419
03011,L'ALFÀS DEL PI,03,03031,BENIDORM,21080
03012,ALGORFA,03,03099,ORIHUELA,3788
03013,ALGUEÑA,03,03093,NOVELDA,1328
03014,ALICANTE,03,03014,ALICANTE/ALACANT,366221
03015,ALMORADÍ,03,03099,ORIHUELA,22965
03016,ALMUDAINA,03,03009,ALCOY/ALCOI,128
03017,L'ALQUERIA D'ASNAR,03,03009,ALCOY/ALCOI,519
03018,ALTEA,03,03031,BENIDORM,24592
03019,ASPE,03,03093,NOVELDA,22397
03020,BALONES,03,03009,ALCOY/ALCOI,132
03021,BANYERES DE MARIOLA,03,03009,ALCOY/ALCOI,7347
03022,BENASAU,03,03009,ALCOY/ALCOI,174
03023,BENEIXAMA,03,03140,VILLENA,1696
03024,BENEJÚZAR,03,03099,ORIHUELA,5811
03025,BENFERRI,03,03099,ORIHUELA,2099
03026,BENIARBEIG,03,03063,DÉNIA,2499
03027,BENIARDÀ,03,03139,VILLAJOYOSA,226
03028,BENIARRÉS,03,03009,ALCOY/ALCOI,1117
03029,BENIGEMBLA,03,03063,DÉNIA,590
03030,BENIDOLEIG,03,03063,DÉNIA,1245
03031,BENIDORM,03,03031,BENIDORM,77327
03032,BENIFALLIM,03,03009,ALCOY/ALCOI,130
03033,BENIFATO,03,03139,VILLAJOYOSA,162
03034,BENIJÓFAR,03,03133,TORREVIEJA,3679
03035,BENILLOBA,03,03009,ALCOY/ALCOI,744
03036,BENILLUP,03,03009,ALCOY/ALCOI,110
03037,BENIMANTELL,03,03139,VILLAJOYOSA,548
03038,BENIMARFULL,03,03009,ALCOY/ALCOI,465
03039,BENIMASSOT,03,03009,ALCOY/ALCOI,85
03040,BENIMELI,03,03063,DÉNIA,474
03041,BENISSA,03,03063,DÉNIA,12471
03042,BENITACHELL,03,03063,DÉNIA,4911
03043,BIAR,03,03140,VILLENA,3677
03044,BIGASTRO,03,03099,ORIHUELA,7537
03045,BOLULLA,03,03139,VILLAJOYOSA,490
03046,BUSOT,03,03122,SAN VICENTE DEL RASPEIG,3782
03047,CALP,03,03063,DÉNIA,27616
03048,CALLOSA D'EN SARRIÀ,03,03139,VILLAJOYOSA,8182
03049,CALLOSA DE SEGURA,03,03099,ORIHUELA,19988
03050,EL CAMPELLO,03,03014,ALICANTE/ALACANT,31419
03051,CAMPO DE MIRRA,03,03140,VILLENA,447
03052,CAÑADA,03,03140,VILLENA,1213
03053,CASTALLA,03,03079,IBI,11908
03054,CASTELL DE CASTELLS,03,03063,DÉNIA,443
03055,CATRAL,03,03099,ORIHUELA,9600
03056,COCENTAINA,03,03009,ALCOY/ALCOI,11498
03057,CONFRIDES,03,03139,VILLAJOYOSA,293
03058,COX,03,03099,ORIHUELA,7722
03059,CREVILLENT,03,03065,ELCHE/ELX,30921
03060,QUATRETONDETA,03,03009,ALCOY/ALCOI,130
03061,DAYA NUEVA,03,03099,ORIHUELA,1885
03062,DAYA VIEJA,03,03099,ORIHUELA,698
03063,DÉNIA,03,03063,DÉNIA,47261
03064,DOLORES,03,03099,ORIHUELA,8326
03065,ELCHE/ELX,03,03065,ELCHE/ELX,245557
03066,ELDA,03,03066,ELDA,55222
03067,FAGECA,03,03009,ALCOY/ALCOI,100
03068,FAMORCA,03,03009,ALCOY/ALCOI,44
03069,FINESTRAT,03,03031,BENIDORM,9919
03070,FORMENTERA DEL SEGURA,03,03099,ORIHUELA,4868
03071,GATA DE GORGOS,03,03063,DÉNIA,6773
03072,GAIANES,03,03009,ALCOY/ALCOI,577
03073,GORGA,03,03009,ALCOY/ALCOI,286
03074,GRANJA DE ROCAMORA,03,03099,ORIHUELA,2728
03075,EL CASTELL DE GUADALEST,03,03139,VILLAJOYOSA,284
03076,GUARDAMAR DEL SEGURA,03,03133,TORREVIEJA,18564
03077,EL FONDÓ DE LES NEUS/EL HONDÓN DE LAS NIEVES,03,03093,NOVELDA,2738
03078,HONDÓN DE LOS FRAILES,03,03093,NOVELDA,1334
03079,IBI,03,03079,IBI,24500
03080,JACARILLA,03,03099,ORIHUELA,2176
03081,XALÓ,03,03063,DÉNIA,3104
03082,JÁVEA,03,03063,DÉNIA,30642
03083,JIJONA/XIXONA,03,03122,SAN VICENTE DEL RASPEIG,7669
03084,LORCHA,03,03009,ALCOY/ALCOI,589
03085,LLÍBER,03,03063,DÉNIA,882
03086,MILLENA,03,03009,ALCOY/ALCOI,265
03088,MONFORTE DEL CID,03,03093,NOVELDA,9283
03089,MONÓVAR,03,03093,NOVELDA,13116
03090,MUTXAMEL,03,03122,SAN VICENTE DEL RASPEIG,28621
03091,MURLA,03,03063,DÉNIA,574
03092,MURO DE ALCOY,03,03009,ALCOY/ALCOI,9372
03093,NOVELDA,03,03093,NOVELDA,26606
03094,LA NUCIA,03,03139,VILLAJOYOSA,19121
03095,ONDARA,03,03063,DÉNIA,7717
03096,ONIL,03,03079,IBI,8114
03097,ORBA,03,03063,DÉNIA,2399
03098,ORXETA,03,03139,VILLAJOYOSA,906
03099,ORIHUELA,03,03099,ORIHUELA,84560
03100,PARCENT,03,03063,DÉNIA,1037
03101,PEDREGUER,03,03063,DÉNIA,8849
03102,PEGO,03,03063,DÉNIA,10791
03103,PENÀGUILA,03,03009,ALCOY/ALCOI,305
03104,PETRER,03,03066,ELDA,34022
03105,PINOSO,03,03093,NOVELDA,8523
03106,PLANES,03,03009,ALCOY/ALCOI,697
03107,POLOP,03,03139,VILLAJOYOSA,5828
03109,RAFAL,03,03099,ORIHUELA,4849
03110,RÀFOL D'ALMÚNIA,03,03063,DÉNIA,734
03111,REDOVÁN,03,03099,ORIHUELA,8283
03112,RELLEU,03,03139,VILLAJOYOSA,1375
03113,ROJALES,03,03133,TORREVIEJA,17652
03114,LA ROMANA,03,03093,NOVELDA,2729
03115,SAGRA,03,03063,DÉNIA,441
03116,SALINAS,03,03140,VILLENA,1828
03117,SANET Y NEGRALS,03,03063,DÉNIA,712
03118,SAN FULGENCIO,03,03099,ORIHUELA,9769
03119,SANT JOAN D'ALACANT,03,03014,ALICANTE/ALACANT,26834
03120,SAN MIGUEL DE SALINAS,03,03133,TORREVIEJA,7177
03121,SANTA POLA,03,03065,ELCHE/ELX,39709
03122,SAN VICENTE DEL RASPEIG,03,03122,SAN VICENTE DEL RASPEIG,60247
03123,SAX,03,03140,VILLENA,10346
03124,SELLA,03,03139,VILLAJOYOSA,621
03125,SENIJA,03,03063,DÉNIA,698
03127,TÀRBENA,03,03139,VILLAJOYOSA,662
03128,TEULADA,03,03063,DÉNIA,12912
03129,TIBI,03,03079,IBI,1757
03130,TOLLOS,03,03009,ALCOY/ALCOI,32
03131,TORMOS,03,03063,DÉNIA,323
03132,TORREMANZANAS,03,03122,SAN VICENTE DEL RASPEIG,749
03133,TORREVIEJA,03,03133,TORREVIEJA,98533
03134,LA VALL D'ALCALÀ,03,03063,DÉNIA,159
03135,LA VALL D'EBO,03,03063,DÉNIA,231
03136,LA VALL DE GALLINERA,03,03063,DÉNIA,583
03137,LA VALL DE LAGUART,03,03063,DÉNIA,905
03138,EL VERGER,03,03063,DÉNIA,5508
03139,VILLAJOYOSA,03,03139,VILLAJOYOSA,37449
03140,VILLENA,03,03140,VILLENA,34712
03901,ELS POBLETS,03,03063,DÉNIA,2757
03902,PILAR DE LA HORADADA,03,03099,ORIHUELA,24316
03903,LOS MONTESINOS,03,03133,TORREVIEJA,5786
03904,SAN ISIDRO,03,03099,ORIHUELA,2337
04001,ABLA,04,04013,ALMERÍA,1268
04002,ABRUCENA,04,04013,ALMERÍA,1241
04003,ADRA,04,04029,BERJA,25501
04004,ALBÁNCHEZ,04,04076,PURCHENA,688
04005,ALBOLODUY,04,04013,ALMERÍA,579
04006,ALBOX,04,04053,HUÉRCAL-OVERA,12799
04007,ALCOLEA,04,04029,BERJA,829
04008,ALCÓNTAR,04,04076,PURCHENA,545
04009,ALCUDIA DE MONTEAGUD,04,04013,ALMERÍA,115
04010,ALHABIA,04,04013,ALMERÍA,743
04011,ALHAMA DE ALMERÍA,04,04013,ALMERÍA,3975
04012,ALICÚN,04,04013,ALMERÍA,206
04013,ALMERÍA,04,04013,ALMERÍA,205468
04014,ALMÓCITA,04,04013,ALMERÍA,208
04015,ALSODUX,04,04013,ALMERÍA,126
04016,ANTAS,04,04100,VERA,3472
04017,ARBOLEAS,04,04053,HUÉRCAL-OVERA,4215
04018,ARMUÑA DE ALMANZORA,04,04076,PURCHENA,371
04019,BACARES,04,04076,PURCHENA,226
04020,BAYÁRCAL,04,04029,BERJA,294
04021,BAYARQUE,04,04076,PURCHENA,215
04022,BÉDAR,04,04100,VERA,953
04023,BEIRES,04,04013,ALMERÍA,140
04024,BENAHADUX,04,04013,ALMERÍA,4901
04026,BENITAGLA,04,04013,ALMERÍA,63
04027,BENIZALÓN,04,04013,ALMERÍA,242
04028,BENTARIQUE,04,04013,ALMERÍA,223
04029,BERJA,04,04029,BERJA,13120
04030,CANJÁYAR,04,04013,ALMERÍA,1139
04031,CANTORIA,04,04053,HUÉRCAL-OVERA,3592
04032,CARBONERAS,04,04100,VERA,8458
04033,CASTRO DE FILABRES,04,04013,ALMERÍA,101
04034,CÓBDAR,04,04076,PURCHENA,169
04035,CUEVAS DEL ALMANZORA,04,04100,VERA,15526
04036,CHERCOS,04,04076,PURCHENA,301
04037,CHIRIVEL,04,04099,VÉLEZ-RUBIO,1619
04038,DALÍAS,04,04029,BERJA,4196
04041,ENIX,04,04013,ALMERÍA,612
04043,FELIX,04,04013,ALMERÍA,771
04044,FINES,04,04076,PURCHENA,2404
04045,FIÑANA,04,04013,ALMERÍA,1956
04046,FONDÓN,04,04029,BERJA,1152
04047,GÁDOR,04,04013,ALMERÍA,3130
04048,LOS GALLARDOS,04,04100,VERA,3110
04049,GARRUCHA,04,04100,VERA,10845
04050,GERGAL,04,04013,ALMERÍA,1211
04051,HUÉCIJA,04,04013,ALMERÍA,526
04052,HUÉRCAL DE ALMERÍA,04,04013,ALMERÍA,18660
04053,HUÉRCAL-OVERA,04,04053,HUÉRCAL-OVERA,20860
04054,ILLAR,04,04013,ALMERÍA,492
04055,INSTINCIÓN,04,04013,ALMERÍA,507
04056,LAROYA,04,04076,PURCHENA,197
04057,LÁUJAR DE ANDARAX,04,04029,BERJA,1674
04058,LÍJAR,04,04076,PURCHENA,378
04059,LUBRÍN,04,04100,VERA,1434
04060,LUCAINENA DE LAS TORRES,04,04013,ALMERÍA,722
04061,LÚCAR,04,04076,PURCHENA,829
04062,MACAEL,04,04076,PURCHENA,5436
04063,MARÍA,04,04099,VÉLEZ-RUBIO,1202
04064,MOJÁCAR,04,04100,VERA,7680
04065,NACIMIENTO,04,04013,ALMERÍA,485
04066,NÍJAR,04,04013,ALMERÍA,33319
04067,OHANES,04,04013,ALMERÍA,553
04068,OLULA DE CASTRO,04,04013,ALMERÍA,175
04069,OLULA DEL RÍO,04,04076,PURCHENA,6506
04070,ORIA,04,04076,PURCHENA,2219
04071,PADULES,04,04013,ALMERÍA,438
04072,PARTALOA,04,04053,HUÉRCAL-OVERA,836
04073,PATERNA DEL RÍO,04,04029,BERJA,399
04074,PECHINA,04,04013,ALMERÍA,4552
04075,PULPÍ,04,04053,HUÉRCAL-OVERA,12214
04076,PURCHENA,04,04076,PURCHENA,1563
04077,RÁGOL,04,04013,ALMERÍA,297
04078,RIOJA,04,04013,ALMERÍA,1609
04079,ROQUETAS DE MAR,04,04079,ROQUETAS DE MAR,111240
04080,SANTA CRUZ DE MARCHENA,04,04013,ALMERÍA,236
04081,SANTA FE DE MONDÚJAR,04,04013,ALMERÍA,503
04082,SENÉS,04,04013,ALMERÍA,279
04083,SERÓN,04,04076,PURCHENA,2151
04084,SIERRO,04,04076,PURCHENA,364
04085,SOMONTÍN,04,04076,PURCHENA,497
04086,SORBAS,04,04013,ALMERÍA,2564
04087,SUFLÍ,04,04076,PURCHENA,224
04088,TABERNAS,04,04013,ALMERÍA,3991
04089,TABERNO,04,04053,HUÉRCAL-OVERA,955
04090,TAHAL,04,04013,ALMERÍA,355
04091,TERQUE,04,04013,ALMERÍA,393
04092,TÍJOLA,04,04076,PURCHENA,3573
04093,TURRE,04,04100,VERA,4361
04094,TURRILLAS,04,04013,ALMERÍA,256
04095,ULEILA DEL CAMPO,04,04013,ALMERÍA,815
04096,URRÁCAL,04,04076,PURCHENA,340
04097,VELEFIQUE,04,04013,ALMERÍA,230
04098,VÉLEZ-BLANCO,04,04099,VÉLEZ-RUBIO,1928
04099,VÉLEZ-RUBIO,04,04099,VÉLEZ-RUBIO,6685
04100,VERA,04,04100,VERA,20282
04101,VIATOR,04,04013,ALMERÍA,6339
04102,VÍCAR,04,04013,ALMERÍA,29342
04103,ZURGENA,04,04053,HUÉRCAL-OVERA,3059
04901,LAS TRES VILLAS,04,04013,ALMERÍA,547
04902,EL EJIDO,04,04902,EL EJIDO,91440
04903,LA MOJONERA,04,04902,EL EJIDO,8793
04904,BALANEGRA,04,04029,BERJA,3055
05001,ADANERO,05,05016,ARÉVALO,207
05002,LA ADRADA,05,05014,ARENAS DE SAN PEDRO,2853
05005,ALBORNOS,05,05019,ÁVILA,170
05007,ALDEANUEVA DE SANTA CRUZ,05,05186,PIEDRAHITA,100
05008,ALDEASECA,05,05016,ARÉVALO,211
05010,LA ALDEHUELA,05,05186,PIEDRAHITA,141
05012,AMAVIDA,05,05019,ÁVILA,131
05013,EL ARENAL,05,05014,ARENAS DE SAN PEDRO,961
05014,ARENAS DE SAN PEDRO,05,05014,ARENAS DE SAN PEDRO,6460
05015,AREVALILLO,05,05186,PIEDRAHITA,58
05016,ARÉVALO,05,05016,ARÉVALO,7851
05017,AVEINTE,05,05019,ÁVILA,67
05018,AVELLANEDA,05,05186,PIEDRAHITA,23
05019,ÁVILA,05,05019,ÁVILA,59107
05021,EL BARCO DE ÁVILA,05,05186,PIEDRAHITA,2308
05022,EL BARRACO,05,05019,ÁVILA,2086
05023,BARROMÁN,05,05016,ARÉVALO,174
05024,BECEDAS,05,05186,PIEDRAHITA,146
05025,BECEDILLAS,05,05186,PIEDRAHITA,70
05026,BERCIAL DE ZAPARDIEL,05,05016,ARÉVALO,166
05027,LAS BERLANAS,05,05019,ÁVILA,323
05029,BERNUY-ZAPARDIEL,05,05016,ARÉVALO,79
05030,BERROCALEJO DE ARAGONA,05,05019,ÁVILA,55
05033,BLASCOMILLÁN,05,05019,ÁVILA,169
05034,BLASCONUÑO DE MATACABRAS,05,05016,ARÉVALO,14
05035,BLASCOSANCHO,05,05019,ÁVILA,85
05036,EL BOHODÓN,05,05016,ARÉVALO,104
05037,BOHOYO,05,05186,PIEDRAHITA,205
05038,BONILLA DE LA SIERRA,05,05186,PIEDRAHITA,139
05039,BRABOS,05,05019,ÁVILA,34
05040,BULARROS,05,05019,ÁVILA,55
05041,BURGOHONDO,05,05019,ÁVILA,1269
05042,CABEZAS DE ALAMBRE,05,05016,ARÉVALO,152
05043,CABEZAS DEL POZO,05,05016,ARÉVALO,80
05044,CABEZAS DEL VILLAR,05,05019,ÁVILA,217
05045,CABIZUELA,05,05016,ARÉVALO,89
05046,CANALES,05,05016,ARÉVALO,42
05047,CANDELEDA,05,05014,ARENAS DE SAN PEDRO,5003
05048,CANTIVEROS,05,05016,ARÉVALO,102
05049,CARDEÑOSA,05,05019,ÁVILA,430
05051,LA CARRERA,05,05186,PIEDRAHITA,155
05052,CASAS DEL PUERTO,05,05186,PIEDRAHITA,80
05053,CASASOLA,05,05019,ÁVILA,67
05054,CASAVIEJA,05,05014,ARENAS DE SAN PEDRO,1362
05055,CASILLAS,05,05014,ARENAS DE SAN PEDRO,673
05056,CASTELLANOS DE ZAPARDIEL,05,05016,ARÉVALO,106
05057,CEBREROS,05,05019,ÁVILA,3345
05058,CEPEDA LA MORA,05,05186,PIEDRAHITA,63
05059,CILLÁN,05,05019,ÁVILA,84
05060,CISLA,05,05016,ARÉVALO,107
05061,LA COLILLA,05,05019,ÁVILA,375
05062,COLLADO DE CONTRERAS,05,05016,ARÉVALO,147
05063,COLLADO DEL MIRÓN,05,05186,PIEDRAHITA,18
05064,CONSTANZANA,05,05016,ARÉVALO,104
05065,CRESPOS,05,05016,ARÉVALO,463
05066,CUEVAS DEL VALLE,05,05014,ARENAS DE SAN PEDRO,506
05067,CHAMARTÍN,05,05019,ÁVILA,61
05069,DONJIMENO,05,05016,ARÉVALO,69
05070,DONVIDAS,05,05016,ARÉVALO,31
05072,ESPINOSA DE LOS CABALLEROS,05,05016,ARÉVALO,104
05073,FLORES DE AVILA,05,05016,ARÉVALO,262
05074,FONTIVEROS,05,05016,ARÉVALO,715
05075,FRESNEDILLA,05,05014,ARENAS DE SAN PEDRO,92
05076,EL FRESNO,05,05019,ÁVILA,579
05077,FUENTE EL SAÚZ,05,05016,ARÉVALO,146
05078,FUENTES DE AÑO,05,05016,ARÉVALO,90
05079,GALLEGOS DE ALTAMIROS,05,05019,ÁVILA,61
05080,GALLEGOS DE SOBRINOS,05,05019,ÁVILA,42
05081,GARGANTA DEL VILLAR,05,05186,PIEDRAHITA,37
05082,GAVILANES,05,05014,ARENAS DE SAN PEDRO,523
05083,GEMUÑO,05,05019,ÁVILA,147
05084,GILBUENA,05,05186,PIEDRAHITA,45
05085,GIL GARCÍA,05,05186,PIEDRAHITA,45
05086,GIMIALCÓN,05,05016,ARÉVALO,73
05087,GOTARRENDURA,05,05019,ÁVILA,173
05088,GRANDES Y SAN MARTÍN,05,05019,ÁVILA,34
05089,GUISANDO,05,05014,ARENAS DE SAN PEDRO,458
05090,GUTIERRE-MUÑOZ,05,05016,ARÉVALO,63
05092,HERNANSANCHO,05,05019,ÁVILA,140
05093,HERRADÓN DE PINARES,05,05019,ÁVILA,526
05094,HERREROS DE SUSO,05,05019,ÁVILA,141
05095,HIGUERA DE LAS DUEÑAS,05,05014,ARENAS DE SAN PEDRO,250
05096,LA HIJA DE DIOS,05,05019,ÁVILA,79
05097,LA HORCAJADA,05,05186,PIEDRAHITA,434
05099,HORCAJO DE LAS TORRES,05,05016,ARÉVALO,425
05100,EL HORNILLO,05,05014,ARENAS DE SAN PEDRO,263
05101,HOYOCASERO,05,05019,ÁVILA,294
05102,EL HOYO DE PINARES,05,05019,ÁVILA,2179
05103,HOYORREDONDO,05,05186,PIEDRAHITA,57
05104,HOYOS DEL COLLADO,05,05186,PIEDRAHITA,28
05105,HOYOS DEL ESPINO,05,05186,PIEDRAHITA,350
05106,HOYOS DE MIGUEL MUÑOZ,05,05186,PIEDRAHITA,24
05107,HURTUMPASCUAL,05,05019,ÁVILA,41
05108,JUNCIANA,05,05186,PIEDRAHITA,40
05109,LANGA,05,05016,ARÉVALO,441
05110,LANZAHÍTA,05,05014,ARENAS DE SAN PEDRO,771
05112,EL LOSAR DEL BARCO,05,05186,PIEDRAHITA,99
05113,LOS LLANOS DE TORMES,05,05186,PIEDRAHITA,57
05114,MADRIGAL DE LAS ALTAS TORRES,05,05016,ARÉVALO,1281
05115,MAELLO,05,05019,ÁVILA,713
05116,MALPARTIDA DE CORNEJA,05,05186,PIEDRAHITA,89
05117,MAMBLAS,05,05016,ARÉVALO,191
05118,MANCERA DE ARRIBA,05,05019,ÁVILA,66
05119,MANJABÁLAGO Y ORTIGOSA DE RIOALMAR,05,05019,ÁVILA,22
05120,MARLÍN,05,05019,ÁVILA,29
05121,MARTIHERRERO,05,05019,ÁVILA,372
05122,MARTÍNEZ,05,05186,PIEDRAHITA,109
05123,MEDIANA DE VOLTOYA,05,05019,ÁVILA,117
05124,MEDINILLA,05,05186,PIEDRAHITA,79
05125,MENGAMUÑOZ,05,05019,ÁVILA,60
05126,MESEGAR DE CORNEJA,05,05186,PIEDRAHITA,62
05127,MIJARES,05,05014,ARENAS DE SAN PEDRO,718
05128,MINGORRÍA,05,05019,ÁVILA,422
05129,EL MIRÓN,05,05186,PIEDRAHITA,93
05130,MIRONCILLO,05,05019,ÁVILA,110
05131,MIRUEÑA DE LOS INFANZONES,05,05019,ÁVILA,86
05132,MOMBELTRÁN,05,05014,ARENAS DE SAN PEDRO,922
05133,MONSALUPE,05,05019,ÁVILA,64
05134,MORALEJA DE MATACABRAS,05,05016,ARÉVALO,55
05135,MUÑANA,05,05019,ÁVILA,499
05136,MUÑICO,05,05019,ÁVILA,77
05138,MUÑOGALINDO,05,05019,ÁVILA,299
05139,MUÑOGRANDE,05,05019,ÁVILA,76
05140,MUÑOMER DEL PECO,05,05016,ARÉVALO,113
05141,MUÑOPEPE,05,05019,ÁVILA,95
05142,MUÑOSANCHO,05,05016,ARÉVALO,87
05143,MUÑOTELLO,05,05019,ÁVILA,50
05144,NARRILLOS DEL ALAMO,05,05186,PIEDRAHITA,56
05145,NARRILLOS DEL REBOLLAR,05,05019,ÁVILA,34
05147,NARROS DEL CASTILLO,05,05016,ARÉVALO,151
05148,NARROS DEL PUERTO,05,05019,ÁVILA,26
05149,NARROS DE SALDUEÑA,05,05016,ARÉVALO,102
05151,NAVACEPEDILLA DE CORNEJA,05,05186,PIEDRAHITA,99
05152,NAVA DE ARÉVALO,05,05016,ARÉVALO,647
05153,NAVA DEL BARCO,05,05186,PIEDRAHITA,81
05154,NAVADIJOS,05,05186,PIEDRAHITA,29
05155,NAVAESCURIAL,05,05186,PIEDRAHITA,54
05156,NAVAHONDILLA,05,05014,ARENAS DE SAN PEDRO,359
05157,NAVALACRUZ,05,05019,ÁVILA,192
05158,NAVALMORAL,05,05019,ÁVILA,445
05159,NAVALONGUILLA,05,05186,PIEDRAHITA,182
05160,NAVALOSA,05,05019,ÁVILA,314
05161,NAVALPERAL DE PINARES,05,05019,ÁVILA,840
05162,NAVALPERAL DE TORMES,05,05186,PIEDRAHITA,73
05163,NAVALUENGA,05,05019,ÁVILA,2135
05164,NAVAQUESERA,05,05019,ÁVILA,38
05165,NAVARREDONDA DE GREDOS,05,05186,PIEDRAHITA,451
05166,NAVARREDONDILLA,05,05019,ÁVILA,146
05167,NAVARREVISCA,05,05019,ÁVILA,281
05168,LAS NAVAS DEL MARQUÉS,05,05019,ÁVILA,5670
05169,NAVATALGORDO,05,05019,ÁVILA,230
05170,NAVATEJARES,05,05186,PIEDRAHITA,48
05171,NEILA DE SAN MIGUEL,05,05186,PIEDRAHITA,66
05172,NIHARRA,05,05019,ÁVILA,167
05173,OJOS-ALBOS,05,05019,ÁVILA,89
05174,ORBITA,05,05016,ARÉVALO,70
05175,EL OSO,05,05019,ÁVILA,125
05176,PADIERNOS,05,05019,ÁVILA,277
05177,PAJARES DE ADAJA,05,05016,ARÉVALO,123
05178,PALACIOS DE GODA,05,05016,ARÉVALO,396
05179,PAPATRIGO,05,05016,ARÉVALO,215
05180,EL PARRAL,05,05019,ÁVILA,64
05181,PASCUALCOBO,05,05186,PIEDRAHITA,38
05182,PEDRO BERNARDO,05,05014,ARENAS DE SAN PEDRO,743
05183,PEDRO-RODRÍGUEZ,05,05016,ARÉVALO,131
05184,PEGUERINOS,05,05019,ÁVILA,283
05185,PEÑALBA DE AVILA,05,05019,ÁVILA,104
05186,PIEDRAHÍTA,05,05186,PIEDRAHITA,1637
05187,PIEDRALAVES,05,05014,ARENAS DE SAN PEDRO,2183
05188,POVEDA,05,05019,ÁVILA,30
05189,POYALES DEL HOYO,05,05014,ARENAS DE SAN PEDRO,498
05190,POZANCO,05,05019,ÁVILA,57
05191,PRADOSEGAR,05,05019,ÁVILA,109
05192,PUERTO CASTILLA,05,05186,PIEDRAHITA,99
05193,RASUEROS,05,05016,ARÉVALO,150
05194,RIOCABADO,05,05019,ÁVILA,129
05195,RIOFRÍO,05,05019,ÁVILA,188
05196,RIVILLA DE BARAJAS,05,05016,ARÉVALO,59
05197,SALOBRAL,05,05019,ÁVILA,109
05198,SALVADIÓS,05,05016,ARÉVALO,67
05199,SAN BARTOLOMÉ DE BÉJAR,05,05186,PIEDRAHITA,44
05200,SAN BARTOLOMÉ DE CORNEJA,05,05186,PIEDRAHITA,32
05201,SAN BARTOLOMÉ DE PINARES,05,05019,ÁVILA,479
05204,SANCHIDRIÁN,05,05019,ÁVILA,720
05205,SANCHORREJA,05,05019,ÁVILA,77
05206,SAN ESTEBAN DE LOS PATOS,05,05019,ÁVILA,19
05207,SAN ESTEBAN DEL VALLE,05,05014,ARENAS DE SAN PEDRO,735
05208,SAN ESTEBAN DE ZAPARDIEL,05,05016,ARÉVALO,40
05209,SAN GARCÍA DE INGELMOS,05,05019,ÁVILA,64
05210,SAN JUAN DE LA ENCINILLA,05,05019,ÁVILA,70
05211,SAN JUAN DE LA NAVA,05,05019,ÁVILA,422
05212,SAN JUAN DEL MOLINILLO,05,05019,ÁVILA,238
05213,SAN JUAN DEL OLMO,05,05019,ÁVILA,73
05214,SAN LORENZO DE TORMES,05,05186,PIEDRAHITA,32
05215,SAN MARTÍN DE LA VEGA DEL ALBERCHE,05,05186,PIEDRAHITA,163
05216,SAN MARTÍN DEL PIMPOLLAR,05,05186,PIEDRAHITA,221
05217,SAN MIGUEL DE CORNEJA,05,05186,PIEDRAHITA,65
05218,SAN MIGUEL DE SERREZUELA,05,05186,PIEDRAHITA,103
05219,SAN PASCUAL,05,05016,ARÉVALO,44
05220,SAN PEDRO DEL ARROYO,05,05019,ÁVILA,516
05221,SANTA CRUZ DEL VALLE,05,05014,ARENAS DE SAN PEDRO,295
05222,SANTA CRUZ DE PINARES,05,05019,ÁVILA,169
05224,SANTA MARÍA DEL ARROYO,05,05019,ÁVILA,103
05225,SANTA MARÍA DEL BERROCAL,05,05186,PIEDRAHITA,372
05226,SANTA MARÍA DE LOS CABALLEROS,05,05186,PIEDRAHITA,53
05227,SANTA MARÍA DEL TIÉTAR,05,05014,ARENAS DE SAN PEDRO,582
05228,SANTIAGO DEL COLLADO,05,05186,PIEDRAHITA,161
05229,SANTO DOMINGO DE LAS POSADAS,05,05019,ÁVILA,71
05230,SANTO TOMÉ DE ZABARCOS,05,05019,ÁVILA,70
05231,SAN VICENTE DE ARÉVALO,05,05016,ARÉVALO,171
05232,LA SERRADA,05,05019,ÁVILA,132
05233,SERRANILLOS,05,05019,ÁVILA,247
05234,SIGERES,05,05019,ÁVILA,41
05235,SINLABAJOS,05,05016,ARÉVALO,134
05236,SOLANA DE AVILA,05,05186,PIEDRAHITA,95
05237,SOLANA DE RIOALMAR,05,05019,ÁVILA,141
05238,SOLOSANCHO,05,05019,ÁVILA,750
05239,SOTALBO,05,05019,ÁVILA,234
05240,SOTILLO DE LA ADRADA,05,05014,ARENAS DE SAN PEDRO,5081
05241,EL TIEMBLO,05,05019,ÁVILA,4582
05242,TIÑOSILLOS,05,05016,ARÉVALO,732
05243,TOLBAÑOS,05,05019,ÁVILA,87
05244,TORMELLAS,05,05186,PIEDRAHITA,35
05245,TORNADIZOS DE AVILA,05,05019,ÁVILA,458
05246,TÓRTOLES,05,05186,PIEDRAHITA,37
05247,LA TORRE,05,05019,ÁVILA,209
05249,UMBRÍAS,05,05186,PIEDRAHITA,100
05251,VADILLO DE LA SIERRA,05,05019,ÁVILA,50
05252,VALDECASA,05,05019,ÁVILA,54
05253,VEGA DE SANTA MARÍA,05,05019,ÁVILA,88
05254,VELAYOS,05,05019,ÁVILA,203
05256,VILLAFLOR,05,05019,ÁVILA,100
05257,VILLAFRANCA DE LA SIERRA,05,05186,PIEDRAHITA,128
05258,VILLANUEVA DE GÓMEZ,05,05016,ARÉVALO,119
05259,VILLANUEVA DEL ACERAL,05,05016,ARÉVALO,86
05260,VILLANUEVA DEL CAMPILLO,05,05186,PIEDRAHITA,107
05261,VILLAR DE CORNEJA,05,05186,PIEDRAHITA,31
05262,VILLAREJO DEL VALLE,05,05014,ARENAS DE SAN PEDRO,304
05263,VILLATORO,05,05019,ÁVILA,150
05264,VIÑEGRA DE MORAÑA,05,05016,ARÉVALO,49
05265,VITA,05,05019,ÁVILA,81
05266,ZAPARDIEL DE LA CAÑADA,05,05186,PIEDRAHITA,83
05267,ZAPARDIEL DE LA RIBERA,05,05186,PIEDRAHITA,90
05901,SAN JUAN DE GREDOS,05,05186,PIEDRAHITA,219
05902,SANTA MARÍA DEL CUBILLO,05,05019,ÁVILA,308
05903,DIEGO DEL CARPIO,05,05186,PIEDRAHITA,107
05904,SANTIAGO DEL TORMES,05,05186,PIEDRAHITA,104
05905,VILLANUEVA DE AVILA,05,05019,ÁVILA,202
06001,ACEDERA,06,06153,VILLANUEVA DE LA SERENA,815
06002,ACEUCHAL,06,06011,ALMENDRALEJO,5307
06003,AHILLONES,06,06074,LLERENA,793
06004,ALANGE,06,06083,MÉRIDA,1802
06005,LA ALBUERA,06,06015,BADAJOZ,1995
06006,ALBURQUERQUE,06,06015,BADAJOZ,4928
06007,ALCONCHEL,06,06095,OLIVENZA,1592
06008,ALCONERA,06,06158,ZAFRA,748
06009,ALJUCÉN,06,06083,MÉRIDA,252
06010,ALMENDRAL,06,06095,OLIVENZA,1202
06011,ALMENDRALEJO,06,06011,ALMENDRALEJO,34587
06012,ARROYO DE SAN SERVÁN,06,06088,MONTIJO,4001
06013,ATALAYA,06,06158,ZAFRA,258
06014,AZUAGA,06,06074,LLERENA,7587
06015,BADAJOZ,06,06015,BADAJOZ,150209
06016,BARCARROTA,06,06070,JEREZ DE LOS CABALLEROS,3456
06017,BATERNO,06,06063,HERRERA DEL DUQUE,231
06018,BENQUERENCIA DE LA SERENA,06,06036,CASTUERA,771
06019,BERLANGA,06,06074,LLERENA,2171
06020,BIENVENIDA,06,06158,ZAFRA,1999
06021,BODONAL DE LA SIERRA,06,06050,FREGENAL DE LA SIERRA,982
06022,BURGUILLOS DEL CERRO,06,06158,ZAFRA,2940
06023,CABEZA DEL BUEY,06,06036,CASTUERA,4489
06024,CABEZA LA VACA,06,06050,FREGENAL DE LA SIERRA,1257
06025,CALAMONTE,06,06083,MÉRIDA,6104
06026,CALERA DE LEÓN,06,06158,ZAFRA,912
06027,CALZADILLA DE LOS BARROS,06,06158,ZAFRA,679
06028,CAMPANARIO,06,06153,VILLANUEVA DE LA SERENA,4702
06029,CAMPILLO DE LLERENA,06,06074,LLERENA,1321
06030,CAPILLA,06,06036,CASTUERA,142
06031,CARMONITA,06,06083,MÉRIDA,514
06032,EL CARRASCALEJO,06,06083,MÉRIDA,80
06033,CASAS DE DON PEDRO,06,06063,HERRERA DEL DUQUE,1375
06034,CASAS DE REINA,06,06074,LLERENA,200
06035,CASTILBLANCO,06,06063,HERRERA DEL DUQUE,820
06036,CASTUERA,06,06036,CASTUERA,5457
06037,LA CODOSERA,06,06015,BADAJOZ,1983
06038,CORDOBILLA DE LÁCARA,06,06088,MONTIJO,815
06039,LA CORONADA,06,06153,VILLANUEVA DE LA SERENA,2136
06040,CORTE DE PELEAS,06,06011,ALMENDRALEJO,1153
06041,CRISTINA,06,06044,DON BENITO,549
06042,CHELES,06,06095,OLIVENZA,1175
06043,DON ÁLVARO,06,06083,MÉRIDA,841
06044,DON BENITO,06,06044,DON BENITO,37986
06045,ENTRÍN BAJO,06,06011,ALMENDRALEJO,548
06046,ESPARRAGALEJO,06,06083,MÉRIDA,1506
06047,ESPARRAGOSA DE LA SERENA,06,06036,CASTUERA,912
06048,ESPARRAGOSA DE LARES,06,06063,HERRERA DEL DUQUE,839
06049,FERIA,06,06158,ZAFRA,1054
06050,FREGENAL DE LA SIERRA,06,06050,FREGENAL DE LA SIERRA,4715
06051,FUENLABRADA DE LOS MONTES,06,06063,HERRERA DEL DUQUE,1693
06052,FUENTE DE CANTOS,06,06158,ZAFRA,4583
06053,FUENTE DEL ARCO,06,06074,LLERENA,648
06054,FUENTE DEL MAESTRE,06,06149,VILLAFRANCA DE LOS BARROS,6499
06055,FUENTES DE LEÓN,06,06050,FREGENAL DE LA SIERRA,2118
06056,GARBAYUELA,06,06063,HERRERA DEL DUQUE,450
06057,GARLITOS,06,06063,HERRERA DEL DUQUE,510
06058,LA GARROVILLA,06,06088,MONTIJO,2310
06059,GRANJA DE TORREHERMOSA,06,06074,LLERENA,1913
06060,GUAREÑA,06,06044,DON BENITO,6665
06061,LA HABA,06,06153,VILLANUEVA DE LA SERENA,1184
06062,HELECHOSA DE LOS MONTES,06,06063,HERRERA DEL DUQUE,556
06063,HERRERA DEL DUQUE,06,06063,HERRERA DEL DUQUE,3385
06064,HIGUERA DE LA SERENA,06,06036,CASTUERA,881
06065,HIGUERA DE LLERENA,06,06074,LLERENA,343
06066,HIGUERA DE VARGAS,06,06095,OLIVENZA,1830
06067,HIGUERA LA REAL,06,06050,FREGENAL DE LA SIERRA,2186
06068,HINOJOSA DEL VALLE,06,06149,VILLAFRANCA DE LOS BARROS,472
06069,HORNACHOS,06,06149,VILLAFRANCA DE LOS BARROS,3375
06070,JEREZ DE LOS CABALLEROS,06,06070,JEREZ DE LOS CABALLEROS,9095
06071,LA LAPA,06,06158,ZAFRA,298
06072,LOBÓN,06,06088,MONTIJO,2756
06073,LLERA,06,06074,LLERENA,781
06074,LLERENA,06,06074,LLERENA,5642
06075,MAGACELA,06,06153,VILLANUEVA DE LA SERENA,502
06076,MAGUILLA,06,06074,LLERENA,919
06077,MALCOCINADO,06,06074,LLERENA,343
06078,MALPARTIDA DE LA SERENA,06,06036,CASTUERA,508
06079,MANCHITA,06,06044,DON BENITO,741
06080,MEDELLÍN,06,06044,DON BENITO,2241
06081,MEDINA DE LAS TORRES,06,06158,ZAFRA,1160
06082,MENGABRIL,06,06044,DON BENITO,504
06083,MÉRIDA,06,06083,MÉRIDA,60225
06084,MIRANDILLA,06,06083,MÉRIDA,1232
06085,MONESTERIO,06,06158,ZAFRA,4245
06086,MONTEMOLÍN,06,06158,ZAFRA,1231
06087,MONTERRUBIO DE LA SERENA,06,06036,CASTUERA,2157
06088,MONTIJO,06,06088,MONTIJO,15198
06089,LA MORERA,06,06158,ZAFRA,698
06090,LA NAVA DE SANTIAGO,06,06088,MONTIJO,914
06091,NAVALVILLAR DE PELA,06,06153,VILLANUEVA DE LA SERENA,4303
06092,NOGALES,06,06011,ALMENDRALEJO,632
06093,OLIVA DE LA FRONTERA,06,06070,JEREZ DE LOS CABALLEROS,4907
06094,OLIVA DE MÉRIDA,06,06083,MÉRIDA,1660
06095,OLIVENZA,06,06095,OLIVENZA,11789
06096,ORELLANA DE LA SIERRA,06,06153,VILLANUEVA DE LA SERENA,250
06097,ORELLANA LA VIEJA,06,06153,VILLANUEVA DE LA SERENA,2580
06098,PALOMAS,06,06149,VILLAFRANCA DE LOS BARROS,651
06099,LA PARRA,06,06158,ZAFRA,1297
06100,PEÑALSORDO,06,06036,CASTUERA,805
06101,PERALEDA DEL ZAUCEJO,06,06036,CASTUERA,465
06102,PUEBLA DE ALCOCER,06,06063,HERRERA DEL DUQUE,1091
06103,PUEBLA DE LA CALZADA,06,06088,MONTIJO,5815
06104,PUEBLA DE LA REINA,06,06149,VILLAFRANCA DE LOS BARROS,689
06105,PUEBLA DEL MAESTRE,06,06074,LLERENA,653
06106,PUEBLA DEL PRIOR,06,06149,VILLAFRANCA DE LOS BARROS,462
06107,PUEBLA DE OBANDO,06,06088,MONTIJO,1809
06108,PUEBLA DE SANCHO PÉREZ,06,06158,ZAFRA,2634
06109,QUINTANA DE LA SERENA,06,06036,CASTUERA,4429
06110,REINA,06,06074,LLERENA,144
06111,RENA,06,06044,DON BENITO,605
06112,RETAMAL DE LLERENA,06,06074,LLERENA,428
06113,RIBERA DEL FRESNO,06,06149,VILLAFRANCA DE LOS BARROS,3130
06114,RISCO,06,06063,HERRERA DEL DUQUE,126
06115,LA ROCA DE LA SIERRA,06,06088,MONTIJO,1454
06116,SALVALEÓN,06,06070,JEREZ DE LOS CABALLEROS,1645
06117,SALVATIERRA DE LOS BARROS,06,06070,JEREZ DE LOS CABALLEROS,1546
06118,SANCTI-SPÍRITUS,06,06063,HERRERA DEL DUQUE,141
06119,SAN PEDRO DE MÉRIDA,06,06083,MÉRIDA,859
06120,SANTA AMALIA,06,06044,DON BENITO,3881
06121,SANTA MARTA,06,06011,ALMENDRALEJO,4201
06122,LOS SANTOS DE MAIMONA,06,06158,ZAFRA,8088
06123,SAN VICENTE DE ALCÁNTARA,06,06015,BADAJOZ,5227
06124,SEGURA DE LEÓN,06,06050,FREGENAL DE LA SIERRA,1758
06125,SIRUELA,06,06063,HERRERA DEL DUQUE,1766
06126,SOLANA DE LOS BARROS,06,06011,ALMENDRALEJO,2522
06127,TALARRUBIAS,06,06063,HERRERA DEL DUQUE,3251
06128,TALAVERA LA REAL,06,06015,BADAJOZ,5288
06129,TÁLIGA,06,06095,OLIVENZA,650
06130,TAMUREJO,06,06063,HERRERA DEL DUQUE,190
06131,TORRE DE MIGUEL SESMERO,06,06095,OLIVENZA,1234
06132,TORREMAYOR,06,06088,MONTIJO,992
06133,TORREMEJÍA,06,06083,MÉRIDA,2238
06134,TRASIERRA,06,06074,LLERENA,590
06135,TRUJILLANOS,06,06083,MÉRIDA,1397
06136,USAGRE,06,06074,LLERENA,1698
06137,VALDECABALLEROS,06,06063,HERRERA DEL DUQUE,1036
06138,VALDETORRES,06,06044,DON BENITO,1105
06139,VALENCIA DE LAS TORRES,06,06074,LLERENA,486
06140,VALENCIA DEL MOMBUEY,06,06070,JEREZ DE LOS CABALLEROS,703
06141,VALENCIA DEL VENTOSO,06,06158,ZAFRA,1870
06142,VALVERDE DE BURGUILLOS,06,06050,FREGENAL DE LA SIERRA,260
06143,VALVERDE DE LEGANÉS,06,06095,OLIVENZA,4230
06144,VALVERDE DE LLERENA,06,06074,LLERENA,560
06145,VALVERDE DE MÉRIDA,06,06083,MÉRIDA,1002
06146,VALLE DE LA SERENA,06,06036,CASTUERA,1075
06147,VALLE DE MATAMOROS,06,06070,JEREZ DE LOS CABALLEROS,337
06148,VALLE DE SANTA ANA,06,06070,JEREZ DE LOS CABALLEROS,1090
06149,VILLAFRANCA DE LOS BARROS,06,06149,VILLAFRANCA DE LOS BARROS,12284
06150,VILLAGARCÍA DE LA TORRE,06,06074,LLERENA,909
06151,VILLAGONZALO,06,06083,MÉRIDA,1226
06152,VILLALBA DE LOS BARROS,06,06011,ALMENDRALEJO,1429
06153,VILLANUEVA DE LA SERENA,06,06153,VILLANUEVA DE LA SERENA,25773
06154,VILLANUEVA DEL FRESNO,06,06095,OLIVENZA,3247
06155,VILLAR DEL REY,06,06015,BADAJOZ,2064
06156,VILLAR DE RENA,06,06153,VILLANUEVA DE LA SERENA,1326
06157,VILLARTA DE LOS MONTES,06,06063,HERRERA DEL DUQUE,375
06158,ZAFRA,06,06158,ZAFRA,16735
06159,ZAHÍNOS,06,06070,JEREZ DE LOS CABALLEROS,2766
06160,ZALAMEA DE LA SERENA,06,06036,CASTUERA,3371
06161,ZARZA-CAPILLA,06,06036,CASTUERA,295
06162,LA ZARZA,06,06083,MÉRIDA,3339
06901,VALDELACALZADA,06,06015,BADAJOZ,2743
06902,PUEBLONUEVO DEL GUADIANA,06,06015,BADAJOZ,1955
06903,GUADIANA,06,06015,BADAJOZ,2444
07001,ALARÓ,07,07027,INCA,6121
07002,ALAIOR,07,07032,MAÓ,10217
07003,ALCÚDIA,07,07027,INCA,21907
07004,ALGAIDA,07,07040,PALMA,6357
07005,ANDRATX,07,07040,PALMA,12195
07006,ARTÀ,07,07033,MANACOR,8629
07007,BANYALBUFAR,07,07040,PALMA,573
07008,BINISSALEM,07,07027,INCA,9350
07009,BÚGER,07,07027,INCA,1215
07010,BUNYOLA,07,07040,PALMA,7642
07011,CALVIÀ,07,07040,PALMA,53793
07012,CAMPANET,07,07027,INCA,2859
07013,CAMPOS,07,07033,MANACOR,12485
07014,CAPDEPERA,07,07033,MANACOR,13135
07015,CIUTADELLA DE MENORCA,07,07015,CIUTADELLA DE MENORCA,32431
07016,CONSELL,07,07027,INCA,4521
07017,COSTITX,07,07027,INCA,1591
07018,DEIÀ,07,07040,PALMA,741
07019,ESCORCA,07,07027,INCA,199
07020,ESPORLES,07,07040,PALMA,5264
07021,ESTELLENCS,07,07040,PALMA,369
07022,FELANITX,07,07033,MANACOR,19146
07023,FERRERIES,07,07015,CIUTADELLA DE MENORCA,5170
07024,FORMENTERA,07,07026,EIVISSA,11661
07025,FORNALUTX,07,07040,PALMA,743
07026,EIVISSA,07,07026,EIVISSA,55337
07027,INCA,07,07027,INCA,36262
07028,LLORET DE VISTALEGRE,07,07027,INCA,1691
07029,LLOSETA,07,07027,INCA,6463
07030,LLUBÍ,07,07027,INCA,2589
07031,LLUCMAJOR,07,07040,PALMA,40502
07032,MAÓ,07,07032,MAÓ,30666
07033,MANACOR,07,07033,MANACOR,49153
07034,MANCOR DE LA VALL,07,07027,INCA,1692
07035,MARIA DE LA SALUT,07,07027,INCA,2461
07036,MARRATXÍ,07,07040,PALMA,40422
07037,ES MERCADAL,07,07015,CIUTADELLA DE MENORCA,6459
07038,MONTUÏRI,07,07033,MANACOR,3289
07039,MURO,07,07027,INCA,8398
07040,PALMA,07,07040,PALMA,434786
07041,PETRA,07,07033,MANACOR,3231
07042,POLLENÇA,07,07027,INCA,17807
07043,PORRERES,07,07033,MANACOR,5892
07044,SA POBLA,07,07027,INCA,14990
07045,PUIGPUNYENT,07,07040,PALMA,2049
07046,SANT ANTONI DE PORTMANY,07,07026,EIVISSA,29132
07047,SENCELLES,07,07027,INCA,3973
07048,SANT JOSEP DE SA TALAIA,07,07026,EIVISSA,29761
07049,SANT JOAN,07,07033,MANACOR,2336
07050,SANT JOAN DE LABRITJA,07,07026,EIVISSA,7046
07051,SANT LLORENÇ DES CARDASSAR,07,07033,MANACOR,9231
07052,SANT LLUÍS,07,07032,MAÓ,7312
07053,SANTA EUGÈNIA,07,07040,PALMA,1902
07054,SANTA EULÀRIA DES RIU,07,07026,EIVISSA,42479
07055,SANTA MARGALIDA,07,07027,INCA,14056
07056,SANTA MARÍA DEL CAMÍ,07,07040,PALMA,7744
07057,SANTANYÍ,07,07033,MANACOR,13067
07058,SELVA,07,07027,INCA,4326
07059,SES SALINES,07,07033,MANACOR,5248
07060,SINEU,07,07027,INCA,4537
07061,SÓLLER,07,07040,PALMA,13882
07062,SON SERVERA,07,07033,MANACOR,12417
07063,VALLDEMOSSA,07,07040,PALMA,2038
07064,ES CASTELL,07,07032,MAÓ,7774
07065,VILAFRANCA DE BONANY,07,07033,MANACOR,3929
07901,ARIANY,07,07033,MANACOR,1072
07902,ES MIGJORN GRAN,07,07015,CIUTADELLA DE MENORCA,1765
08001,ABRERA,08,08114,MARTORELL,13227
08002,AGUILAR DE SEGARRA,08,08113,MANRESA,292
08003,ALELLA,08,08121,MATARÓ,10262
08004,ALPENS,08,08298,VIC,267
08005,L'AMETLLA DEL VALLÈS,08,08096,GRANOLLERS,9474
08006,ARENYS DE MAR,08,08006,ARENYS DE MAR,17042
08007,ARENYS DE MUNT,08,08006,ARENYS DE MAR,9558
08008,ARGENÇOLA,08,08102,IGUALADA,245
08009,ARGENTONA,08,08121,MATARÓ,12891
08010,ARTÉS,08,08113,MANRESA,6225
08011,AVIÀ,08,08022,BERGA,2267
08012,AVINYÓ,08,08113,MANRESA,2322
08013,AVINYONET DEL PENEDÈS,08,08305,VILAFRANCA DEL PENEDÈS,1782
08014,AIGUAFREDA,08,08096,GRANOLLERS,2569
08015,BADALONA,08,08015,BADALONA,231542
08016,BAGÀ,08,08022,BERGA,2161
08017,BALENYÀ,08,08298,VIC,4021
08018,BALSARENY,08,08113,MANRESA,3380
08019,BARCELONA,08,08019,BARCELONA,1731649
08020,BEGUES,08,08089,GAVÀ,7561
08021,BELLPRAT,08,08102,IGUALADA,69
08022,BERGA,08,08022,BERGA,17473
08023,BIGUES I RIELLS DEL FAI,08,08096,GRANOLLERS,10139
08024,BORREDÀ,08,08022,BERGA,433
08025,EL BRUC,08,08102,IGUALADA,2290
08026,EL BRULL,08,08298,VIC,296
08027,LES CABANYES,08,08305,VILAFRANCA DEL PENEDÈS,1060
08028,CABRERA D'ANOIA,08,08102,IGUALADA,1772
08029,CABRERA DE MAR,08,08121,MATARÓ,5045
08030,CABRILS,08,08121,MATARÓ,7765
08031,CALAF,08,08102,IGUALADA,3644
08032,CALDES D'ESTRAC,08,08121,MATARÓ,3356
08033,CALDES DE MONTBUI,08,08096,GRANOLLERS,18567
08034,CALDERS,08,08113,MANRESA,1122
08035,CALELLA,08,08006,ARENYS DE MAR,20864
08036,CALONGE DE SEGARRA,08,08102,IGUALADA,179
08037,CALLDETENES,08,08298,VIC,2733
08038,CALLÚS,08,08113,MANRESA,2180
08039,CAMPINS,08,08096,GRANOLLERS,586
08040,CANET DE MAR,08,08006,ARENYS DE MAR,15198
08041,CANOVELLES,08,08096,GRANOLLERS,17473
08042,CÀNOVES I SAMALÚS,08,08096,GRANOLLERS,3399
08043,CANYELLES,08,08307,VILANOVA I LA GELTRÚ,5505
08044,CAPELLADES,08,08102,IGUALADA,5608
08045,CAPOLAT,08,08022,BERGA,93
08046,CARDEDEU,08,08096,GRANOLLERS,19046
08047,CARDONA,08,08113,MANRESA,4553
08048,CARME,08,08102,IGUALADA,847
08049,CASSERRES,08,08022,BERGA,1660
08050,CASTELLAR DEL RIU,08,08022,BERGA,151
08051,CASTELLAR DEL VALLÈS,08,08187,SABADELL,25422
08052,CASTELLAR DE N'HUG,08,08022,BERGA,166
08053,CASTELLBELL I EL VILAR,08,08113,MANRESA,4159
08054,CASTELLBISBAL,08,08184,RUBÍ,13061
08055,CASTELLCIR,08,08298,VIC,804
08056,CASTELLDEFELS,08,08089,GAVÀ,70057
08057,CASTELL DE L'ARENY,08,08022,BERGA,68
08058,CASTELLET I LA GORNAL,08,08307,VILANOVA I LA GELTRÚ,2776
08059,CASTELLFOLLIT DEL BOIX,08,08113,MANRESA,467
08060,CASTELLFOLLIT DE RIUBREGÓS,08,08102,IGUALADA,153
08061,CASTELLGALÍ,08,08113,MANRESA,2413
08062,CASTELLNOU DE BAGES,08,08113,MANRESA,1473
08063,CASTELLOLÍ,08,08102,IGUALADA,669
08064,CASTELLTERÇOL,08,08096,GRANOLLERS,2754
08065,CASTELLVÍ DE LA MARCA,08,08305,VILAFRANCA DEL PENEDÈS,1721
08066,CASTELLVÍ DE ROSANES,08,08114,MARTORELL,2171
08067,CENTELLES,08,08298,VIC,7864
08068,CERVELLÓ,08,08211,SANT FELIU DE LLOBREGAT,9743
08069,COLLBATÓ,08,08114,MARTORELL,4828
08070,COLLSUSPINA,08,08298,VIC,391
08071,COPONS,08,08102,IGUALADA,352
08072,CORBERA DE LLOBREGAT,08,08211,SANT FELIU DE LLOBREGAT,16010
08073,CORNELLÀ DE LLOBREGAT,08,08073,CORNELLÀ DE LLOBREGAT,92237
08074,CUBELLES,08,08307,VILANOVA I LA GELTRÚ,17673
08075,DOSRIUS,08,08121,MATARÓ,6287
08076,ESPARREGUERA,08,08114,MARTORELL,22665
08077,ESPLUGUES DE LLOBREGAT,08,08077,ESPLUGUES DE LLOBREGAT,48221
08078,L'ESPUNYOLA,08,08022,BERGA,260
08079,L'ESTANY,08,08113,MANRESA,390
08080,FÍGOLS,08,08022,BERGA,40
08081,FOGARS DE MONTCLÚS,08,08096,GRANOLLERS,494
08082,FOGARS DE LA SELVA,08,08006,ARENYS DE MAR,1704
08083,FOLGUEROLES,08,08298,VIC,2262
08084,FONOLLOSA,08,08113,MANRESA,1570
08085,FONT-RUBÍ,08,08305,VILAFRANCA DEL PENEDÈS,1441
08086,LES FRANQUESES DEL VALLÈS,08,08096,GRANOLLERS,20881
08087,GALLIFA,08,08187,SABADELL,171
08088,LA GARRIGA,08,08096,GRANOLLERS,17426
08089,GAVÀ,08,08089,GAVÀ,48243
08090,GAIÀ,08,08113,MANRESA,172
08091,GELIDA,08,08305,VILAFRANCA DEL PENEDÈS,8198
08092,GIRONELLA,08,08022,BERGA,5083
08093,GISCLARENY,08,08022,BERGA,28
08094,LA GRANADA,08,08305,VILAFRANCA DEL PENEDÈS,2287
08095,GRANERA,08,08096,GRANOLLERS,84
08096,GRANOLLERS,08,08096,GRANOLLERS,65341
08097,GUALBA,08,08096,GRANOLLERS,1766
08098,SANT SALVADOR DE GUARDIOLA,08,08113,MANRESA,3612
08099,GUARDIOLA DE BERGUEDÀ,08,08022,BERGA,964
08100,GURB,08,08298,VIC,2741
08101,L'HOSPITALET DE LLOBREGAT,08,08101,L'HOSPITALET DE LLOBREGAT,289510
08102,IGUALADA,08,08102,IGUALADA,42085
08103,JORBA,08,08102,IGUALADA,850
08104,LA LLACUNA,08,08102,IGUALADA,959
08105,LA LLAGOSTA,08,08124,MOLLET DEL VALLÈS,13280
08106,LLINARS DEL VALLÈS,08,08096,GRANOLLERS,10956
08107,LLIÇÀ D'AMUNT,08,08096,GRANOLLERS,16540
08108,LLIÇÀ DE VALL,08,08096,GRANOLLERS,6903
08109,LLUÇÀ,08,08298,VIC,281
08110,MALGRAT DE MAR,08,08006,ARENYS DE MAR,19714
08111,MALLA,08,08298,VIC,285
08112,MANLLEU,08,08298,VIC,21425
08113,MANRESA,08,08113,MANRESA,80974
08114,MARTORELL,08,08114,MARTORELL,29175
08115,MARTORELLES,08,08124,MOLLET DEL VALLÈS,4992
08116,LES MASIES DE RODA,08,08298,VIC,758
08117,LES MASIES DE VOLTREGÀ,08,08298,VIC,3345
08118,EL MASNOU,08,08121,MATARÓ,24761
08119,MASQUEFA,08,08114,MARTORELL,10120
08120,MATADEPERA,08,08279,TERRASSA,9776
08121,MATARÓ,08,08121,MATARÓ,131683
08122,MEDIONA,08,08305,VILAFRANCA DEL PENEDÈS,2658
08123,MOLINS DE REI,08,08211,SANT FELIU DE LLOBREGAT,27300
08124,MOLLET DEL VALLÈS,08,08124,MOLLET DEL VALLÈS,52990
08125,MONTCADA I REIXAC,08,08266,CERDANYOLA DEL VALLÈS,37460
08126,MONTGAT,08,08015,BADALONA,12879
08127,MONISTROL DE MONTSERRAT,08,08113,MANRESA,3250
08128,MONISTROL DE CALDERS,08,08113,MANRESA,764
08129,MUNTANYOLA,08,08298,VIC,697
08130,MONTCLAR,08,08022,BERGA,132
08131,MONTESQUIU,08,08298,VIC,1131
08132,MONTMAJOR,08,08022,BERGA,473
08133,MONTMANEU,08,08102,IGUALADA,181
08134,FIGARÓ-MONTMANY,08,08096,GRANOLLERS,1195
08135,MONTMELÓ,08,08124,MOLLET DEL VALLÈS,8886
08136,MONTORNÈS DEL VALLÈS,08,08096,GRANOLLERS,17102
08137,MONTSENY,08,08096,GRANOLLERS,388
08138,MOIÀ,08,08113,MANRESA,6828
08139,MURA,08,08113,MANRESA,235
08140,NAVARCLES,08,08113,MANRESA,6276
08141,NAVÀS,08,08113,MANRESA,6238
08142,LA NOU DE BERGUEDÀ,08,08022,BERGA,163
08143,ODENA,08,08102,IGUALADA,3760
08144,OLVAN,08,08022,BERGA,924
08145,OLÈRDOLA,08,08305,VILAFRANCA DEL PENEDÈS,3945
08146,OLESA DE BONESVALLS,08,08305,VILAFRANCA DEL PENEDÈS,2135
08147,OLESA DE MONTSERRAT,08,08114,MARTORELL,24966
08148,OLIVELLA,08,08307,VILANOVA I LA GELTRÚ,4435
08149,OLOST,08,08298,VIC,1209
08150,ORÍS,08,08298,VIC,355
08151,ORISTÀ,08,08298,VIC,555
08152,ORPÍ,08,08102,IGUALADA,175
08153,ORRIUS,08,08121,MATARÓ,812
08154,PACS DEL PENEDÈS,08,08305,VILAFRANCA DEL PENEDÈS,932
08155,PALAFOLLS,08,08006,ARENYS DE MAR,10038
08156,PALAU-SOLITÀ I PLEGAMANS,08,08187,SABADELL,15614
08157,PALLEJÀ,08,08211,SANT FELIU DE LLOBREGAT,12006
08158,EL PAPIOL,08,08211,SANT FELIU DE LLOBREGAT,4404
08159,PARETS DEL VALLÈS,08,08124,MOLLET DEL VALLÈS,18885
08160,PERAFITA,08,08298,VIC,433
08161,PIERA,08,08102,IGUALADA,17880
08162,ELS HOSTALETS DE PIEROLA,08,08102,IGUALADA,3258
08163,PINEDA DE MAR,08,08006,ARENYS DE MAR,30108
08164,EL PLA DEL PENEDÈS,08,08305,VILAFRANCA DEL PENEDÈS,1393
08165,LA POBLA DE CLARAMUNT,08,08102,IGUALADA,2350
08166,LA POBLA DE LILLET,08,08022,BERGA,1105
08167,POLINYÀ,08,08187,SABADELL,8581
08168,PONTONS,08,08305,VILAFRANCA DEL PENEDÈS,516
08169,EL PRAT DE LLOBREGAT,08,08169,EL PRAT DE LLOBREGAT,66338
08170,ELS PRATS DE REI,08,08102,IGUALADA,554
08171,PRATS DE LLUÇANÈS,08,08298,VIC,2761
08172,PREMIÀ DE MAR,08,08121,MATARÓ,29431
08174,PUIGDÀLBER,08,08305,VILAFRANCA DEL PENEDÈS,621
08175,PUIG-REIG,08,08022,BERGA,4565
08176,PUJALT,08,08102,IGUALADA,204
08177,LA QUAR,08,08022,BERGA,41
08178,RAJADELL,08,08113,MANRESA,597
08179,RELLINARS,08,08279,TERRASSA,926
08180,RIPOLLET,08,08266,CERDANYOLA DEL VALLÈS,39897
08181,LA ROCA DEL VALLÈS,08,08096,GRANOLLERS,11014
08182,EL PONT DE VILOMARA I ROCAFORT,08,08113,MANRESA,4193
08183,RODA DE TER,08,08298,VIC,6937
08184,RUBÍ,08,08184,RUBÍ,82823
08185,RUBIÓ,08,08102,IGUALADA,225
08187,SABADELL,08,08187,SABADELL,225368
08188,SAGÀS,08,08022,BERGA,154
08189,SANT PERE SALLAVINERA,08,08102,IGUALADA,177
08190,SALDES,08,08022,BERGA,302
08191,SALLENT,08,08113,MANRESA,7030
08192,SANTPEDOR,08,08113,MANRESA,7744
08193,SANT ISCLE DE VALLALTA,08,08006,ARENYS DE MAR,1477
08194,SANT ADRIÀ DE BESÒS,08,08015,BADALONA,39323
08195,SANT AGUSTÍ DE LLUÇANÈS,08,08298,VIC,106
08196,SANT ANDREU DE LA BARCA,08,08114,MARTORELL,27094
08197,SANT ANDREU DE LLAVANERES,08,08121,MATARÓ,11938
08198,SANT ANTONI DE VILAMAJOR,08,08096,GRANOLLERS,6724
08199,SANT BARTOMEU DEL GRAU,08,08298,VIC,933
08200,SANT BOI DE LLOBREGAT,08,08200,SANT BOI DE LLOBREGAT,85610
08201,SANT BOI DE LLUÇANÈS,08,08298,VIC,602
08202,SANT CELONI,08,08096,GRANOLLERS,18977
08203,SANT CEBRIÀ DE VALLALTA,08,08006,ARENYS DE MAR,3872
08204,SANT CLIMENT DE LLOBREGAT,08,08200,SANT BOI DE LLOBREGAT,4187
08205,SANT CUGAT DEL VALLÈS,08,08184,RUBÍ,97983
08206,SANT CUGAT SESGARRIGUES,08,08305,VILAFRANCA DEL PENEDÈS,1038
08207,SANT ESTEVE DE PALAUTORDERA,08,08096,GRANOLLERS,3099
08208,SANT ESTEVE SESROVIRES,08,08114,MARTORELL,8121
08209,SANT FOST DE CAMPSENTELLES,08,08124,MOLLET DEL VALLÈS,9419
08210,SANT FELIU DE CODINES,08,08096,GRANOLLERS,6827
08211,SANT FELIU DE LLOBREGAT,08,08211,SANT FELIU DE LLOBREGAT,46781
08212,SANT FELIU SASSERRA,08,08113,MANRESA,633
08213,SANT FRUITÓS DE BAGES,08,08113,MANRESA,9333
08214,VILASSAR DE DALT,08,08121,MATARÓ,9404
08215,SANT HIPÒLIT DE VOLTREGÀ,08,08298,VIC,3666
08216,SANT JAUME DE FRONTANYÀ,08,08022,BERGA,25
08217,SANT JOAN DESPÍ,08,08211,SANT FELIU DE LLOBREGAT,35926
08218,SANT JOAN DE VILATORRADA,08,08113,MANRESA,11133
08219,VILASSAR DE MAR,08,08121,MATARÓ,21227
08220,SANT JULIÀ DE VILATORTA,08,08298,VIC,3323
08221,SANT JUST DESVERN,08,08077,ESPLUGUES DE LLOBREGAT,21037
08222,SANT LLORENÇ D'HORTONS,08,08305,VILAFRANCA DEL PENEDÈS,2627
08223,SANT LLORENÇ SAVALL,08,08187,SABADELL,2587
08224,SANT MARTÍ DE CENTELLES,08,08298,VIC,1263
08225,SANT MARTÍ D'ALBARS,08,08298,VIC,135
08226,SANT MARTÍ DE TOUS,08,08102,IGUALADA,1269
08227,SANT MARTÍ SARROCA,08,08305,VILAFRANCA DEL PENEDÈS,3485
08228,SANT MARTÍ SESGUEIOLES,08,08102,IGUALADA,353
08229,SANT MATEU DE BAGES,08,08113,MANRESA,641
08230,PREMIÀ DE DALT,08,08121,MATARÓ,10632
08231,SANT PERE DE RIBES,08,08307,VILANOVA I LA GELTRÚ,32705
08232,SANT PERE DE RIUDEBITLLES,08,08305,VILAFRANCA DEL PENEDÈS,2516
08233,SANT PERE DE TORELLÓ,08,08298,VIC,2596
08234,SANT PERE DE VILAMAJOR,08,08096,GRANOLLERS,5074
08235,SANT POL DE MAR,08,08006,ARENYS DE MAR,5793
08236,SANT QUINTÍ DE MEDIONA,08,08305,VILAFRANCA DEL PENEDÈS,2580
08237,SANT QUIRZE DE BESORA,08,08298,VIC,2164
08238,SANT QUIRZE DEL VALLÈS,08,08187,SABADELL,20209
08239,SANT QUIRZE SAFAJA,08,08096,GRANOLLERS,663
08240,SANT SADURNÍ D'ANOIA,08,08305,VILAFRANCA DEL PENEDÈS,12911
08241,SANT SADURNÍ D'OSORMORT,08,08298,VIC,89
08242,MARGANELL,08,08113,MANRESA,309
08243,SANTA CECÍLIA DE VOLTREGÀ,08,08298,VIC,197
08244,SANTA COLOMA DE CERVELLÓ,08,08200,SANT BOI DE LLOBREGAT,8273
08245,SANTA COLOMA DE GRAMENET,08,08245,SANTA COLOMA DE GRAMENET,123981
08246,SANTA EUGÈNIA DE BERGA,08,08298,VIC,2348
08247,SANTA EULÀLIA DE RIUPRIMER,08,08298,VIC,1516
08248,SANTA EULÀLIA DE RONÇANA,08,08096,GRANOLLERS,7953
08249,SANTA FE DEL PENEDÈS,08,08305,VILAFRANCA DEL PENEDÈS,365
08250,SANTA MARGARIDA DE MONTBUI,08,08102,IGUALADA,10631
08251,SANTA MARGARIDA I ELS MONJOS,08,08305,VILAFRANCA DEL PENEDÈS,7806
08252,BARBERÀ DEL VALLÈS,08,08266,CERDANYOLA DEL VALLÈS,33987
08253,SANTA MARIA DE BESORA,08,08298,VIC,164
08254,L'ESQUIROL,08,08298,VIC,2301
08255,SANTA MARIA DE MERLÈS,08,08022,BERGA,179
08256,SANTA MARIA DE MARTORELLES,08,08124,MOLLET DEL VALLÈS,868
08257,SANTA MARIA DE MIRALLES,08,08102,IGUALADA,144
08258,SANTA MARIA D'OLÓ,08,08113,MANRESA,1099
08259,SANTA MARIA DE PALAUTORDERA,08,08096,GRANOLLERS,10080
08260,SANTA PERPÈTUA DE MOGODA,08,08187,SABADELL,26130
08261,SANTA SUSANNA,08,08006,ARENYS DE MAR,4099
08262,SANT VICENÇ DE CASTELLET,08,08113,MANRESA,10164
08263,SANT VICENÇ DELS HORTS,08,08211,SANT FELIU DE LLOBREGAT,28746
08264,SANT VICENÇ DE MONTALT,08,08121,MATARÓ,6802
08265,SANT VICENÇ DE TORELLÓ,08,08298,VIC,2117
08266,CERDANYOLA DEL VALLÈS,08,08266,CERDANYOLA DEL VALLÈS,58528
08267,SENTMENAT,08,08187,SABADELL,9548
08268,CERCS,08,08022,BERGA,1236
08269,SEVA,08,08298,VIC,3808
08270,SITGES,08,08307,VILANOVA I LA GELTRÚ,32609
08271,SOBREMUNT,08,08298,VIC,90
08272,SORA,08,08298,VIC,225
08273,SUBIRATS,08,08305,VILAFRANCA DEL PENEDÈS,3288
08274,SÚRIA,08,08113,MANRESA,6200
08275,TAVÈRNOLES,08,08298,VIC,354
08276,TAGAMANENT,08,08096,GRANOLLERS,328
08277,TALAMANCA,08,08113,MANRESA,209
08278,TARADELL,08,08298,VIC,6854
08279,TERRASSA,08,08279,TERRASSA,233270
08280,TAVERTET,08,08298,VIC,128
08281,TEIÀ,08,08121,MATARÓ,6898
08282,TIANA,08,08121,MATARÓ,9331
08283,TONA,08,08298,VIC,8527
08284,TORDERA,08,08006,ARENYS DE MAR,19039
08285,TORELLÓ,08,08298,VIC,15334
08286,LA TORRE DE CLARAMUNT,08,08102,IGUALADA,4158
08287,TORRELAVIT,08,08305,VILAFRANCA DEL PENEDÈS,1572
08288,TORRELLES DE FOIX,08,08305,VILAFRANCA DEL PENEDÈS,2746
08289,TORRELLES DE LLOBREGAT,08,08200,SANT BOI DE LLOBREGAT,6170
08290,ULLASTRELL,08,08279,TERRASSA,2171
08291,VACARISSES,08,08279,TERRASSA,7729
08292,VALLBONA D'ANOIA,08,08102,IGUALADA,1424
08293,VALLCEBRE,08,08022,BERGA,260
08294,VALLGORGUINA,08,08096,GRANOLLERS,3261
08295,VALLIRANA,08,08211,SANT FELIU DE LLOBREGAT,16245
08296,VALLROMANES,08,08096,GRANOLLERS,2778
08297,VECIANA,08,08102,IGUALADA,168
08298,VIC,08,08298,VIC,50796
08299,VILADA,08,08022,BERGA,432
08300,VILADECAVALLS,08,08279,TERRASSA,7817
08301,VILADECANS,08,08089,GAVÀ,67587
08302,VILANOVA DEL CAMÍ,08,08102,IGUALADA,12936
08303,VILANOVA DE SAU,08,08298,VIC,325
08304,VILOBÍ DEL PENEDÈS,08,08305,VILAFRANCA DEL PENEDÈS,1154
08305,VILAFRANCA DEL PENEDÈS,08,08305,VILAFRANCA DEL PENEDÈS,42607
08306,VILALBA SASSERRA,08,08096,GRANOLLERS,794
08307,VILANOVA I LA GELTRÚ,08,08307,VILANOVA I LA GELTRÚ,71641
08308,VIVER I SERRATEIX,08,08022,BERGA,178
08901,RUPIT I PRUIT,08,08298,VIC,280
08902,VILANOVA DEL VALLÈS,08,08096,GRANOLLERS,5693
08903,SANT JULIÀ DE CERDANYOLA,08,08022,BERGA,234
08904,BADIA DEL VALLÈS,08,08266,CERDANYOLA DEL VALLÈS,13060
08905,LA PALMA DE CERVELLÓ,08,08211,SANT FELIU DE LLOBREGAT,3056
09001,ABAJAS,09,09056,BRIVIESCA,28
09003,ADRADA DE HAZA,09,09018,ARANDA DE DUERO,200
09006,AGUAS CÁNDIDAS,09,09056,BRIVIESCA,61
09007,AGUILAR DE BUREBA,09,09056,BRIVIESCA,46
09009,ALBILLOS,09,09059,BURGOS,220
09010,ALCOCERO DE MOLA,09,09056,BRIVIESCA,40
09011,ALFOZ DE BRICIA,09,09903,VILLARCAYO DE MERINDAD DE CASTILLA LA VIEJA,68
09012,ALFOZ DE SANTA GADEA,09,09903,VILLARCAYO DE MERINDAD DE CASTILLA LA VIEJA,102
09013,ALTABLE,09,09219,MIRANDA DE EBRO,44
09014,LOS ALTOS,09,09903,VILLARCAYO DE MERINDAD DE CASTILLA LA VIEJA,177
09016,AMEYUGO,09,09219,MIRANDA DE EBRO,107
09017,ANGUIX,09,09018,ARANDA DE DUERO,166
09018,ARANDA DE DUERO,09,09018,ARANDA DE DUERO,33956
09019,ARANDILLA,09,09018,ARANDA DE DUERO,157
09020,ARAUZO DE MIEL,09,09330,SALAS DE LOS INFANTES,260
09021,ARAUZO DE SALCE,09,09330,SALAS DE LOS INFANTES,44
09022,ARAUZO DE TORRE,09,09330,SALAS DE LOS INFANTES,55
09023,ARCOS,09,09059,BURGOS,1823
09024,ARENILLAS DE RIOPISUERGA,09,09059,BURGOS,156
09025,ARIJA,09,09903,VILLARCAYO DE MERINDAD DE CASTILLA LA VIEJA,115
09026,ARLANZÓN,09,09059,BURGOS,425
09027,ARRAYA DE OCA,09,09056,BRIVIESCA,49
09029,ATAPUERCA,09,09059,BURGOS,178
09030,LOS AUSINES,09,09059,BURGOS,143
09032,AVELLANOSA DE MUÑÓ,09,09194,LERMA,95
09033,BAHABÓN DE ESGUEVA,09,09018,ARANDA DE DUERO,80
09034,LOS BALBASES,09,09059,BURGOS,298
09035,BAÑOS DE VALDEARADOS,09,09018,ARANDA DE DUERO,322
09036,BAÑUELOS DE BUREBA,09,09056,BRIVIESCA,32
09037,BARBADILLO DE HERREROS,09,09330,SALAS DE LOS INFANTES,103
09038,BARBADILLO DEL MERCADO,09,09330,SALAS DE LOS INFANTES,134
09039,BARBADILLO DEL PEZ,09,09330,SALAS DE LOS INFANTES,64
09041,BARRIO DE MUÑÓ,09,09059,BURGOS,32
09043,LOS BARRIOS DE BUREBA,09,09056,BRIVIESCA,179
09044,BARRIOS DE COLINA,09,09059,BURGOS,55
09045,BASCONCILLOS DEL TOZO,09,09059,BURGOS,276
09046,BASCUÑANA,09,09056,BRIVIESCA,20
09047,BELBIMBRE,09,09194,LERMA,53
09048,BELORADO,09,09056,BRIVIESCA,1823
09050,BERBERANA,09,09903,VILLARCAYO DE MERINDAD DE CASTILLA LA VIEJA,52
09051,BERLANGAS DE ROA,09,09018,ARANDA DE DUERO,204
09052,BERZOSA DE BUREBA,09,09056,BRIVIESCA,26
09054,BOZOÓ,09,09219,MIRANDA DE EBRO,101
09055,BRAZACORTA,09,09018,ARANDA DE DUERO,43
09056,BRIVIESCA,09,09056,BRIVIESCA,6728
09057,BUGEDO,09,09219,MIRANDA DE EBRO,193
09058,BUNIEL,09,09059,BURGOS,632
09059,BURGOS,09,09059,BURGOS,177402
09060,BUSTO DE BUREBA,09,09056,BRIVIESCA,140
09061,CABAÑES DE ESGUEVA,09,09018,ARANDA DE DUERO,145
09062,CABEZÓN DE LA SIERRA,09,09330,SALAS DE LOS INFANTES,33
09063,CAVIA,09,09059,BURGOS,246
09064,CALERUEGA,09,09018,ARANDA DE DUERO,385
09065,CAMPILLO DE ARANDA,09,09018,ARANDA DE DUERO,175
09066,CAMPOLARA,09,09330,SALAS DE LOS INFANTES,46
09067,CANICOSA DE LA SIERRA,09,09330,SALAS DE LOS INFANTES,410
09068,CANTABRANA,09,09056,BRIVIESCA,22
09070,CARAZO,09,09330,SALAS DE LOS INFANTES,42
09071,CARCEDO DE BUREBA,09,09056,BRIVIESCA,36
09072,CARCEDO DE BURGOS,09,09059,BURGOS,513
09073,CARDEÑADIJO,09,09059,BURGOS,1445
09074,CARDEÑAJIMENO,09,09059,BURGOS,1185
09075,CARDEÑUELA RIOPICO,09,09059,BURGOS,106
09076,CARRIAS,09,09056,BRIVIESCA,26
09077,CASCAJARES DE BUREBA,09,09056,BRIVIESCA,25
09078,CASCAJARES DE LA SIERRA,09,09330,SALAS DE LOS INFANTES,25
09079,CASTELLANOS DE CASTRO,09,09059,BURGOS,48
09082,CASTILDELGADO,09,09056,BRIVIESCA,34
09083,CASTIL DE PEONES,09,09056,BRIVIESCA,26
09084,CASTRILLO DE LA REINA,09,09330,SALAS DE LOS INFANTES,159
09085,CASTRILLO DE LA VEGA,09,09018,ARANDA DE DUERO,626
09086,CASTRILLO DEL VAL,09,09059,BURGOS,858
09088,CASTRILLO DE RIOPISUERGA,09,09059,BURGOS,56
09090,CASTRILLO MOTA DE JUDÍOS,09,09059,BURGOS,48
09091,CASTROJERIZ,09,09059,BURGOS,794
09093,CAYUELA,09,09059,BURGOS,186
09094,CEBRECOS,09,09194,LERMA,60
09095,CELADA DEL CAMINO,09,09059,BURGOS,91
09098,CEREZO DE RÍO TIRÓN,09,09056,BRIVIESCA,467
09100,CERRATÓN DE JUARROS,09,09056,BRIVIESCA,42
09101,CIADONCHA,09,09194,LERMA,77
09102,CILLAPERLATA,09,09903,VILLARCAYO DE MERINDAD DE CASTILLA LA VIEJA,31
09103,CILLERUELO DE ABAJO,09,09194,LERMA,209
09104,CILLERUELO DE ARRIBA,09,09194,LERMA,52
09105,CIRUELOS DE CERVERA,09,09018,ARANDA DE DUERO,90
09108,COGOLLOS,09,09059,BURGOS,687
09109,CONDADO DE TREVIÑO,09,09219,MIRANDA DE EBRO,1468
09110,CONTRERAS,09,09330,SALAS DE LOS INFANTES,81
09112,CORUÑA DEL CONDE,09,09018,ARANDA DE DUERO,95
09113,COVARRUBIAS,09,09194,LERMA,501
09114,CUBILLO DEL CAMPO,09,09059,BURGOS,103
09115,CUBO DE BUREBA,09,09056,BRIVIESCA,102
09117,LA CUEVA DE ROA,09,09018,ARANDA DE DUERO,89
09119,CUEVAS DE SAN CLEMENTE,09,09194,LERMA,52
09120,ENCÍO,09,09219,MIRANDA DE EBRO,37
09122,ESPINOSA DE CERVERA,09,09330,SALAS DE LOS INFANTES,81
09123,ESPINOSA DEL CAMINO,09,09056,BRIVIESCA,43
09124,ESPINOSA DE LOS MONTEROS,09,09903,VILLARCAYO DE MERINDAD DE CASTILLA LA VIEJA,1627
09125,ESTÉPAR,09,09059,BURGOS,646
09127,FONTIOSO,09,09194,LERMA,52
09128,FRANDOVÍNEZ,09,09059,BURGOS,95
09129,FRESNEDA DE LA SIERRA TIRÓN,09,09056,BRIVIESCA,98
09130,FRESNEÑA,09,09056,BRIVIESCA,68
09131,FRESNILLO DE LAS DUEÑAS,09,09018,ARANDA DE DUERO,703
09132,FRESNO DE RÍO TIRÓN,09,09056,BRIVIESCA,156
09133,FRESNO DE RODILLA,09,09059,BURGOS,49
09134,FRÍAS,09,09903,VILLARCAYO DE MERINDAD DE CASTILLA LA VIEJA,258
09135,FUENTEBUREBA,09,09056,BRIVIESCA,58
09136,FUENTECÉN,09,09018,ARANDA DE DUERO,246
09137,FUENTELCÉSPED,09,09018,ARANDA DE DUERO,290
09138,FUENTELISENDO,09,09018,ARANDA DE DUERO,96
09139,FUENTEMOLINOS,09,09018,ARANDA DE DUERO,89
09140,FUENTENEBRO,09,09018,ARANDA DE DUERO,137
09141,FUENTESPINA,09,09018,ARANDA DE DUERO,833
09143,GALBARROS,09,09056,BRIVIESCA,28
09144,LA GALLEGA,09,09330,SALAS DE LOS INFANTES,34
09148,GRIJALBA,09,09059,BURGOS,114
09149,GRISALEÑA,09,09056,BRIVIESCA,58
09151,GUMIEL DE IZÁN,09,09018,ARANDA DE DUERO,587
09152,GUMIEL DE MERCADO,09,09018,ARANDA DE DUERO,376
09154,HACINAS,09,09330,SALAS DE LOS INFANTES,145
09155,HAZA,09,09018,ARANDA DE DUERO,33
09159,HONTANAS,09,09059,BURGOS,69
09160,HONTANGAS,09,09018,ARANDA DE DUERO,92
09162,HONTORIA DE LA CANTERA,09,09059,BURGOS,172
09163,HONTORIA DEL PINAR,09,09330,SALAS DE LOS INFANTES,613
09164,HONTORIA DE VALDEARADOS,09,09018,ARANDA DE DUERO,152
09166,LAS HORMAZAS,09,09059,BURGOS,93
09167,HORNILLOS DEL CAMINO,09,09059,BURGOS,44
09168,LA HORRA,09,09018,ARANDA DE DUERO,295
09169,HORTIGÜELA,09,09330,SALAS DE LOS INFANTES,103
09170,HOYALES DE ROA,09,09018,ARANDA DE DUERO,208
09172,HUÉRMECES,09,09059,BURGOS,159
09173,HUERTA DE ARRIBA,09,09330,SALAS DE LOS INFANTES,121
09174,HUERTA DE REY,09,09330,SALAS DE LOS INFANTES,889
09175,HUMADA,09,09059,BURGOS,114
09176,HURONES,09,09059,BURGOS,59
09177,IBEAS DE JUARROS,09,09059,BURGOS,1492
09178,IBRILLOS,09,09056,BRIVIESCA,30
09179,IGLESIARRUBIA,09,09194,LERMA,45
09180,IGLESIAS,09,09059,BURGOS,136
09181,ISAR,09,09059,BURGOS,279
09182,ITERO DEL CASTILLO,09,09059,BURGOS,74
09183,JARAMILLO DE LA FUENTE,09,09330,SALAS DE LOS INFANTES,45
09184,JARAMILLO QUEMADO,09,09330,SALAS DE LOS INFANTES,12
09189,JUNTA DE TRASLALOMA,09,09903,VILLARCAYO DE MERINDAD DE CASTILLA LA VIEJA,118
09190,JUNTA DE VILLALBA DE LOSA,09,09903,VILLARCAYO DE MERINDAD DE CASTILLA LA VIEJA,79
09191,JURISDICCIÓN DE LARA,09,09330,SALAS DE LOS INFANTES,39
09192,JURISDICCIÓN DE SAN ZADORNIL,09,09903,VILLARCAYO DE MERINDAD DE CASTILLA LA VIEJA,62
09194,LERMA,09,09194,LERMA,2629
09195,LLANO DE BUREBA,09,09056,BRIVIESCA,45
09196,MADRIGAL DEL MONTE,09,09194,LERMA,141
09197,MADRIGALEJO DEL MONTE,09,09194,LERMA,160
09198,MAHAMUD,09,09194,LERMA,107
09199,MAMBRILLA DE CASTREJÓN,09,09018,ARANDA DE DUERO,105
09200,MAMBRILLAS DE LARA,09,09330,SALAS DE LOS INFANTES,54
09201,MAMOLAR,09,09330,SALAS DE LOS INFANTES,27
09202,MANCILES,09,09059,BURGOS,21
09206,MAZUELA,09,09194,LERMA,55
09208,MECERREYES,09,09194,LERMA,176
09209,MEDINA DE POMAR,09,09903,VILLARCAYO DE MERINDAD DE CASTILLA LA VIEJA,6190
09211,MELGAR DE FERNAMENTAL,09,09059,BURGOS,1496
09213,MERINDAD DE CUESTA-URRIA,09,09903,VILLARCAYO DE MERINDAD DE CASTILLA LA VIEJA,263
09214,MERINDAD DE MONTIJA,09,09903,VILLARCAYO DE MERINDAD DE CASTILLA LA VIEJA,723
09215,MERINDAD DE SOTOSCUEVA,09,09903,VILLARCAYO DE MERINDAD DE CASTILLA LA VIEJA,399
09216,MERINDAD DE VALDEPORRES,09,09903,VILLARCAYO DE MERINDAD DE CASTILLA LA VIEJA,412
09217,MERINDAD DE VALDIVIELSO,09,09903,VILLARCAYO DE MERINDAD DE CASTILLA LA VIEJA,384
09218,MILAGROS,09,09018,ARANDA DE DUERO,409
09219,MIRANDA DE EBRO,09,09219,MIRANDA DE EBRO,36622
09220,MIRAVECHE,09,09219,MIRANDA DE EBRO,92
09221,MODÚBAR DE LA EMPAREDADA,09,09059,BURGOS,773
09223,MONASTERIO DE LA SIERRA,09,09330,SALAS DE LOS INFANTES,38
09224,MONASTERIO DE RODILLA,09,09056,BRIVIESCA,171
09225,MONCALVILLO,09,09330,SALAS DE LOS INFANTES,77
09226,MONTERRUBIO DE LA DEMANDA,09,09330,SALAS DE LOS INFANTES,55
09227,MONTORIO,09,09059,BURGOS,138
09228,MORADILLO DE ROA,09,09018,ARANDA DE DUERO,167
09229,NAVA DE ROA,09,09018,ARANDA DE DUERO,202
09230,NAVAS DE BUREBA,09,09056,BRIVIESCA,24
09231,NEBREDA,09,09194,LERMA,50
09232,NEILA,09,09330,SALAS DE LOS INFANTES,113
09235,OLMEDILLO DE ROA,09,09018,ARANDA DE DUERO,188
09236,OLMILLOS DE MUÑÓ,09,09194,LERMA,38
09238,OÑA,09,09056,BRIVIESCA,938
09239,OQUILLAS,09,09018,ARANDA DE DUERO,52
09241,ORBANEJA RIOPICO,09,09059,BURGOS,341
09242,PADILLA DE ABAJO,09,09059,BURGOS,71
09243,PADILLA DE ARRIBA,09,09059,BURGOS,86
09244,PADRONES DE BUREBA,09,09056,BRIVIESCA,49
09246,PALACIOS DE LA SIERRA,09,09330,SALAS DE LOS INFANTES,662
09247,PALACIOS DE RIOPISUERGA,09,09059,BURGOS,19
09248,PALAZUELOS DE LA SIERRA,09,09059,BURGOS,95
09249,PALAZUELOS DE MUÑÓ,09,09059,BURGOS,52
09250,PAMPLIEGA,09,09059,BURGOS,281
09251,PANCORBO,09,09219,MIRANDA DE EBRO,431
09253,PARDILLA,09,09018,ARANDA DE DUERO,109
09255,PARTIDO DE LA SIERRA EN TOBALINA,09,09903,VILLARCAYO DE MERINDAD DE CASTILLA LA VIEJA,75
09256,PEDROSA DE DUERO,09,09018,ARANDA DE DUERO,458
09257,PEDROSA DEL PÁRAMO,09,09059,BURGOS,88
09258,PEDROSA DEL PRÍNCIPE,09,09059,BURGOS,155
09259,PEDROSA DE RÍO URBEL,09,09059,BURGOS,262
09261,PEÑARANDA DE DUERO,09,09018,ARANDA DE DUERO,470
09262,PERAL DE ARLANZA,09,09194,LERMA,169
09265,PIÉRNIGAS,09,09056,BRIVIESCA,43
09266,PINEDA DE LA SIERRA,09,09059,BURGOS,92
09267,PINEDA TRASMONTE,09,09194,LERMA,95
09268,PINILLA DE LOS BARRUECOS,09,09330,SALAS DE LOS INFANTES,100
09269,PINILLA DE LOS MOROS,09,09330,SALAS DE LOS INFANTES,30
09270,PINILLA-TRASMONTE,09,09018,ARANDA DE DUERO,152
09272,POZA DE LA SAL,09,09056,BRIVIESCA,278
09273,PRÁDANOS DE BUREBA,09,09056,BRIVIESCA,54
09274,PRADOLUENGO,09,09056,BRIVIESCA,1090
09275,PRESENCIO,09,09194,LERMA,212
09276,LA PUEBLA DE ARGANZÓN,09,09219,MIRANDA DE EBRO,565
09277,PUENTEDURA,09,09194,LERMA,117
09279,QUEMADA,09,09018,ARANDA DE DUERO,242
09280,QUINTANABUREBA,09,09056,BRIVIESCA,29
09281,QUINTANA DEL PIDIO,09,09018,ARANDA DE DUERO,150
09283,QUINTANAÉLEZ,09,09056,BRIVIESCA,44
09287,QUINTANAORTUÑO,09,09059,BURGOS,297
09288,QUINTANAPALLA,09,09059,BURGOS,123
09289,QUINTANAR DE LA SIERRA,09,09330,SALAS DE LOS INFANTES,1474
09292,QUINTANAVIDES,09,09056,BRIVIESCA,65
09294,QUINTANILLA DE LA MATA,09,09194,LERMA,109
09295,QUINTANILLA DEL COCO,09,09194,LERMA,50
09297,LAS QUINTANILLAS,09,09059,BURGOS,386
09298,QUINTANILLA SAN GARCÍA,09,09056,BRIVIESCA,66
09301,QUINTANILLA VIVAR,09,09059,BURGOS,890
09302,RABANERA DEL PINAR,09,09330,SALAS DE LOS INFANTES,94
09303,RÁBANOS,09,09056,BRIVIESCA,73
09304,RABÉ DE LAS CALZADAS,09,09059,BURGOS,259
09306,REBOLLEDO DE LA TORRE,09,09059,BURGOS,100
09307,REDECILLA DEL CAMINO,09,09056,BRIVIESCA,98
09308,REDECILLA DEL CAMPO,09,09056,BRIVIESCA,65
09309,REGUMIEL DE LA SIERRA,09,09330,SALAS DE LOS INFANTES,304
09310,REINOSO,09,09056,BRIVIESCA,21
09311,RETUERTA,09,09194,LERMA,56
09312,LA REVILLA Y AHEDO,09,09330,SALAS DE LOS INFANTES,97
09314,REVILLA DEL CAMPO,09,09059,BURGOS,96
09315,REVILLARRUZ,09,09059,BURGOS,621
09316,REVILLA VALLEJERA,09,09059,BURGOS,112
09317,REZMONDO,09,09059,BURGOS,18
09318,RIOCAVADO DE LA SIERRA,09,09330,SALAS DE LOS INFANTES,54
09321,ROA,09,09018,ARANDA DE DUERO,2276
09323,ROJAS,09,09056,BRIVIESCA,62
09325,ROYUELA DE RÍO FRANCO,09,09194,LERMA,169
09326,RUBENA,09,09059,BURGOS,207
09327,RUBLACEDO DE ABAJO,09,09056,BRIVIESCA,37
09328,RUCANDIO,09,09056,BRIVIESCA,72
09329,SALAS DE BUREBA,09,09056,BRIVIESCA,129
09330,SALAS DE LOS INFANTES,09,09330,SALAS DE LOS INFANTES,1959
09332,SALDAÑA DE BURGOS,09,09059,BURGOS,203
09334,SALINILLAS DE BUREBA,09,09056,BRIVIESCA,55
09335,SAN ADRIÁN DE JUARROS,09,09059,BURGOS,84
09337,SAN JUAN DEL MONTE,09,09018,ARANDA DE DUERO,163
09338,SAN MAMÉS DE BURGOS,09,09059,BURGOS,323
09339,SAN MARTÍN DE RUBIALES,09,09018,ARANDA DE DUERO,137
09340,SAN MILLÁN DE LARA,09,09330,SALAS DE LOS INFANTES,61
09343,SANTA CECILIA,09,09194,LERMA,107
09345,SANTA CRUZ DE LA SALCEDA,09,09018,ARANDA DE DUERO,148
09346,SANTA CRUZ DEL VALLE URBIÓN,09,09056,BRIVIESCA,94
09347,SANTA GADEA DEL CID,09,09219,MIRANDA DE EBRO,180
09348,SANTA INÉS,09,09194,LERMA,153
09350,SANTA MARÍA DEL CAMPO,09,09194,LERMA,508
09351,SANTA MARÍA DEL INVIERNO,09,09056,BRIVIESCA,70
09352,SANTA MARÍA DEL MERCADILLO,09,09018,ARANDA DE DUERO,119
09353,SANTA MARÍA RIBARREDONDA,09,09219,MIRANDA DE EBRO,97
09354,SANTA OLALLA DE BUREBA,09,09056,BRIVIESCA,38
09355,SANTIBÁÑEZ DE ESGUEVA,09,09018,ARANDA DE DUERO,72
09356,SANTIBÁÑEZ DEL VAL,09,09194,LERMA,64
09358,SANTO DOMINGO DE SILOS,09,09330,SALAS DE LOS INFANTES,251
09360,SAN VICENTE DEL VALLE,09,09056,BRIVIESCA,26
09361,SARGENTES DE LA LORA,09,09059,BURGOS,130
09362,SARRACÍN,09,09059,BURGOS,261
09363,SASAMÓN,09,09059,BURGOS,898
09365,LA SEQUERA DE HAZA,09,09018,ARANDA DE DUERO,28
09366,SOLARANA,09,09194,LERMA,73
09368,SORDILLOS,09,09059,BURGOS,23
09369,SOTILLO DE LA RIBERA,09,09018,ARANDA DE DUERO,468
09372,SOTRAGERO,09,09059,BURGOS,300
09373,SOTRESGUDO,09,09059,BURGOS,413
09374,SUSINOS DEL PÁRAMO,09,09059,BURGOS,115
09375,TAMARÓN,09,09059,BURGOS,52
09377,TARDAJOS,09,09059,BURGOS,862
09378,TEJADA,09,09194,LERMA,35
09380,TERRADILLOS DE ESGUEVA,09,09018,ARANDA DE DUERO,58
09381,TINIEBLAS DE LA SIERRA,09,09330,SALAS DE LOS INFANTES,20
09382,TOBAR,09,09059,BURGOS,27
09384,TORDÓMAR,09,09194,LERMA,290
09386,TORRECILLA DEL MONTE,09,09194,LERMA,79
09387,TORREGALINDO,09,09018,ARANDA DE DUERO,130
09388,TORRELARA,09,09330,SALAS DE LOS INFANTES,34
09389,TORREPADRE,09,09194,LERMA,68
09390,TORRESANDINO,09,09018,ARANDA DE DUERO,565
09391,TÓRTOLES DE ESGUEVA,09,09018,ARANDA DE DUERO,362
09392,TOSANTOS,09,09056,BRIVIESCA,48
09394,TRESPADERNE,09,09903,VILLARCAYO DE MERINDAD DE CASTILLA LA VIEJA,721
09395,TUBILLA DEL AGUA,09,09059,BURGOS,126
09396,TUBILLA DEL LAGO,09,09018,ARANDA DE DUERO,164
09398,URBEL DEL CASTILLO,09,09059,BURGOS,53
09400,VADOCONDES,09,09018,ARANDA DE DUERO,368
09403,VALDEANDE,09,09018,ARANDA DE DUERO,103
09405,VALDEZATE,09,09018,ARANDA DE DUERO,115
09406,VALDORROS,09,09059,BURGOS,377
09407,VALMALA,09,09056,BRIVIESCA,24
09408,VALLARTA DE BUREBA,09,09056,BRIVIESCA,41
09409,VALLE DE MANZANEDO,09,09903,VILLARCAYO DE MERINDAD DE CASTILLA LA VIEJA,115
09410,VALLE DE MENA,09,09903,VILLARCAYO DE MERINDAD DE CASTILLA LA VIEJA,4155
09411,VALLE DE OCA,09,09056,BRIVIESCA,160
09412,VALLE DE TOBALINA,09,09903,VILLARCAYO DE MERINDAD DE CASTILLA LA VIEJA,877
09413,VALLE DE VALDEBEZANA,09,09903,VILLARCAYO DE MERINDAD DE CASTILLA LA VIEJA,479
09414,VALLE DE VALDELAGUNA,09,09330,SALAS DE LOS INFANTES,187
09415,VALLE DE VALDELUCIO,09,09059,BURGOS,342
09416,VALLE DE ZAMANZAS,09,09903,VILLARCAYO DE MERINDAD DE CASTILLA LA VIEJA,46
09417,VALLEJERA,09,09059,BURGOS,38
09418,VALLES DE PALENZUELA,09,09059,BURGOS,74
09419,VALLUÉRCANES,09,09219,MIRANDA DE EBRO,70
09421,LA VID Y BARRIOS,09,09018,ARANDA DE DUERO,237
09422,LA VID DE BUREBA,09,09056,BRIVIESCA,26
09423,VILEÑA,09,09056,BRIVIESCA,23
09424,VILORIA DE RIOJA,09,09056,BRIVIESCA,38
09425,VILVIESTRE DEL PINAR,09,09330,SALAS DE LOS INFANTES,511
09427,VILLADIEGO,09,09059,BURGOS,1453
09428,VILLAESCUSA DE ROA,09,09018,ARANDA DE DUERO,95
09429,VILLAESCUSA LA SOMBRÍA,09,09056,BRIVIESCA,61
09430,VILLAESPASA,09,09330,SALAS DE LOS INFANTES,21
09431,VILLAFRANCA MONTES DE OCA,09,09056,BRIVIESCA,117
09432,VILLAFRUELA,09,09194,LERMA,140
09433,VILLAGALIJO,09,09056,BRIVIESCA,52
09434,VILLAGONZALO PEDERNALES,09,09059,BURGOS,1903
09437,VILLAHOZ,09,09194,LERMA,262
09438,VILLALBA DE DUERO,09,09018,ARANDA DE DUERO,720
09439,VILLALBILLA DE BURGOS,09,09059,BURGOS,1554
09440,VILLALBILLA DE GUMIEL,09,09018,ARANDA DE DUERO,73
09441,VILLALDEMIRO,09,09059,BURGOS,92
09442,VILLALMANZO,09,09194,LERMA,409
09443,VILLAMAYOR DE LOS MONTES,09,09194,LERMA,157
09444,VILLAMAYOR DE TREVIÑO,09,09059,BURGOS,59
09445,VILLAMBISTIA,09,09056,BRIVIESCA,44
09446,VILLAMEDIANILLA,09,09059,BURGOS,9
09447,VILLAMIEL DE LA SIERRA,09,09059,BURGOS,43
09448,VILLANGÓMEZ,09,09194,LERMA,229
09449,VILLANUEVA DE ARGAÑO,09,09059,BURGOS,117
09450,VILLANUEVA DE CARAZO,09,09330,SALAS DE LOS INFANTES,24
09451,VILLANUEVA DE GUMIEL,09,09018,ARANDA DE DUERO,281
09454,VILLANUEVA DE TEBA,09,09219,MIRANDA DE EBRO,43
09455,VILLAQUIRÁN DE LA PUEBLA,09,09059,BURGOS,45
09456,VILLAQUIRÁN DE LOS INFANTES,09,09059,BURGOS,154
09458,VILLARIEZO,09,09059,BURGOS,731
09460,VILLASANDINO,09,09059,BURGOS,179
09463,VILLASUR DE HERREROS,09,09059,BURGOS,269
09464,VILLATUELDA,09,09018,ARANDA DE DUERO,41
09466,VILLAVERDE DEL MONTE,09,09194,LERMA,112
09467,VILLAVERDE-MOGINA,09,09194,LERMA,68
09471,VILLAYERNO MORQUILLAS,09,09059,BURGOS,208
09472,VILLAZOPEQUE,09,09059,BURGOS,51
09473,VILLEGAS,09,09059,BURGOS,83
09476,VILLORUEBO,09,09330,SALAS DE LOS INFANTES,62
09478,VIZCAÍNOS,09,09330,SALAS DE LOS INFANTES,41
09480,ZAEL,09,09194,LERMA,117
09482,ZARZOSA DE RÍO PISUERGA,09,09059,BURGOS,29
09483,ZAZUAR,09,09018,ARANDA DE DUERO,198
09485,ZUÑEDA,09,09056,BRIVIESCA,58
09901,QUINTANILLA DEL AGUA Y TORDUELES,09,09194,LERMA,336
09902,VALLE DE SANTIBÁÑEZ,09,09059,BURGOS,482
09903,VILLARCAYO DE MERINDAD DE CASTILLA LA VIEJA,09,09903,VILLARCAYO DE MERINDAD DE CASTILLA LA VIEJA,4103
09904,VALLE DE LAS NAVAS,09,09059,BURGOS,549
09905,VALLE DE SEDANO,09,09059,BURGOS,402
09906,MERINDAD DE RÍO UBIERNA,09,09059,BURGOS,1400
09907,ALFOZ DE QUINTANADUEÑAS,09,09059,BURGOS,2158
09908,VALLE DE LOSA,09,09903,VILLARCAYO DE MERINDAD DE CASTILLA LA VIEJA,486
10001,ABADÍA,10,10148,PLASENCIA,337
10002,ABERTURA,10,10109,LOGROSÁN,362
10003,ACEBO,10,10067,CORIA,567
10004,ACEHÚCHE,10,10037,CÁCERES,808
10005,ACEITUNA,10,10148,PLASENCIA,569
10006,AHIGAL,10,10148,PLASENCIA,1340
10007,ALBALÁ,10,10037,CÁCERES,647
10008,ALCÁNTARA,10,10037,CÁCERES,1329
10009,ALCOLLARÍN,10,10109,LOGROSÁN,259
10010,ALCUÉSCAR,10,10037,CÁCERES,2447
10011,ALDEACENTENERA,10,10195,TRUJILLO,603
10012,ALDEA DEL CANO,10,10037,CÁCERES,609
10013,LA ALDEA DEL OBISPO,10,10195,TRUJILLO,290
10014,ALDEANUEVA DE LA VERA,10,10131,NAVALMORAL DE LA MATA,1966
10015,ALDEANUEVA DEL CAMINO,10,10148,PLASENCIA,696
10016,ALDEHUELA DEL JERTE,10,10148,PLASENCIA,348
10017,ALÍA,10,10109,LOGROSÁN,722
10018,ALISEDA,10,10037,CÁCERES,1726
10019,ALMARAZ,10,10131,NAVALMORAL DE LA MATA,1594
10020,ALMOHARÍN,10,10037,CÁCERES,1771
10021,ARROYO DE LA LUZ,10,10037,CÁCERES,5495
10022,ARROYOMOLINOS DE LA VERA,10,10148,PLASENCIA,424
10023,ARROYOMOLINOS,10,10037,CÁCERES,816
10024,BAÑOS DE MONTEMAYOR,10,10148,PLASENCIA,738
10025,BARRADO,10,10148,PLASENCIA,383
10026,BELVÍS DE MONROY,10,10131,NAVALMORAL DE LA MATA,774
10027,BENQUERENCIA,10,10037,CÁCERES,74
10028,BERROCALEJO,10,10131,NAVALMORAL DE LA MATA,120
10029,BERZOCANA,10,10109,LOGROSÁN,375
10030,BOHONAL DE IBOR,10,10131,NAVALMORAL DE LA MATA,488
10031,BOTIJA,10,10037,CÁCERES,184
10032,BROZAS,10,10037,CÁCERES,1718
10033,CABAÑAS DEL CASTILLO,10,10109,LOGROSÁN,406
10034,CABEZABELLOSA,10,10148,PLASENCIA,317
10035,CABEZUELA DEL VALLE,10,10148,PLASENCIA,2049
10036,CABRERO,10,10148,PLASENCIA,353
10037,CÁCERES,10,10037,CÁCERES,96651
10038,CACHORRILLA,10,10067,CORIA,83
10039,CADALSO,10,10067,CORIA,394
10040,CALZADILLA,10,10067,CORIA,450
10041,CAMINOMORISCO,10,10148,PLASENCIA,1097
10042,CAMPILLO DE DELEITOSA,10,10131,NAVALMORAL DE LA MATA,82
10043,CAMPO LUGAR,10,10109,LOGROSÁN,790
10044,CAÑAMERO,10,10109,LOGROSÁN,1578
10045,CAÑAVERAL,10,10037,CÁCERES,995
10046,CARBAJO,10,10203,VALENCIA DE ALCÁNTARA,183
10047,CARCABOSO,10,10148,PLASENCIA,1076
10048,CARRASCALEJO,10,10131,NAVALMORAL DE LA MATA,223
10049,CASAR DE CÁCERES,10,10037,CÁCERES,4511
10050,CASAR DE PALOMERO,10,10148,PLASENCIA,991
10051,CASARES DE LAS HURDES,10,10148,PLASENCIA,362
10052,CASAS DE DON ANTONIO,10,10037,CÁCERES,167
10053,CASAS DE DON GÓMEZ,10,10067,CORIA,342
10054,CASAS DEL CASTAÑAR,10,10148,PLASENCIA,583
10055,CASAS DEL MONTE,10,10148,PLASENCIA,761
10056,CASAS DE MILLÁN,10,10037,CÁCERES,536
10057,CASAS DE MIRAVETE,10,10131,NAVALMORAL DE LA MATA,106
10058,CASATEJADA,10,10131,NAVALMORAL DE LA MATA,1393
10059,CASILLAS DE CORIA,10,10067,CORIA,354
10060,CASTAÑAR DE IBOR,10,10131,NAVALMORAL DE LA MATA,1020
10061,CECLAVÍN,10,10037,CÁCERES,1769
10062,CEDILLO,10,10203,VALENCIA DE ALCÁNTARA,453
10063,CEREZO,10,10148,PLASENCIA,147
10064,CILLEROS,10,10067,CORIA,1547
10065,COLLADO DE LA VERA,10,10148,PLASENCIA,274
10066,CONQUISTA DE LA SIERRA,10,10195,TRUJILLO,193
10067,CORIA,10,10067,CORIA,12001
10068,CUACOS DE YUSTE,10,10131,NAVALMORAL DE LA MATA,809
10069,LA CUMBRE,10,10195,TRUJILLO,815
10070,DELEITOSA,10,10195,TRUJILLO,681
10071,DESCARGAMARÍA,10,10067,CORIA,105
10072,ELJAS,10,10067,CORIA,827
10073,ESCURIAL,10,10195,TRUJILLO,855
10075,FRESNEDOSO DE IBOR,10,10131,NAVALMORAL DE LA MATA,236
10076,GALISTEO,10,10148,PLASENCIA,849
10077,GARCIAZ,10,10195,TRUJILLO,666
10078,LA GARGANTA,10,10148,PLASENCIA,353
10079,GARGANTA LA OLLA,10,10148,PLASENCIA,874
10080,GARGANTILLA,10,10148,PLASENCIA,346
10081,GARGÜERA,10,10148,PLASENCIA,187
10082,GARROVILLAS DE ALCONÉTAR,10,10037,CÁCERES,1941
10083,GARVÍN,10,10131,NAVALMORAL DE LA MATA,101
10084,GATA,10,10067,CORIA,1335
10085,EL GORDO,10,10131,NAVALMORAL DE LA MATA,363
10086,LA GRANJA,10,10148,PLASENCIA,313
10087,GUADALUPE,10,10109,LOGROSÁN,1722
10088,GUIJO DE CORIA,10,10067,CORIA,180
10089,GUIJO DE GALISTEO,10,10067,CORIA,1460
10090,GUIJO DE GRANADILLA,10,10148,PLASENCIA,497
10091,GUIJO DE SANTA BÁRBARA,10,10131,NAVALMORAL DE LA MATA,386
10092,HERGUIJUELA,10,10195,TRUJILLO,264
10093,HERNÁN-PÉREZ,10,10067,CORIA,401
10094,HERRERA DE ALCÁNTARA,10,10203,VALENCIA DE ALCÁNTARA,225
10095,HERRERUELA,10,10203,VALENCIA DE ALCÁNTARA,322
10096,HERVÁS,10,10148,PLASENCIA,3898
10097,HIGUERA DE ALBALAT,10,10131,NAVALMORAL DE LA MATA,102
10098,HINOJAL,10,10037,CÁCERES,391
10099,HOLGUERA,10,10067,CORIA,588
10100,HOYOS,10,10067,CORIA,848
10101,HUÉLAGA,10,10067,CORIA,203
10102,IBAHERNANDO,10,10195,TRUJILLO,538
10103,JARAICEJO,10,10195,TRUJILLO,418
10104,JARAÍZ DE LA VERA,10,10148,PLASENCIA,6831
10105,JARANDILLA DE LA VERA,10,10131,NAVALMORAL DE LA MATA,2894
10106,JARILLA,10,10148,PLASENCIA,127
10107,JERTE,10,10148,PLASENCIA,1189
10108,LADRILLAR,10,10148,PLASENCIA,177
10109,LOGROSÁN,10,10109,LOGROSÁN,1852
10110,LOSAR DE LA VERA,10,10131,NAVALMORAL DE LA MATA,2799
10111,MADRIGAL DE LA VERA,10,10131,NAVALMORAL DE LA MATA,1536
10112,MADRIGALEJO,10,10109,LOGROSÁN,1710
10113,MADROÑERA,10,10195,TRUJILLO,2349
10114,MAJADAS,10,10131,NAVALMORAL DE LA MATA,1281
10115,MALPARTIDA DE CÁCERES,10,10037,CÁCERES,4027
10116,MALPARTIDA DE PLASENCIA,10,10148,PLASENCIA,4666
10117,MARCHAGAZ,10,10148,PLASENCIA,231
10118,MATA DE ALCÁNTARA,10,10037,CÁCERES,300
10119,MEMBRÍO,10,10203,VALENCIA DE ALCÁNTARA,587
10120,MESAS DE IBOR,10,10131,NAVALMORAL DE LA MATA,146
10121,MIAJADAS,10,10195,TRUJILLO,9396
10122,MILLANES,10,10131,NAVALMORAL DE LA MATA,239
10123,MIRABEL,10,10148,PLASENCIA,620
10124,MOHEDAS DE GRANADILLA,10,10148,PLASENCIA,817
10125,MONROY,10,10037,CÁCERES,909
10126,MONTÁNCHEZ,10,10037,CÁCERES,1597
10127,MONTEHERMOSO,10,10148,PLASENCIA,5552
10128,MORALEJA,10,10067,CORIA,6562
10129,MORCILLO,10,10067,CORIA,378
10130,NAVACONCEJO,10,10148,PLASENCIA,2037
10131,NAVALMORAL DE LA MATA,10,10131,NAVALMORAL DE LA MATA,17352
10132,NAVALVILLAR DE IBOR,10,10131,NAVALMORAL DE LA MATA,374
10133,NAVAS DEL MADROÑO,10,10037,CÁCERES,1254
10134,NAVEZUELAS,10,10109,LOGROSÁN,668
10135,NUÑOMORAL,10,10148,PLASENCIA,1196
10136,OLIVA DE PLASENCIA,10,10148,PLASENCIA,290
10137,PALOMERO,10,10148,PLASENCIA,450
10138,PASARÓN DE LA VERA,10,10148,PLASENCIA,588
10139,PEDROSO DE ACIM,10,10037,CÁCERES,90
10140,PERALEDA DE LA MATA,10,10131,NAVALMORAL DE LA MATA,1444
10141,PERALEDA DE SAN ROMÁN,10,10131,NAVALMORAL DE LA MATA,268
10142,PERALES DEL PUERTO,10,10067,CORIA,874
10143,PESCUEZA,10,10067,CORIA,150
10144,LA PESGA,10,10148,PLASENCIA,950
10145,PIEDRAS ALBAS,10,10037,CÁCERES,125
10146,PINOFRANQUEADO,10,10148,PLASENCIA,1783
10147,PIORNAL,10,10148,PLASENCIA,1443
10148,PLASENCIA,10,10148,PLASENCIA,40132
10149,PLASENZUELA,10,10195,TRUJILLO,536
10150,PORTAJE,10,10067,CORIA,379
10151,PORTEZUELO,10,10037,CÁCERES,196
10152,POZUELO DE ZARZÓN,10,10067,CORIA,430
10153,PUERTO DE SANTA CRUZ,10,10195,TRUJILLO,268
10154,REBOLLAR,10,10148,PLASENCIA,203
10155,RIOLOBOS,10,10067,CORIA,1173
10156,ROBLEDILLO DE GATA,10,10067,CORIA,91
10157,ROBLEDILLO DE LA VERA,10,10131,NAVALMORAL DE LA MATA,252
10158,ROBLEDILLO DE TRUJILLO,10,10195,TRUJILLO,394
10159,ROBLEDOLLANO,10,10131,NAVALMORAL DE LA MATA,325
10160,ROMANGORDO,10,10131,NAVALMORAL DE LA MATA,240
10161,RUANES,10,10195,TRUJILLO,82
10162,SALORINO,10,10203,VALENCIA DE ALCÁNTARA,522
10163,SALVATIERRA DE SANTIAGO,10,10037,CÁCERES,229
10164,SAN MARTÍN DE TREVEJO,10,10067,CORIA,693
10165,SANTA ANA,10,10195,TRUJILLO,302
10166,SANTA CRUZ DE LA SIERRA,10,10195,TRUJILLO,317
10167,SANTA CRUZ DE PANIAGUA,10,10148,PLASENCIA,286
10168,SANTA MARTA DE MAGASCA,10,10195,TRUJILLO,291
10169,SANTIAGO DE ALCÁNTARA,10,10203,VALENCIA DE ALCÁNTARA,454
10170,SANTIAGO DEL CAMPO,10,10037,CÁCERES,250
10171,SANTIBÁÑEZ EL ALTO,10,10067,CORIA,386
10172,SANTIBÁÑEZ EL BAJO,10,10148,PLASENCIA,711
10173,SAUCEDILLA,10,10131,NAVALMORAL DE LA MATA,1002
10174,SEGURA DE TORO,10,10148,PLASENCIA,190
10175,SERRADILLA,10,10148,PLASENCIA,1448
10176,SERREJÓN,10,10131,NAVALMORAL DE LA MATA,410
10177,SIERRA DE FUENTES,10,10037,CÁCERES,2081
10178,TALAVÁN,10,10037,CÁCERES,775
10179,TALAVERUELA DE LA VERA,10,10131,NAVALMORAL DE LA MATA,303
10180,TALAYUELA,10,10131,NAVALMORAL DE LA MATA,7439
10181,TEJEDA DE TIÉTAR,10,10148,PLASENCIA,761
10182,TORIL,10,10131,NAVALMORAL DE LA MATA,157
10183,TORNAVACAS,10,10148,PLASENCIA,989
10184,EL TORNO,10,10148,PLASENCIA,805
10185,TORRECILLA DE LOS ANGELES,10,10067,CORIA,642
10186,TORRECILLAS DE LA TIESA,10,10195,TRUJILLO,1038
10187,TORRE DE DON MIGUEL,10,10067,CORIA,481
10188,TORRE DE SANTA MARÍA,10,10037,CÁCERES,508
10189,TORREJONCILLO,10,10067,CORIA,2743
10190,TORREJÓN EL RUBIO,10,10148,PLASENCIA,537
10191,TORREMENGA,10,10148,PLASENCIA,620
10192,TORREMOCHA,10,10037,CÁCERES,742
10193,TORREORGAZ,10,10037,CÁCERES,1641
10194,TORREQUEMADA,10,10037,CÁCERES,564
10195,TRUJILLO,10,10195,TRUJILLO,8611
10196,VALDASTILLAS,10,10148,PLASENCIA,332
10197,VALDECAÑAS DE TAJO,10,10131,NAVALMORAL DE LA MATA,96
10198,VALDEFUENTES,10,10037,CÁCERES,1074
10199,VALDEHÚNCAR,10,10131,NAVALMORAL DE LA MATA,188
10200,VALDELACASA DE TAJO,10,10131,NAVALMORAL DE LA MATA,338
10201,VALDEMORALES,10,10037,CÁCERES,218
10202,VALDEOBISPO,10,10148,PLASENCIA,617
10203,VALENCIA DE ALCÁNTARA,10,10203,VALENCIA DE ALCÁNTARA,5150
10204,VALVERDE DE LA VERA,10,10131,NAVALMORAL DE LA MATA,428
10205,VALVERDE DEL FRESNO,10,10067,CORIA,2143
10206,VIANDAR DE LA VERA,10,10131,NAVALMORAL DE LA MATA,216
10207,VILLA DEL CAMPO,10,10067,CORIA,435
10208,VILLA DEL REY,10,10037,CÁCERES,118
10209,VILLAMESÍAS,10,10195,TRUJILLO,271
10210,VILLAMIEL,10,10067,CORIA,379
10211,VILLANUEVA DE LA SIERRA,10,10067,CORIA,478
10212,VILLANUEVA DE LA VERA,10,10131,NAVALMORAL DE LA MATA,2108
10213,VILLAR DEL PEDROSO,10,10131,NAVALMORAL DE LA MATA,547
10214,VILLAR DE PLASENCIA,10,10148,PLASENCIA,224
10215,VILLASBUENAS DE GATA,10,10067,CORIA,481
10216,ZARZA DE GRANADILLA,10,10148,PLASENCIA,1815
10217,ZARZA DE MONTÁNCHEZ,10,10037,CÁCERES,504
10218,ZARZA LA MAYOR,10,10037,CÁCERES,1096
10219,ZORITA,10,10109,LOGROSÁN,1223
10901,ROSALEJO,10,10131,NAVALMORAL DE LA MATA,1268
10902,VEGAVIANA,10,10067,CORIA,837
10903,ALAGÓN DEL RÍO,10,10148,PLASENCIA,919
10904,TIÉTAR,10,10131,NAVALMORAL DE LA MATA,835
10905,PUEBLONUEVO DE MIRAMONTES,10,10131,NAVALMORAL DE LA MATA,762
11001,ALCALÁ DE LOS GAZULES,11,11015,CHICLANA DE LA FRONTERA,5230
11002,ALCALÁ DEL VALLE,11,11006,ARCOS DE LA FRONTERA,4864
11003,ALGAR,11,11006,ARCOS DE LA FRONTERA,1452
11004,ALGECIRAS,11,11004,ALGECIRAS,126589
11005,ALGODONALES,11,11006,ARCOS DE LA FRONTERA,5425
11006,ARCOS DE LA FRONTERA,11,11006,ARCOS DE LA FRONTERA,31267
11007,BARBATE,11,11007,BARBATE,22635
11008,LOS BARRIOS,11,11004,ALGECIRAS,24449
11009,BENAOCAZ,11,11038,UBRIQUE,742
11010,BORNOS,11,11006,ARCOS DE LA FRONTERA,7510
11011,EL BOSQUE,11,11038,UBRIQUE,2242
11012,CÁDIZ,11,11012,CÁDIZ,109950
11013,CASTELLAR DE LA FRONTERA,11,11033,SAN ROQUE,2984
11014,CONIL DE LA FRONTERA,11,11015,CHICLANA DE LA FRONTERA,24102
11015,CHICLANA DE LA FRONTERA,11,11015,CHICLANA DE LA FRONTERA,90864
11016,CHIPIONA,11,11032,SANLÚCAR DE BARRAMEDA,20076
11017,ESPERA,11,11006,ARCOS DE LA FRONTERA,3755
11018,EL GASTOR,11,11006,ARCOS DE LA FRONTERA,1675
11019,GRAZALEMA,11,11038,UBRIQUE,1977
11020,JEREZ DE LA FRONTERA,11,11020,JEREZ DE LA FRONTERA,213634
11021,JIMENA DE LA FRONTERA,11,11033,SAN ROQUE,6719
11022,LA LÍNEA DE LA CONCEPCIÓN,11,11022,LA LÍNEA DE LA CONCEPCIÓN,64499
11023,MEDINA-SIDONIA,11,11015,CHICLANA DE LA FRONTERA,11838
11024,OLVERA,11,11006,ARCOS DE LA FRONTERA,7842
11025,PATERNA DE RIVERA,11,11015,CHICLANA DE LA FRONTERA,5539
11026,PRADO DEL REY,11,11038,UBRIQUE,5692
11027,EL PUERTO DE SANTA MARÍA,11,11027,EL PUERTO DE SANTA MARÍA,89983
11028,PUERTO REAL,11,11028,PUERTO REAL,42527
11029,PUERTO SERRANO,11,11006,ARCOS DE LA FRONTERA,6877
11030,ROTA,11,11030,ROTA,29289
11031,SAN FERNANDO,11,11031,SAN FERNANDO,93338
11032,SANLÚCAR DE BARRAMEDA,11,11032,SANLÚCAR DE BARRAMEDA,70012
11033,SAN ROQUE,11,11033,SAN ROQUE,34310
11034,SETENIL DE LAS BODEGAS,11,11006,ARCOS DE LA FRONTERA,2634
11035,TARIFA,11,11004,ALGECIRAS,18613
11036,TORRE ALHÁQUIME,11,11006,ARCOS DE LA FRONTERA,781
11037,TREBUJENA,11,11032,SANLÚCAR DE BARRAMEDA,6999
11038,UBRIQUE,11,11038,UBRIQUE,16615
11039,VEJER DE LA FRONTERA,11,11007,BARBATE,13131
11040,VILLALUENGA DEL ROSARIO,11,11038,UBRIQUE,463
11041,VILLAMARTÍN,11,11006,ARCOS DE LA FRONTERA,12184
11042,ZAHARA,11,11038,UBRIQUE,1344
11901,BENALUP-CASAS VIEJAS,11,11015,CHICLANA DE LA FRONTERA,7236
11902,SAN JOSÉ DEL VALLE,11,11020,JEREZ DE LA FRONTERA,4419
11903,SAN MARTÍN DEL TESORILLO,11,11033,SAN ROQUE,2735
12001,ATZENETA DEL MAESTRAT,12,12040,CASTELLÓ DE LA PLANA,1284
12002,AÍN,12,12082,NULES,133
12003,ALBOCÁSSER,12,12040,CASTELLÓ DE LA PLANA,1370
12004,ALCALÀ DE XIVERT,12,12138,VINARÒS,7349
12005,L'ALCORA,12,12040,CASTELLÓ DE LA PLANA,10664
12006,ALCUDIA DE VEO,12,12082,NULES,200
12007,ALFONDEGUILLA,12,12082,NULES,881
12008,ALGIMIA DE ALMONACID,12,12104,SEGORBE,254
12009,ALMASSORA,12,12040,CASTELLÓ DE LA PLANA,29159
12010,ALMEDÍJAR,12,12104,SEGORBE,288
12011,ALMENARA,12,12082,NULES,6813
12012,ALTURA,12,12104,SEGORBE,3849
12013,ARAÑUEL,12,12082,NULES,148
12014,ARES DEL MAESTRAT,12,12138,VINARÒS,181
12015,ARGELITA,12,12082,NULES,139
12016,ARTANA,12,12082,NULES,1993
12017,AYÓDAR,12,12082,NULES,176
12018,AZUÉBAR,12,12104,SEGORBE,359
12020,BARRACAS,12,12104,SEGORBE,188
12021,BETXÍ,12,12082,NULES,5659
12022,BEJÍS,12,12104,SEGORBE,400
12024,BENAFER,12,12104,SEGORBE,168
12025,BENAFIGOS,12,12040,CASTELLÓ DE LA PLANA,121
12026,BENASSAL,12,12040,CASTELLÓ DE LA PLANA,1048
12027,BENICARLÓ,12,12138,VINARÒS,30296
12028,BENICASIM,12,12040,CASTELLÓ DE LA PLANA,20539
12029,BENLLOC,12,12040,CASTELLÓ DE LA PLANA,1143
12031,BORRIOL,12,12040,CASTELLÓ DE LA PLANA,6018
12032,BORRIANA/BURRIANA,12,12135,VILA-REAL,37915
12033,CABANES,12,12040,CASTELLÓ DE LA PLANA,3475
12034,CÀLIG,12,12138,VINARÒS,2042
12036,CANET LO ROIG,12,12138,VINARÒS,715
12037,CASTELL DE CABRES,12,12138,VINARÒS,21
12038,CASTELLFORT,12,12138,VINARÒS,178
12039,CASTELLNOVO,12,12104,SEGORBE,912
12040,CASTELLÓ DE LA PLANA/CASTELLÓN DE LA PLANA,12,12040,CASTELLÓ DE LA PLANA,183711
12041,CASTILLO DE VILLAMALEFA,12,12040,CASTELLÓ DE LA PLANA,110
12042,CATÍ,12,12138,VINARÒS,719
12043,CAUDIEL,12,12104,SEGORBE,735
12044,CERVERA DEL MAESTRE,12,12138,VINARÒS,617
12045,CINCTORRES,12,12138,VINARÒS,433
12046,CIRAT,12,12082,NULES,220
12048,CORTES DE ARENOSO,12,12040,CASTELLÓ DE LA PLANA,308
12049,COSTUR,12,12040,CASTELLÓ DE LA PLANA,511
12050,LES COVES DE VINROMÀ,12,12040,CASTELLÓ DE LA PLANA,1888
12051,CULLA,12,12040,CASTELLÓ DE LA PLANA,503
12052,XERT,12,12138,VINARÒS,702
12053,CHILCHES,12,12082,NULES,3199
12055,CHODOS,12,12040,CASTELLÓ DE LA PLANA,107
12056,CHÓVAR,12,12104,SEGORBE,316
12057,ESLIDA,12,12082,NULES,815
12058,ESPADILLA,12,12082,NULES,101
12059,FANZARA,12,12082,NULES,295
12060,FIGUEROLES,12,12040,CASTELLÓ DE LA PLANA,525
12061,FORCALL,12,12138,VINARÒS,475
12063,FUENTE LA REINA,12,12104,SEGORBE,55
12064,FUENTES DE AYÓDAR,12,12082,NULES,98
12065,GAIBIEL,12,12104,SEGORBE,200
12067,GELDO,12,12104,SEGORBE,665
12068,HERBERS,12,12138,VINARÒS,68
12069,HIGUERAS,12,12104,SEGORBE,54
12070,LA JANA,12,12138,VINARÒS,679
12071,JÉRICA,12,12104,SEGORBE,1764
12072,LLUCENA/LUCENA DEL CID,12,12040,CASTELLÓ DE LA PLANA,1421
12073,LUDIENTE,12,12040,CASTELLÓ DE LA PLANA,162
12074,LA LLOSA,12,12082,NULES,1033
12075,LA MATA DE MORELLA,12,12138,VINARÒS,196
12076,MATET,12,12104,SEGORBE,94
12077,MONCOFA,12,12082,NULES,8339
12078,MONTÁN,12,12104,SEGORBE,429
12079,MONTANEJOS,12,12104,SEGORBE,649
12080,MORELLA,12,12138,VINARÒS,2501
12081,NAVAJAS,12,12104,SEGORBE,906
12082,NULES,12,12082,NULES,14315
12083,OLOCAU DEL REY,12,12138,VINARÒS,135
12084,ONDA,12,12082,NULES,26190
12085,OROPESA DEL MAR,12,12040,CASTELLÓ DE LA PLANA,12640
12087,PALANQUES,12,12138,VINARÒS,34
12088,PAVÍAS,12,12104,SEGORBE,72
12089,PENÍSCOLA/PEÑÍSCOLA,12,12138,VINARÒS,8774
12090,PINA DE MONTALGRAO,12,12104,SEGORBE,121
12091,PORTELL DE MORELLA,12,12138,VINARÒS,155
12092,PUEBLA DE ARENOSO,12,12104,SEGORBE,169
12093,LA POBLA DE BENIFASSÀ,12,12138,VINARÒS,229
12094,LA POBLA TORNESA,12,12040,CASTELLÓ DE LA PLANA,1322
12095,RIBESALBES,12,12082,NULES,1191
12096,ROSSELL,12,12138,VINARÒS,910
12097,SACAÑET,12,12104,SEGORBE,67
12098,LA SALZADELLA,12,12138,VINARÒS,671
12099,SAN JORGE,12,12138,VINARÒS,1554
12100,SANT MATEU,12,12138,VINARÒS,2021
12101,SAN RAFAEL DEL RÍO,12,12138,VINARÒS,532
12102,SANTA MAGDALENA DE PULPIS,12,12138,VINARÒS,771
12103,LA SERRATELLA,12,12040,CASTELLÓ DE LA PLANA,113
12104,SEGORBE,12,12104,SEGORBE,9805
12105,SIERRA ENGARCERÁN,12,12040,CASTELLÓ DE LA PLANA,1039
12106,SONEJA,12,12104,SEGORBE,1521
12107,SOT DE FERRER,12,12104,SEGORBE,492
12108,SUERAS,12,12082,NULES,593
12109,TALES,12,12082,NULES,827
12110,TERESA,12,12104,SEGORBE,254
12111,TÍRIG,12,12138,VINARÒS,417
12112,TODOLELLA,12,12138,VINARÒS,136
12113,TOGA,12,12082,NULES,106
12114,TORÁS,12,12104,SEGORBE,271
12115,EL TORO,12,12104,SEGORBE,256
12116,TORRALBA DEL PINAR,12,12082,NULES,57
12117,TORREBLANCA,12,12040,CASTELLÓ DE LA PLANA,5744
12118,TORRECHIVA,12,12082,NULES,106
12119,LA TORRE D'EN BESORA,12,12040,CASTELLÓ DE LA PLANA,164
12120,TORRE D'EN DOMÉNEC,12,12040,CASTELLÓ DE LA PLANA,177
12121,TRAIGUERA,12,12138,VINARÒS,1302
12122,USERAS,12,12040,CASTELLÓ DE LA PLANA,954
12123,VALLAT,12,12082,NULES,66
12124,VALL D'ALBA,12,12040,CASTELLÓ DE LA PLANA,3218
12125,VALL DE ALMONACID,12,12104,SEGORBE,284
12126,LA VALL D'UIXÓ,12,12082,NULES,32242
12127,VALLIBONA,12,12138,VINARÒS,63
12128,VILAFAMÉS,12,12040,CASTELLÓ DE LA PLANA,1962
12129,VILAFRANCA/VILLAFRANCA DEL CID,12,12040,CASTELLÓ DE LA PLANA,2115
12130,VILLAHERMOSA DEL RÍO,12,12040,CASTELLÓ DE LA PLANA,473
12131,VILLAMALUR,12,12082,NULES,99
12132,VILANOVA D'ALCOLEA,12,12040,CASTELLÓ DE LA PLANA,584
12133,VILLANUEVA DE VIVER,12,12104,SEGORBE,94
12134,VILAR DE CANES,12,12040,CASTELLÓ DE LA PLANA,156
12135,VILA-REAL,12,12135,VILA-REAL,53623
12136,LA VILLAVELLA,12,12082,NULES,3054
12137,VILLORES,12,12138,VINARÒS,51
12138,VINARÒS,12,12138,VINARÒS,30529
12139,VISTABELLA DEL MAESTRAT,12,12040,CASTELLÓ DE LA PLANA,354
12140,VIVER,12,12104,SEGORBE,1729
12141,ZORITA DEL MAESTRAZGO,12,12138,VINARÒS,118
12142,ZUCAINA,12,12040,CASTELLÓ DE LA PLANA,171
12901,ALQUERIES/ALQUERÍAS DEL NIÑO PERDIDO,12,12082,NULES,4605
12902,SANT JOAN DE MORÓ,12,12040,CASTELLÓ DE LA PLANA,3695
13001,ABENÓJAR,13,13071,PUERTOLLANO,1309
13002,AGUDO,13,13011,ALMADÉN,1605
13003,ALAMILLO,13,13011,ALMADÉN,450
13004,ALBALADEJO,13,13093,VILLANUEVA DE LOS INFANTES,984
13005,ALCÁZAR DE SAN JUAN,13,13005,ALCÁZAR DE SAN JUAN,31914
13006,ALCOBA,13,13034,CIUDAD REAL,558
13007,ALCOLEA DE CALATRAVA,13,13034,CIUDAD REAL,1360
13008,ALCUBILLAS,13,13093,VILLANUEVA DE LOS INFANTES,417
13009,ALDEA DEL REY,13,13071,PUERTOLLANO,1565
13010,ALHAMBRA,13,13093,VILLANUEVA DE LOS INFANTES,946
13011,ALMADÉN,13,13011,ALMADÉN,4855
13012,ALMADENEJOS,13,13011,ALMADÉN,384
13013,ALMAGRO,13,13013,ALMAGRO,9190
13014,ALMEDINA,13,13093,VILLANUEVA DE LOS INFANTES,475
13015,ALMODÓVAR DEL CAMPO,13,13071,PUERTOLLANO,5637
13016,ALMURADIEL,13,13087,VALDEPEÑAS,744
13017,ANCHURAS,13,13034,CIUDAD REAL,267
13018,ARENAS DE SAN JUAN,13,13039,DAIMIEL,1013
13019,ARGAMASILLA DE ALBA,13,13082,TOMELLOSO,6777
13020,ARGAMASILLA DE CALATRAVA,13,13071,PUERTOLLANO,5847
13021,ARROBA DE LOS MONTES,13,13034,CIUDAD REAL,388
13022,BALLESTEROS DE CALATRAVA,13,13034,CIUDAD REAL,363
13023,BOLAÑOS DE CALATRAVA,13,13013,ALMAGRO,12153
13024,BRAZATORTAS,13,13071,PUERTOLLANO,1007
13025,CABEZARADOS,13,13071,PUERTOLLANO,279
13026,CABEZARRUBIAS DEL PUERTO,13,13071,PUERTOLLANO,483
13027,CALZADA DE CALATRAVA,13,13013,ALMAGRO,3668
13028,CAMPO DE CRIPTANA,13,13005,ALCÁZAR DE SAN JUAN,12868
13029,CAÑADA DE CALATRAVA,13,13034,CIUDAD REAL,99
13030,CARACUEL DE CALATRAVA,13,13071,PUERTOLLANO,140
13031,CARRIÓN DE CALATRAVA,13,13034,CIUDAD REAL,3239
13032,CARRIZOSA,13,13093,VILLANUEVA DE LOS INFANTES,1097
13033,CASTELLAR DE SANTIAGO,13,13087,VALDEPEÑAS,1714
13034,CIUDAD REAL,13,13034,CIUDAD REAL,76217
13035,CORRAL DE CALATRAVA,13,13071,PUERTOLLANO,1154
13036,LOS CORTIJOS,13,13034,CIUDAD REAL,848
13037,CÓZAR,13,13093,VILLANUEVA DE LOS INFANTES,903
13038,CHILLÓN,13,13011,ALMADÉN,1752
13039,DAIMIEL,13,13039,DAIMIEL,17722
13040,FERNÁN CABALLERO,13,13034,CIUDAD REAL,965
13041,FONTANAREJO,13,13034,CIUDAD REAL,223
13042,FUENCALIENTE,13,13071,PUERTOLLANO,1007
13043,FUENLLANA,13,13093,VILLANUEVA DE LOS INFANTES,189
13044,FUENTE EL FRESNO,13,13039,DAIMIEL,3011
13045,GRANÁTULA DE CALATRAVA,13,13013,ALMAGRO,683
13046,GUADALMEZ,13,13011,ALMADÉN,709
13047,HERENCIA,13,13005,ALCÁZAR DE SAN JUAN,8661
13048,HINOJOSAS DE CALATRAVA,13,13071,PUERTOLLANO,506
13049,HORCAJO DE LOS MONTES,13,13034,CIUDAD REAL,798
13050,LAS LABORES,13,13039,DAIMIEL,550
13051,LUCIANA,13,13034,CIUDAD REAL,350
13052,MALAGÓN,13,13034,CIUDAD REAL,7827
13053,MANZANARES,13,13053,MANZANARES,17728
13054,MEMBRILLA,13,13053,MANZANARES,5793
13055,MESTANZA,13,13071,PUERTOLLANO,634
13056,MIGUELTURRA,13,13034,CIUDAD REAL,15924
13057,MONTIEL,13,13093,VILLANUEVA DE LOS INFANTES,1167
13058,MORAL DE CALATRAVA,13,13087,VALDEPEÑAS,5184
13059,NAVALPINO,13,13034,CIUDAD REAL,193
13060,NAVAS DE ESTENA,13,13034,CIUDAD REAL,269
13061,PEDRO MUÑOZ,13,13005,ALCÁZAR DE SAN JUAN,7585
13062,PICÓN,13,13034,CIUDAD REAL,690
13063,PIEDRABUENA,13,13034,CIUDAD REAL,4305
13064,POBLETE,13,13034,CIUDAD REAL,2998
13065,PORZUNA,13,13034,CIUDAD REAL,3529
13066,POZUELO DE CALATRAVA,13,13013,ALMAGRO,4055
13067,LOS POZUELOS DE CALATRAVA,13,13071,PUERTOLLANO,326
13068,PUEBLA DE DON RODRIGO,13,13011,ALMADÉN,1148
13069,PUEBLA DEL PRÍNCIPE,13,13093,VILLANUEVA DE LOS INFANTES,648
13070,PUERTO LÁPICE,13,13005,ALCÁZAR DE SAN JUAN,824
13071,PUERTOLLANO,13,13071,PUERTOLLANO,45565
13072,RETUERTA DEL BULLAQUE,13,13034,CIUDAD REAL,854
13073,SACERUELA,13,13011,ALMADÉN,520
13074,SAN CARLOS DEL VALLE,13,13053,MANZANARES,1055
13075,SAN LORENZO DE CALATRAVA,13,13071,PUERTOLLANO,189
13076,SANTA CRUZ DE LOS CÁÑAMOS,13,13093,VILLANUEVA DE LOS INFANTES,463
13077,SANTA CRUZ DE MUDELA,13,13087,VALDEPEÑAS,3881
13078,SOCUÉLLAMOS,13,13082,TOMELLOSO,12172
13079,LA SOLANA,13,13053,MANZANARES,15242
13080,SOLANA DEL PINO,13,13071,PUERTOLLANO,333
13081,TERRINCHES,13,13093,VILLANUEVA DE LOS INFANTES,574
13082,TOMELLOSO,13,13082,TOMELLOSO,37060
13083,TORRALBA DE CALATRAVA,13,13034,CIUDAD REAL,3068
13084,TORRE DE JUAN ABAD,13,13093,VILLANUEVA DE LOS INFANTES,928
13085,TORRENUEVA,13,13087,VALDEPEÑAS,2645
13086,VALDEMANCO DEL ESTERAS,13,13011,ALMADÉN,157
13087,VALDEPEÑAS,13,13087,VALDEPEÑAS,30782
13088,VALENZUELA DE CALATRAVA,13,13013,ALMAGRO,638
13089,VILLAHERMOSA,13,13093,VILLANUEVA DE LOS INFANTES,1712
13090,VILLAMANRIQUE,13,13093,VILLANUEVA DE LOS INFANTES,1050
13091,VILLAMAYOR DE CALATRAVA,13,13071,PUERTOLLANO,611
13092,VILLANUEVA DE LA FUENTE,13,13093,VILLANUEVA DE LOS INFANTES,1831
13093,VILLANUEVA DE LOS INFANTES,13,13093,VILLANUEVA DE LOS INFANTES,4733
13094,VILLANUEVA DE SAN CARLOS,13,13071,PUERTOLLANO,261
13095,VILLAR DEL POZO,13,13034,CIUDAD REAL,45
13096,VILLARRUBIA DE LOS OJOS,13,13039,DAIMIEL,9512
13097,VILLARTA DE SAN JUAN,13,13053,MANZANARES,2681
13098,VISO DEL MARQUÉS,13,13087,VALDEPEÑAS,2091
13901,EL ROBLEDO,13,13034,CIUDAD REAL,1078
13902,RUIDERA,13,13082,TOMELLOSO,529
13903,ARENALES DE SAN GREGORIO,13,13005,ALCÁZAR DE SAN JUAN,626
13904,LLANOS,13,13053,MANZANARES,651
14001,ADAMUZ,14,14043,MONTORO,4100
14002,AGUILAR DE LA FRONTERA,14,14002,AGUILAR DE LA FRONTERA,13130
14003,ALCARACEJOS,14,14054,POZOBLANCO,1512
14004,ALMEDINILLA,14,14055,PRIEGO DE CÓRDOBA,2302
14005,ALMODÓVAR DEL RÍO,14,14053,POSADAS,8040
14006,AÑORA,14,14054,POZOBLANCO,1487
14007,BAENA,14,14007,BAENA,18386
14008,BELALCÁZAR,14,14052,PEÑARROYA-PUEBLONUEVO,3093
14009,BELMEZ,14,14052,PEÑARROYA-PUEBLONUEVO,2833
14010,BENAMEJÍ,14,14038,LUCENA,4895
14011,LOS BLÁZQUEZ,14,14052,PEÑARROYA-PUEBLONUEVO,619
14012,BUJALANCE,14,14043,MONTORO,7065
14013,CABRA,14,14013,CABRA,19995
14014,CAÑETE DE LAS TORRES,14,14043,MONTORO,2766
14015,CARCABUEY,14,14055,PRIEGO DE CÓRDOBA,2302
14016,CARDEÑA,14,14043,MONTORO,1387
14017,LA CARLOTA,14,14053,POSADAS,14503
14018,EL CARPIO,14,14043,MONTORO,4327
14019,CASTRO DEL RÍO,14,14021,CÓRDOBA,7597
14020,CONQUISTA,14,14054,POZOBLANCO,367
14021,CÓRDOBA,14,14021,CÓRDOBA,323262
14022,DOÑA MENCÍA,14,14013,CABRA,4465
14023,DOS TORRES,14,14054,POZOBLANCO,2340
14024,ENCINAS REALES,14,14038,LUCENA,2208
14025,ESPEJO,14,14021,CÓRDOBA,3175
14026,ESPIEL,14,14052,PEÑARROYA-PUEBLONUEVO,2326
14027,FERNÁN-NÚÑEZ,14,14042,MONTILLA,9670
14028,FUENTE LA LANCHA,14,14052,PEÑARROYA-PUEBLONUEVO,330
14029,FUENTE OBEJUNA,14,14052,PEÑARROYA-PUEBLONUEVO,4309
14030,FUENTE PALMERA,14,14053,POSADAS,9883
14031,FUENTE-TÓJAR,14,14055,PRIEGO DE CÓRDOBA,666
14032,LA GRANJUELA,14,14052,PEÑARROYA-PUEBLONUEVO,412
14033,GUADALCÁZAR,14,14053,POSADAS,1589
14034,EL GUIJO,14,14054,POZOBLANCO,342
14035,HINOJOSA DEL DUQUE,14,14052,PEÑARROYA-PUEBLONUEVO,6534
14036,HORNACHUELOS,14,14053,POSADAS,4383
14037,IZNÁJAR,14,14038,LUCENA,3676
14038,LUCENA,14,14038,LUCENA,43408
14039,LUQUE,14,14007,BAENA,2796
14040,MONTALBÁN DE CÓRDOBA,14,14042,MONTILLA,4401
14041,MONTEMAYOR,14,14042,MONTILLA,3859
14042,MONTILLA,14,14042,MONTILLA,22305
14043,MONTORO,14,14043,MONTORO,9004
14044,MONTURQUE,14,14002,AGUILAR DE LA FRONTERA,1929
14045,MORILES,14,14002,AGUILAR DE LA FRONTERA,3667
14046,NUEVA CARTEYA,14,14013,CABRA,5235
14047,OBEJO,14,14021,CÓRDOBA,2101
14048,PALENCIANA,14,14038,LUCENA,1431
14049,PALMA DEL RÍO,14,14053,POSADAS,20438
14050,PEDRO ABAD,14,14043,MONTORO,2794
14051,PEDROCHE,14,14054,POZOBLANCO,1441
14052,PEÑARROYA-PUEBLONUEVO,14,14052,PEÑARROYA-PUEBLONUEVO,10244
14053,POSADAS,14,14053,POSADAS,7273
14054,POZOBLANCO,14,14054,POZOBLANCO,16931
14055,PRIEGO DE CÓRDOBA,14,14055,PRIEGO DE CÓRDOBA,21764
14056,PUENTE GENIL,14,14056,PUENTE GENIL,29963
14057,LA RAMBLA,14,14042,MONTILLA,7412
14058,RUTE,14,14038,LUCENA,9824
14059,SAN SEBASTIÁN DE LOS BALLESTEROS,14,14042,MONTILLA,865
14060,SANTAELLA,14,14042,MONTILLA,4641
14061,SANTA EUFEMIA,14,14054,POZOBLANCO,685
14062,TORRECAMPO,14,14054,POZOBLANCO,992
14063,VALENZUELA,14,14007,BAENA,1030
14064,VALSEQUILLO,14,14052,PEÑARROYA-PUEBLONUEVO,351
14065,LA VICTORIA,14,14042,MONTILLA,2320
14066,VILLA DEL RÍO,14,14043,MONTORO,6852
14067,VILLAFRANCA DE CÓRDOBA,14,14043,MONTORO,4895
14068,VILLAHARTA,14,14021,CÓRDOBA,630
14069,VILLANUEVA DE CÓRDOBA,14,14054,POZOBLANCO,8328
14070,VILLANUEVA DEL DUQUE,14,14054,POZOBLANCO,1409
14071,VILLANUEVA DEL REY,14,14052,PEÑARROYA-PUEBLONUEVO,1031
14072,VILLARALTO,14,14054,POZOBLANCO,1059
14073,VILLAVICIOSA DE CÓRDOBA,14,14021,CÓRDOBA,3043
14074,EL VISO,14,14054,POZOBLANCO,2499
14075,ZUHEROS,14,14013,CABRA,596
14901,FUENTE CARRETEROS,14,14053,POSADAS,1073
14902,LA GUIJARROSA,14,14042,MONTILLA,1358
15001,ABEGONDO,15,15009,BETANZOS,5631
15002,AMES,15,15078,SANTIAGO DE COMPOSTELA,33276
15003,ARANGA,15,15009,BETANZOS,1793
15004,ARES,15,15036,FERROL,6275
15005,ARTEIXO,15,15030,A CORUÑA,34403
15006,ARZÚA,15,15006,ARZÚA,5916
15007,A BAÑA,15,15056,NEGREIRA,3239
15008,BERGONDO,15,15009,BETANZOS,7135
15009,BETANZOS,15,15009,BETANZOS,13533
15010,BOIMORTO,15,15006,ARZÚA,1803
15011,BOIRO,15,15073,RIBEIRA,18967
15012,BOQUEIXÓN,15,15078,SANTIAGO DE COMPOSTELA,4219
15013,BRIÓN,15,15056,NEGREIRA,8192
15014,CABANA DE BERGANTIÑOS,15,15019,CARBALLO,4067
15015,CABANAS,15,15036,FERROL,3287
15016,CAMARIÑAS,15,15028,CORCUBIÓN,5075
15017,CAMBRE,15,15030,A CORUÑA,24765
15018,A CAPELA,15,15036,FERROL,1165
15019,CARBALLO,15,15019,CARBALLO,32120
15020,CARNOTA,15,15053,MUROS,3780
15021,CARRAL,15,15030,A CORUÑA,6840
15022,CEDEIRA,15,15061,ORTIGUEIRA,6547
15023,CEE,15,15028,CORCUBIÓN,7731
15024,CERCEDA,15,15030,A CORUÑA,5116
15025,CERDIDO,15,15061,ORTIGUEIRA,1006
15027,COIRÓS,15,15009,BETANZOS,1945
15028,CORCUBIÓN,15,15028,CORCUBIÓN,1659
15029,CORISTANCO,15,15019,CARBALLO,5710
15030,A CORUÑA,15,15030,A CORUÑA,251543
15031,CULLEREDO,15,15030,A CORUÑA,31254
15032,CURTIS,15,15009,BETANZOS,4242
15033,DODRO,15,15065,PADRÓN,2589
15034,DUMBRÍA,15,15028,CORCUBIÓN,2716
15035,FENE,15,15036,FERROL,12467
15036,FERROL,15,15036,FERROL,64367
15037,FISTERRA,15,15028,CORCUBIÓN,4666
15038,FRADES,15,15059,ORDES,2117
15039,IRIXOA,15,15009,BETANZOS,1343
15040,LAXE,15,15019,CARBALLO,2883
15041,A LARACHA,15,15019,CARBALLO,11781
15042,LOUSAME,15,15057,NOIA,3056
15043,MALPICA DE BERGANTIÑOS,15,15019,CARBALLO,5232
15044,MAÑÓN,15,15061,ORTIGUEIRA,1218
15045,MAZARICOS,15,15053,MUROS,3721
15046,MELIDE,15,15006,ARZÚA,7817
15047,MESÍA,15,15059,ORDES,2367
15048,MIÑO,15,15009,BETANZOS,7108
15049,MOECHE,15,15061,ORTIGUEIRA,1194
15050,MONFERO,15,15009,BETANZOS,1816
15051,MUGARDOS,15,15036,FERROL,5203
15052,MUXÍA,15,15028,CORCUBIÓN,4326
15053,MUROS,15,15053,MUROS,8173
15054,NARÓN,15,15036,FERROL,39953
15055,NEDA,15,15036,FERROL,4925
15056,NEGREIRA,15,15056,NEGREIRA,6969
15057,NOIA,15,15057,NOIA,14123
15058,OLEIROS,15,15030,A CORUÑA,38793
15059,ORDES,15,15059,ORDES,12990
15060,OROSO,15,15059,ORDES,7776
15061,ORTIGUEIRA,15,15061,ORTIGUEIRA,5384
15062,OUTES,15,15053,MUROS,5998
15064,PADERNE,15,15009,BETANZOS,2450
15065,PADRÓN,15,15065,PADRÓN,8334
15066,O PINO,15,15006,ARZÚA,4589
15067,A POBRA DO CARAMIÑAL,15,15073,RIBEIRA,9126
15068,PONTECESO,15,15019,CARBALLO,5268
15069,PONTEDEUME,15,15009,BETANZOS,7431
15070,AS PONTES DE GARCÍA RODRÍGUEZ,15,15036,FERROL,9796
15071,PORTO DO SON,15,15057,NOIA,9060
15072,RIANXO,15,15065,PADRÓN,10758
15073,RIBEIRA,15,15073,RIBEIRA,27102
15074,ROIS,15,15065,PADRÓN,4358
15075,SADA,15,15009,BETANZOS,17421
15076,SAN SADURNIÑO,15,15036,FERROL,2738
15077,SANTA COMBA,15,15056,NEGREIRA,9442
15078,SANTIAGO DE COMPOSTELA,15,15078,SANTIAGO DE COMPOSTELA,100965
15079,SANTISO,15,15006,ARZÚA,1430
15080,SOBRADO,15,15009,BETANZOS,1830
15081,AS SOMOZAS,15,15036,FERROL,1042
15082,TEO,15,15078,SANTIAGO DE COMPOSTELA,18968
15083,TOQUES,15,15006,ARZÚA,1056
15084,TORDOIA,15,15059,ORDES,3152
15085,TOURO,15,15006,ARZÚA,3342
15086,TRAZO,15,15059,ORDES,2986
15087,VALDOVIÑO,15,15036,FERROL,6818
15088,VAL DO DUBRA,15,15059,ORDES,3680
15089,VEDRA,15,15078,SANTIAGO DE COMPOSTELA,4903
15090,VILASANTAR,15,15009,BETANZOS,1233
15091,VILARMAIOR,15,15009,BETANZOS,1242
15092,VIMIANZO,15,15028,CORCUBIÓN,6768
15093,ZAS,15,15028,CORCUBIÓN,4199
15901,CARIÑO,15,15061,ORTIGUEIRA,3661
15902,OZA-CESURAS,15,15009,BETANZOS,5159
16001,ABIA DE LA OBISPALÍA,16,16078,CUENCA,68
16002,EL ACEBRÓN,16,16203,TARANCÓN,234
16003,ALARCÓN,16,16134,MOTILLA DEL PALANCAR,173
16004,ALBALADEJO DEL CUENDE,16,16078,CUENCA,196
16005,ALBALATE DE LAS NOGUERAS,16,16078,CUENCA,261
16006,ALBENDEA,16,16078,CUENCA,132
16007,LA ALBERCA DE ZÁNCARA,16,16190,SAN CLEMENTE,1504
16008,ALCALÁ DE LA VEGA,16,16078,CUENCA,80
16009,ALCANTUD,16,16078,CUENCA,59
16010,ALCÁZAR DEL REY,16,16203,TARANCÓN,171
16011,ALCOHUJATE,16,16078,CUENCA,25
16012,ALCONCHEL DE LA ESTRELLA,16,16203,TARANCÓN,75
16013,ALGARRA,16,16078,CUENCA,25
16014,ALIAGUILLA,16,16078,CUENCA,594
16015,LA ALMARCHA,16,16190,SAN CLEMENTE,469
16016,ALMENDROS,16,16203,TARANCÓN,240
16017,ALMODÓVAR DEL PINAR,16,16134,MOTILLA DEL PALANCAR,401
16018,ALMONACID DEL MARQUESADO,16,16203,TARANCÓN,412
16019,ALTAREJOS,16,16078,CUENCA,193
16020,ARANDILLA DEL ARROYO,16,16078,CUENCA,14
16022,ARCOS DE LA SIERRA,16,16078,CUENCA,77
16023,CHILLARÓN DE CUENCA,16,16078,CUENCA,907
16024,ARGUISUELAS,16,16078,CUENCA,127
16025,ARRANCACEPAS,16,16078,CUENCA,14
16026,ATALAYA DEL CAÑAVATE,16,16190,SAN CLEMENTE,91
16027,BARAJAS DE MELO,16,16203,TARANCÓN,1011
16029,BARCHÍN DEL HOYO,16,16134,MOTILLA DEL PALANCAR,104
16030,BASCUÑANA DE SAN PEDRO,16,16078,CUENCA,23
16031,BEAMUD,16,16078,CUENCA,45
16032,BELINCHÓN,16,16203,TARANCÓN,453
16033,BELMONTE,16,16203,TARANCÓN,1751
16034,BELMONTEJO,16,16078,CUENCA,122
16035,BETETA,16,16078,CUENCA,253
16036,BONICHES,16,16078,CUENCA,135
16038,BUCIEGAS,16,16078,CUENCA,36
16039,BUENACHE DE ALARCÓN,16,16134,MOTILLA DEL PALANCAR,447
16040,BUENACHE DE LA SIERRA,16,16078,CUENCA,112
16041,BUENDÍA,16,16203,TARANCÓN,422
16042,CAMPILLO DE ALTOBUEY,16,16134,MOTILLA DEL PALANCAR,1312
16043,CAMPILLOS-PARAVIENTOS,16,16078,CUENCA,112
16044,CAMPILLOS-SIERRA,16,16078,CUENCA,28
16045,CANALEJAS DEL ARROYO,16,16078,CUENCA,153
16046,CAÑADA DEL HOYO,16,16078,CUENCA,221
16047,CAÑADA JUNCOSA,16,16190,SAN CLEMENTE,213
16048,CAÑAMARES,16,16078,CUENCA,457
16049,EL CAÑAVATE,16,16190,SAN CLEMENTE,125
16050,CAÑAVERAS,16,16078,CUENCA,230
16051,CAÑAVERUELAS,16,16078,CUENCA,110
16052,CAÑETE,16,16078,CUENCA,877
16053,CAÑIZARES,16,16078,CUENCA,441
16055,CARBONERAS DE GUADAZAÓN,16,16078,CUENCA,797
16056,CARDENETE,16,16078,CUENCA,479
16057,CARRASCOSA,16,16078,CUENCA,69
16058,CARRASCOSA DE HARO,16,16203,TARANCÓN,87
16060,CASAS DE BENÍTEZ,16,16190,SAN CLEMENTE,872
16061,CASAS DE FERNANDO ALONSO,16,16190,SAN CLEMENTE,1041
16062,CASAS DE GARCIMOLINA,16,16078,CUENCA,30
16063,CASAS DE GUIJARRO,16,16190,SAN CLEMENTE,105
16064,CASAS DE HARO,16,16190,SAN CLEMENTE,812
16065,CASAS DE LOS PINOS,16,16190,SAN CLEMENTE,374
16066,CASASIMARRO,16,16134,MOTILLA DEL PALANCAR,3177
16067,CASTEJÓN,16,16078,CUENCA,120
16068,CASTILLEJO DE INIESTA,16,16134,MOTILLA DEL PALANCAR,94
16070,CASTILLEJO-SIERRA,16,16078,CUENCA,31
16071,CASTILLO-ALBARÁÑEZ,16,16078,CUENCA,17
16072,CASTILLO DE GARCIMUÑOZ,16,16190,SAN CLEMENTE,129
16073,CERVERA DEL LLANO,16,16203,TARANCÓN,220
16074,LA CIERVA,16,16078,CUENCA,39
16078,CUENCA,16,16078,CUENCA,53600
16079,CUEVA DEL HIERRO,16,16078,CUENCA,27
16081,CHUMILLAS,16,16134,MOTILLA DEL PALANCAR,49
16082,ENGUÍDANOS,16,16134,MOTILLA DEL PALANCAR,274
16083,FRESNEDA DE ALTAREJOS,16,16078,CUENCA,35
16084,FRESNEDA DE LA SIERRA,16,16078,CUENCA,42
16085,LA FRONTERA,16,16078,CUENCA,155
16086,FUENTE DE PEDRO NAHARRO,16,16203,TARANCÓN,1290
16087,FUENTELESPINO DE HARO,16,16203,TARANCÓN,230
16088,FUENTELESPINO DE MOYA,16,16078,CUENCA,101
16089,FUENTES,16,16078,CUENCA,462
16091,FUERTESCUSA,16,16078,CUENCA,65
16092,GABALDÓN,16,16134,MOTILLA DEL PALANCAR,146
16093,GARABALLA,16,16078,CUENCA,58
16094,GASCUEÑA,16,16078,CUENCA,132
16095,GRAJA DE CAMPALBO,16,16078,CUENCA,85
16096,GRAJA DE INIESTA,16,16134,MOTILLA DEL PALANCAR,343
16097,HENAREJOS,16,16078,CUENCA,134
16098,EL HERRUMBLAR,16,16134,MOTILLA DEL PALANCAR,800
16099,LA HINOJOSA,16,16190,SAN CLEMENTE,184
16100,LOS HINOJOSOS,16,16203,TARANCÓN,702
16101,EL HITO,16,16203,TARANCÓN,118
16102,HONRUBIA,16,16190,SAN CLEMENTE,1529
16103,HONTANAYA,16,16203,TARANCÓN,255
16104,HONTECILLAS,16,16134,MOTILLA DEL PALANCAR,54
16106,HORCAJO DE SANTIAGO,16,16203,TARANCÓN,3894
16107,HUÉLAMO,16,16078,CUENCA,68
16108,HUELVES,16,16203,TARANCÓN,105
16109,HUÉRGUINA,16,16078,CUENCA,41
16110,HUERTA DE LA OBISPALÍA,16,16078,CUENCA,126
16111,HUERTA DEL MARQUESADO,16,16078,CUENCA,155
16112,HUETE,16,16203,TARANCÓN,1814
16113,INIESTA,16,16134,MOTILLA DEL PALANCAR,4567
16115,LAGUNA DEL MARQUESADO,16,16078,CUENCA,54
16116,LAGUNASECA,16,16078,CUENCA,50
16117,LANDETE,16,16078,CUENCA,1175
16118,LEDAÑA,16,16134,MOTILLA DEL PALANCAR,1552
16119,LEGANIEL,16,16203,TARANCÓN,223
16121,LAS MAJADAS,16,16078,CUENCA,214
16122,MARIANA,16,16078,CUENCA,332
16123,MASEGOSA,16,16078,CUENCA,58
16124,LAS MESAS,16,16190,SAN CLEMENTE,2234
16125,MINGLANILLA,16,16134,MOTILLA DEL PALANCAR,2388
16126,MIRA,16,16078,CUENCA,917
16128,MONREAL DEL LLANO,16,16203,TARANCÓN,44
16129,MONTALBANEJO,16,16203,TARANCÓN,82
16130,MONTALBO,16,16203,TARANCÓN,703
16131,MONTEAGUDO DE LAS SALINAS,16,16134,MOTILLA DEL PALANCAR,126
16132,MOTA DE ALTAREJOS,16,16078,CUENCA,25
16133,MOTA DEL CUERVO,16,16190,SAN CLEMENTE,6089
16134,MOTILLA DEL PALANCAR,16,16134,MOTILLA DEL PALANCAR,6432
16135,MOYA,16,16078,CUENCA,133
16137,NARBONETA,16,16078,CUENCA,42
16139,OLIVARES DE JÚCAR,16,16190,SAN CLEMENTE,290
16140,OLMEDA DE LA CUESTA,16,16078,CUENCA,16
16141,OLMEDA DEL REY,16,16134,MOTILLA DEL PALANCAR,129
16142,OLMEDILLA DE ALARCÓN,16,16134,MOTILLA DEL PALANCAR,128
16143,OLMEDILLA DE ELIZ,16,16078,CUENCA,20
16145,OSA DE LA VEGA,16,16203,TARANCÓN,450
16146,PAJARÓN,16,16078,CUENCA,71
16147,PAJARONCILLO,16,16078,CUENCA,59
16148,PALOMARES DEL CAMPO,16,16203,TARANCÓN,556
16149,PALOMERA,16,16078,CUENCA,187
16150,PARACUELLOS,16,16134,MOTILLA DEL PALANCAR,105
16151,PAREDES,16,16203,TARANCÓN,61
16152,LA PARRA DE LAS VEGAS,16,16078,CUENCA,36
16153,EL PEDERNOSO,16,16190,SAN CLEMENTE,1113
16154,LAS PEDROÑERAS,16,16190,SAN CLEMENTE,6416
16155,EL PERAL,16,16134,MOTILLA DEL PALANCAR,660
16156,LA PERALEJA,16,16203,TARANCÓN,77
16157,LA PESQUERA,16,16134,MOTILLA DEL PALANCAR,228
16158,EL PICAZO,16,16134,MOTILLA DEL PALANCAR,693
16159,PINAREJO,16,16190,SAN CLEMENTE,172
16160,PINEDA DE GIGÜELA,16,16203,TARANCÓN,58
16161,PIQUERAS DEL CASTILLO,16,16134,MOTILLA DEL PALANCAR,36
16162,PORTALRUBIO DE GUADAMEJUD,16,16203,TARANCÓN,35
16163,PORTILLA,16,16078,CUENCA,58
16165,POYATOS,16,16078,CUENCA,70
16166,POZOAMARGO,16,16190,SAN CLEMENTE,255
16167,POZORRUBIO DE SANTIAGO,16,16203,TARANCÓN,307
16169,EL POZUELO,16,16078,CUENCA,47
16170,PRIEGO,16,16078,CUENCA,912
16171,EL PROVENCIO,16,16190,SAN CLEMENTE,2327
16172,PUEBLA DE ALMENARA,16,16203,TARANCÓN,294
16173,EL VALLE DE ALTOMIRA,16,16203,TARANCÓN,191
16174,PUEBLA DEL SALVADOR,16,16134,MOTILLA DEL PALANCAR,190
16175,QUINTANAR DEL REY,16,16134,MOTILLA DEL PALANCAR,7508
16176,RADA DE HARO,16,16203,TARANCÓN,49
16177,REÍLLO,16,16078,CUENCA,106
16181,ROZALÉN DEL MONTE,16,16203,TARANCÓN,48
16185,SACEDA-TRASIERRA,16,16203,TARANCÓN,33
16186,SAELICES,16,16203,TARANCÓN,475
16187,SALINAS DEL MANZANO,16,16078,CUENCA,86
16188,SALMERONCILLOS,16,16078,CUENCA,106
16189,SALVACAÑETE,16,16078,CUENCA,300
16190,SAN CLEMENTE,16,16190,SAN CLEMENTE,6797
16191,SAN LORENZO DE LA PARRILLA,16,16078,CUENCA,1119
16192,SAN MARTÍN DE BONICHES,16,16078,CUENCA,43
16193,SAN PEDRO PALMICHES,16,16078,CUENCA,54
16194,SANTA CRUZ DE MOYA,16,16078,CUENCA,233
16195,SANTA MARÍA DEL CAMPO RUS,16,16190,SAN CLEMENTE,527
16196,SANTA MARÍA DE LOS LLANOS,16,16190,SAN CLEMENTE,660
16197,SANTA MARÍA DEL VAL,16,16078,CUENCA,55
16198,SISANTE,16,16190,SAN CLEMENTE,1640
16199,SOLERA DE GABALDÓN,16,16134,MOTILLA DEL PALANCAR,32
16202,TALAYUELAS,16,16078,CUENCA,873
16203,TARANCÓN,16,16203,TARANCÓN,16748
16204,TÉBAR,16,16134,MOTILLA DEL PALANCAR,300
16205,TEJADILLOS,16,16078,CUENCA,102
16206,TINAJAS,16,16203,TARANCÓN,184
16209,TORRALBA,16,16078,CUENCA,107
16211,TORREJONCILLO DEL REY,16,16203,TARANCÓN,341
16212,TORRUBIA DEL CAMPO,16,16203,TARANCÓN,312
16213,TORRUBIA DEL CASTILLO,16,16190,SAN CLEMENTE,42
16215,TRAGACETE,16,16078,CUENCA,263
16216,TRESJUNCOS,16,16203,TARANCÓN,258
16217,TRIBALDOS,16,16203,TARANCÓN,101
16218,UCLÉS,16,16203,TARANCÓN,230
16219,UÑA,16,16078,CUENCA,90
16224,VALDEMECA,16,16078,CUENCA,83
16225,VALDEMORILLO DE LA SIERRA,16,16078,CUENCA,49
16227,VALDEMORO-SIERRA,16,16078,CUENCA,96
16228,VALDEOLIVAS,16,16078,CUENCA,206
16231,VALHERMOSO DE LA FUENTE,16,16134,MOTILLA DEL PALANCAR,61
16234,VALSALOBRE,16,16078,CUENCA,17
16236,VALVERDE DE JÚCAR,16,16078,CUENCA,1118
16237,VALVERDEJO,16,16134,MOTILLA DEL PALANCAR,86
16238,VARA DE REY,16,16190,SAN CLEMENTE,466
16239,VEGA DEL CODORNO,16,16078,CUENCA,141
16240,VELLISCA,16,16203,TARANCÓN,128
16242,VILLACONEJOS DE TRABAQUE,16,16078,CUENCA,325
16243,VILLAESCUSA DE HARO,16,16203,TARANCÓN,480
16244,VILLAGARCÍA DEL LLANO,16,16134,MOTILLA DEL PALANCAR,763
16245,VILLALBA DE LA SIERRA,16,16078,CUENCA,569
16246,VILLALBA DEL REY,16,16203,TARANCÓN,468
16247,VILLALGORDO DEL MARQUESADO,16,16203,TARANCÓN,59
16248,VILLALPARDO,16,16134,MOTILLA DEL PALANCAR,979
16249,VILLAMAYOR DE SANTIAGO,16,16203,TARANCÓN,2336
16250,VILLANUEVA DE GUADAMEJUD,16,16203,TARANCÓN,59
16251,VILLANUEVA DE LA JARA,16,16134,MOTILLA DEL PALANCAR,2396
16253,VILLAR DE CAÑAS,16,16203,TARANCÓN,389
16254,VILLAR DE DOMINGO GARCÍA,16,16078,CUENCA,217
16255,VILLAR DE LA ENCINA,16,16203,TARANCÓN,146
16258,VILLAR DEL HUMO,16,16078,CUENCA,182
16259,VILLAR DEL INFANTADO,16,16078,CUENCA,34
16263,VILLAR DE OLALLA,16,16078,CUENCA,1575
16264,VILLAREJO DE FUENTES,16,16203,TARANCÓN,387
16265,VILLAREJO DE LA PEÑUELA,16,16078,CUENCA,16
16266,VILLAREJO-PERIESTEBAN,16,16078,CUENCA,375
16269,VILLARES DEL SAZ,16,16203,TARANCÓN,499
16270,VILLARRUBIO,16,16203,TARANCÓN,211
16271,VILLARTA,16,16134,MOTILLA DEL PALANCAR,853
16272,VILLAS DE LA VENTOSA,16,16078,CUENCA,225
16273,VILLAVERDE Y PASACONSOL,16,16078,CUENCA,318
16274,VÍLLORA,16,16078,CUENCA,120
16275,VINDEL,16,16078,CUENCA,19
16276,YÉMEDA,16,16078,CUENCA,18
16277,ZAFRA DE ZÁNCARA,16,16203,TARANCÓN,92
16278,ZAFRILLA,16,16078,CUENCA,59
16279,ZARZA DE TAJO,16,16203,TARANCÓN,320
16280,ZARZUELA,16,16078,CUENCA,174
16901,CAMPOS DEL PARAÍSO,16,16203,TARANCÓN,646
16902,VALDETÓRTOLA,16,16078,CUENCA,115
16903,LAS VALERAS,16,16078,CUENCA,1528
16904,FUENTENAVA DE JÁBAGA,16,16078,CUENCA,634
16905,ARCAS,16,16078,CUENCA,2332
16906,LOS VALDECOLMENAS,16,16078,CUENCA,69
16908,POZORRUBIELOS DE LA MANCHA,16,16134,MOTILLA DEL PALANCAR,166
16909,SOTORRIBAS,16,16078,CUENCA,711
16910,VILLAR Y VELASCO,16,16078,CUENCA,91
17001,AGULLANA,17,17066,FIGUERES,880
17002,AIGUAVIVA,17,17079,GIRONA,804
17003,ALBANYÀ,17,17066,FIGUERES,157
17004,ALBONS,17,17022,LA BISBAL D'EMPORDÀ,845
17005,EL FAR D'EMPORDÀ,17,17066,FIGUERES,628
17006,ALP,17,17141,PUIGCERDÀ,1724
17007,AMER,17,17180,SANTA COLOMA DE FARNERS,2422
17008,ANGLÈS,17,17180,SANTA COLOMA DE FARNERS,5944
17009,ARBÚCIES,17,17180,SANTA COLOMA DE FARNERS,6665
17010,ARGELAGUER,17,17114,OLOT,468
17011,L'ARMENTERA,17,17066,FIGUERES,1080
17012,AVINYONET DE PUIGVENTÓS,17,17066,FIGUERES,1671
17013,BEGUR,17,17022,LA BISBAL D'EMPORDÀ,4291
17014,LA VAJOL,17,17066,FIGUERES,112
17015,BANYOLES,17,17079,GIRONA,20865
17016,BÀSCARA,17,17066,FIGUERES,1049
17018,BELLCAIRE D'EMPORDÀ,17,17022,LA BISBAL D'EMPORDÀ,723
17019,BESALÚ,17,17114,OLOT,2592
17020,BESCANÓ,17,17079,GIRONA,5088
17021,BEUDA,17,17114,OLOT,203
17022,LA BISBAL D'EMPORDÀ,17,17022,LA BISBAL D'EMPORDÀ,11757
17023,BLANES,17,17023,BLANES,42699
17024,BOLVIR,17,17141,PUIGCERDÀ,493
17025,BORDILS,17,17079,GIRONA,1841
17026,BORRASSÀ,17,17066,FIGUERES,804
17027,BREDA,17,17180,SANTA COLOMA DE FARNERS,3969
17028,BRUNYOLA I SANT MARTÍ SAPRESA,17,17180,SANTA COLOMA DE FARNERS,401
17029,BOADELLA I LES ESCAULES,17,17066,FIGUERES,262
17030,CABANES,17,17066,FIGUERES,995
17031,CABANELLES,17,17066,FIGUERES,286
17032,CADAQUÉS,17,17066,FIGUERES,2918
17033,CALDES DE MALAVELLA,17,17180,SANTA COLOMA DE FARNERS,8673
17034,CALONGE I SANT ANTONI,17,17160,SANT FELIU DE GUIXOLS,12335
17035,CAMÓS,17,17079,GIRONA,701
17036,CAMPDEVÀNOL,17,17147,RIPOLL,3241
17037,CAMPELLES,17,17147,RIPOLL,163
17038,CAMPLLONG,17,17079,GIRONA,534
17039,CAMPRODON,17,17147,RIPOLL,2570
17040,CANET D'ADRI,17,17079,GIRONA,744
17041,CANTALLOPS,17,17066,FIGUERES,366
17042,CAPMANY,17,17066,FIGUERES,680
17043,QUERALBS,17,17147,RIPOLL,202
17044,CASSÀ DE LA SELVA,17,17079,GIRONA,11131
17046,CASTELLFOLLIT DE LA ROCA,17,17114,OLOT,966
17047,CASTELLÓ D'EMPÚRIES,17,17066,FIGUERES,12201
17048,"CASTELL D'ARO, PLATJA D'ARO I S'AGARÓ",17,17160,SANT FELIU DE GUIXOLS,12982
17049,CELRÀ,17,17079,GIRONA,5621
17050,CERVIÀ DE TER,17,17079,GIRONA,1029
17051,CISTELLA,17,17066,FIGUERES,283
17052,SIURANA,17,17066,FIGUERES,188
17054,COLERA,17,17066,FIGUERES,494
17055,COLOMERS,17,17022,LA BISBAL D'EMPORDÀ,208
17056,CORNELLÀ DEL TERRI,17,17079,GIRONA,2414
17057,CORÇÀ,17,17022,LA BISBAL D'EMPORDÀ,1283
17058,CRESPIÀ,17,17079,GIRONA,254
17060,DARNIUS,17,17066,FIGUERES,563
17061,DAS,17,17141,PUIGCERDÀ,261
17062,L'ESCALA,17,17066,FIGUERES,10374
17063,ESPINELVES,17,17180,SANTA COLOMA DE FARNERS,261
17064,ESPOLLA,17,17066,FIGUERES,398
17065,ESPONELLÀ,17,17079,GIRONA,446
17066,FIGUERES,17,17066,FIGUERES,49689
17067,FLAÇÀ,17,17079,GIRONA,1175
17068,FOIXÀ,17,17022,LA BISBAL D'EMPORDÀ,298
17069,FONTANALS DE CERDANYA,17,17141,PUIGCERDÀ,516
17070,FONTANILLES,17,17022,LA BISBAL D'EMPORDÀ,171
17071,FONTCOBERTA,17,17079,GIRONA,1483
17073,FORNELLS DE LA SELVA,17,17079,GIRONA,2818
17074,FORTIÀ,17,17066,FIGUERES,793
17075,GARRIGÀS,17,17066,FIGUERES,480
17076,GARRIGOLES,17,17022,LA BISBAL D'EMPORDÀ,182
17077,GARRIGUELLA,17,17066,FIGUERES,989
17078,GER,17,17141,PUIGCERDÀ,501
17079,GIRONA,17,17079,GIRONA,108666
17080,GOMBRÈN,17,17147,RIPOLL,206
17081,GUALTA,17,17022,LA BISBAL D'EMPORDÀ,438
17082,GUILS DE CERDANYA,17,17141,PUIGCERDÀ,557
17083,HOSTALRIC,17,17180,SANTA COLOMA DE FARNERS,4493
17084,ISÒVOL,17,17141,PUIGCERDÀ,314
17085,JAFRE,17,17022,LA BISBAL D'EMPORDÀ,386
17086,LA JONQUERA,17,17066,FIGUERES,3420
17087,JUIÀ,17,17079,GIRONA,319
17088,LLADÓ,17,17066,FIGUERES,822
17089,LLAGOSTERA,17,17079,GIRONA,9585
17090,LLAMBILLES,17,17079,GIRONA,737
17091,LLANARS,17,17147,RIPOLL,516
17092,LLANÇÀ,17,17066,FIGUERES,4892
17093,LLERS,17,17066,FIGUERES,1269
17094,LLÍVIA,17,17141,PUIGCERDÀ,1562
17095,LLORET DE MAR,17,17023,BLANES,43000
17096,LES LLOSSES,17,17147,RIPOLL,197
17097,MADREMANYA,17,17079,GIRONA,280
17098,MAIÀ DE MONTCAL,17,17114,OLOT,498
17099,MERANGES,17,17141,PUIGCERDÀ,111
17100,MASARAC I VILARNADAL,17,17066,FIGUERES,287
17101,MASSANES,17,17180,SANTA COLOMA DE FARNERS,882
17102,MAÇANET DE CABRENYS,17,17066,FIGUERES,761
17103,MAÇANET DE LA SELVA,17,17180,SANTA COLOMA DE FARNERS,8071
17105,MIERES,17,17114,OLOT,369
17106,MOLLET DE PERALADA,17,17066,FIGUERES,202
17107,MOLLÓ,17,17147,RIPOLL,351
17109,MONTAGUT I OIX,17,17114,OLOT,1011
17110,MONT-RAS,17,17022,LA BISBAL D'EMPORDÀ,1690
17111,NAVATA,17,17066,FIGUERES,1507
17112,OGASSA,17,17147,RIPOLL,222
17114,OLOT,17,17114,OLOT,39519
17115,ORDIS,17,17066,FIGUERES,409
17116,OSOR,17,17180,SANTA COLOMA DE FARNERS,430
17117,PALAFRUGELL,17,17022,LA BISBAL D'EMPORDÀ,24543
17118,PALAMÓS,17,17022,LA BISBAL D'EMPORDÀ,18933
17119,PALAU DE SANTA EULÀLIA,17,17066,FIGUERES,124
17120,PALAU-SAVERDERA,17,17066,FIGUERES,1535
17121,PALAU-SATOR,17,17022,LA BISBAL D'EMPORDÀ,311
17123,PALOL DE REVARDIT,17,17079,GIRONA,459
17124,PALS,17,17022,LA BISBAL D'EMPORDÀ,2534
17125,PARDINES,17,17147,RIPOLL,168
17126,PARLAVÀ,17,17022,LA BISBAL D'EMPORDÀ,432
17128,PAU,17,17066,FIGUERES,560
17129,PEDRET I MARZÀ,17,17066,FIGUERES,208
17130,LA PERA,17,17022,LA BISBAL D'EMPORDÀ,447
17132,PERALADA,17,17066,FIGUERES,2077
17133,LES PLANES D'HOSTOLES,17,17114,OLOT,1746
17134,PLANOLES,17,17147,RIPOLL,313
17135,PONT DE MOLINS,17,17066,FIGUERES,585
17136,PONTÓS,17,17066,FIGUERES,296
17137,PORQUERES,17,17079,GIRONA,4811
17138,PORTBOU,17,17066,FIGUERES,1131
17139,LES PRESES,17,17114,OLOT,1948
17140,EL PORT DE LA SELVA,17,17066,FIGUERES,1053
17141,PUIGCERDÀ,17,17141,PUIGCERDÀ,10035
17142,QUART,17,17079,GIRONA,4165
17143,RABÓS,17,17066,FIGUERES,232
17144,REGENCÓS,17,17022,LA BISBAL D'EMPORDÀ,275
17145,RIBES DE FRESER,17,17147,RIPOLL,1841
17146,RIELLS I VIABREA,17,17180,SANTA COLOMA DE FARNERS,4635
17147,RIPOLL,17,17147,RIPOLL,10665
17148,RIUDARENES,17,17180,SANTA COLOMA DE FARNERS,2532
17149,RIUDAURA,17,17114,OLOT,526
17150,RIUDELLOTS DE LA SELVA,17,17180,SANTA COLOMA DE FARNERS,2125
17151,RIUMORS,17,17066,FIGUERES,253
17152,ROSES,17,17066,FIGUERES,20365
17153,RUPIÀ,17,17022,LA BISBAL D'EMPORDÀ,325
17154,SALES DE LLIERCA,17,17114,OLOT,164
17155,SALT,17,17079,GIRONA,34491
17157,SANT ANDREU SALOU,17,17079,GIRONA,161
17158,SANT CLIMENT SESCEBES,17,17066,FIGUERES,690
17159,SANT FELIU DE BUIXALLEU,17,17180,SANTA COLOMA DE FARNERS,882
17160,SANT FELIU DE GUÍXOLS,17,17160,SANT FELIU DE GUIXOLS,23141
17161,SANT FELIU DE PALLEROLS,17,17114,OLOT,1700
17162,SANT FERRIOL,17,17114,OLOT,245
17163,SANT GREGORI,17,17079,GIRONA,4191
17164,SANT HILARI SACALM,17,17180,SANTA COLOMA DE FARNERS,6069
17165,SANT JAUME DE LLIERCA,17,17114,OLOT,863
17166,SANT JORDI DESVALLS,17,17079,GIRONA,880
17167,SANT JOAN DE LES ABADESSES,17,17147,RIPOLL,3404
17168,SANT JOAN DE MOLLET,17,17079,GIRONA,536
17169,SANT JULIÀ DE RAMIS,17,17079,GIRONA,3715
17170,VALLFOGONA DE RIPOLLÈS,17,17147,RIPOLL,225
17171,SANT LLORENÇ DE LA MUGA,17,17066,FIGUERES,247
17172,SANT MARTÍ DE LLÉMENA,17,17079,GIRONA,726
17173,SANT MARTÍ VELL,17,17079,GIRONA,271
17174,SANT MIQUEL DE CAMPMAJOR,17,17079,GIRONA,258
17175,SANT MIQUEL DE FLUVIÀ,17,17066,FIGUERES,860
17176,SANT MORI,17,17066,FIGUERES,163
17177,SANT PAU DE SEGÚRIES,17,17147,RIPOLL,719
17178,SANT PERE PESCADOR,17,17066,FIGUERES,2290
17180,SANTA COLOMA DE FARNERS,17,17180,SANTA COLOMA DE FARNERS,13993
17181,SANTA CRISTINA D'ARO,17,17160,SANT FELIU DE GUIXOLS,5987
17182,SANTA LLOGAIA D'ALGUEMA,17,17066,FIGUERES,396
17183,SANT ANIOL DE FINESTRES,17,17114,OLOT,382
17184,SANTA PAU,17,17114,OLOT,1579
17185,SANT JOAN LES FONTS,17,17114,OLOT,3167
17186,SARRIÀ DE TER,17,17079,GIRONA,5406
17187,"SAUS, CAMALLERA I LLAMPAIES",17,17066,FIGUERES,897
17188,LA SELVA DE MAR,17,17066,FIGUERES,223
17189,LA CELLERA DE TER,17,17180,SANTA COLOMA DE FARNERS,2027
17190,SERINYÀ,17,17079,GIRONA,1228
17191,SERRA DE DARÓ,17,17022,LA BISBAL D'EMPORDÀ,240
17192,SETCASES,17,17147,RIPOLL,195
17193,SILS,17,17180,SANTA COLOMA DE FARNERS,6920
17194,SUSQUEDA,17,17180,SANTA COLOMA DE FARNERS,103
17195,LA TALLADA D'EMPORDÀ,17,17022,LA BISBAL D'EMPORDÀ,490
17196,TERRADES,17,17066,FIGUERES,337
17197,TORRENT,17,17022,LA BISBAL D'EMPORDÀ,182
17198,TORROELLA DE FLUVIÀ,17,17066,FIGUERES,778
17199,TORROELLA DE MONTGRÍ,17,17022,LA BISBAL D'EMPORDÀ,12570
17200,TORTELLÀ,17,17114,OLOT,849
17201,TOSES,17,17147,RIPOLL,198
17202,TOSSA DE MAR,17,17023,BLANES,6347
17203,ULTRAMORT,17,17022,LA BISBAL D'EMPORDÀ,218
17204,ULLÀ,17,17022,LA BISBAL D'EMPORDÀ,1258
17205,ULLASTRET,17,17022,LA BISBAL D'EMPORDÀ,249
17206,URÚS,17,17141,PUIGCERDÀ,201
17207,LA VALL D'EN BAS,17,17114,OLOT,3269
17208,LA VALL DE BIANYA,17,17114,OLOT,1347
17209,VALL-LLOBREGA,17,17022,LA BISBAL D'EMPORDÀ,891
17210,VENTALLÓ,17,17066,FIGUERES,914
17211,VERGES,17,17022,LA BISBAL D'EMPORDÀ,1167
17212,VIDRÀ,17,17147,RIPOLL,167
17213,VIDRERES,17,17180,SANTA COLOMA DE FARNERS,8862
17214,VILABERTRAN,17,17066,FIGUERES,961
17215,VILABLAREIX,17,17079,GIRONA,4077
17216,VILADASENS,17,17079,GIRONA,206
17217,VILADAMAT,17,17066,FIGUERES,500
17218,VILADEMULS,17,17079,GIRONA,898
17220,VILADRAU,17,17180,SANTA COLOMA DE FARNERS,1184
17221,VILAFANT,17,17066,FIGUERES,5663
17222,VILAÜR,17,17066,FIGUERES,164
17223,VILAJUïGA,17,17066,FIGUERES,1177
17224,VILALLONGA DE TER,17,17147,RIPOLL,395
17225,VILAMACOLUM,17,17066,FIGUERES,406
17226,VILAMALLA,17,17066,FIGUERES,1205
17227,VILAMANISCLE,17,17066,FIGUERES,185
17228,VILANANT,17,17066,FIGUERES,406
17230,VILA-SACRA,17,17066,FIGUERES,878
17232,VILOPRIU,17,17022,LA BISBAL D'EMPORDÀ,209
17233,VILOBÍ D'ONYAR,17,17180,SANTA COLOMA DE FARNERS,3297
17234,BIURE,17,17066,FIGUERES,226
17901,"CRUÏLLES, MONELLS I SANT SADURNÍ DE L'HEURA",17,17022,LA BISBAL D'EMPORDÀ,1350
17902,FORALLAC,17,17022,LA BISBAL D'EMPORDÀ,1790
17903,SANT JULIÀ DEL LLOR I BONMATÍ,17,17180,SANTA COLOMA DE FARNERS,1457
18001,AGRÓN,18,18122,LOJA,247
18002,ALAMEDILLA,18,18089,GUADIX,518
18003,ALBOLOTE,18,18087,GRANADA,19768
18004,ALBONDÓN,18,18140,MOTRIL,703
18005,ALBUÑÁN,18,18089,GUADIX,422
18006,ALBUÑOL,18,18140,MOTRIL,7388
18007,ALBUÑUELAS,18,18087,GRANADA,794
18010,ALDEIRE,18,18089,GUADIX,597
18011,ALFACAR,18,18087,GRANADA,5834
18012,ALGARINEJO,18,18122,LOJA,2335
18013,ALHAMA DE GRANADA,18,18122,LOJA,5544
18014,ALHENDÍN,18,18175,SANTA FE,10475
18015,ALICÚN DE ORTEGA,18,18089,GUADIX,461
18016,ALMEGÍJAR,18,18147,ÓRGIVA,327
18017,ALMUÑÉCAR,18,18017,ALMUÑÉCAR,27544
18018,ALQUIFE,18,18089,GUADIX,543
18020,ARENAS DEL REY,18,18122,LOJA,608
18021,ARMILLA,18,18087,GRANADA,25300
18022,ATARFE,18,18087,GRANADA,20914
18023,BAZA,18,18023,BAZA,20587
18024,BEAS DE GRANADA,18,18087,GRANADA,1007
18025,BEAS DE GUADIX,18,18089,GUADIX,318
18027,BENALÚA,18,18089,GUADIX,3381
18028,BENALÚA DE LAS VILLAS,18,18087,GRANADA,1028
18029,BENAMAUREL,18,18023,BAZA,2235
18030,BÉRCHULES,18,18147,ÓRGIVA,688
18032,BUBIÓN,18,18147,ÓRGIVA,305
18033,BUSQUÍSTAR,18,18147,ÓRGIVA,313
18034,CACÍN,18,18122,LOJA,549
18035,CÁDIAR,18,18147,ÓRGIVA,1491
18036,CÁJAR,18,18087,GRANADA,5511
18037,CALICASAS,18,18087,GRANADA,687
18038,CAMPOTÉJAR,18,18087,GRANADA,1218
18039,CANILES,18,18023,BAZA,3929
18040,CÁÑAR,18,18147,ÓRGIVA,424
18042,CAPILEIRA,18,18147,ÓRGIVA,590
18043,CARATAUNAS,18,18147,ÓRGIVA,207
18044,CÁSTARAS,18,18147,ÓRGIVA,178
18045,CASTILLÉJAR,18,18098,HUÉSCAR,1284
18046,CASTRIL,18,18098,HUÉSCAR,1927
18047,CENES DE LA VEGA,18,18087,GRANADA,8254
18048,CIJUELA,18,18175,SANTA FE,3827
18049,COGOLLOS DE GUADIX,18,18089,GUADIX,614
18050,COGOLLOS DE LA VEGA,18,18087,GRANADA,2119
18051,COLOMERA,18,18087,GRANADA,1278
18053,CORTES DE BAZA,18,18023,BAZA,1769
18054,CORTES Y GRAENA,18,18089,GUADIX,949
18056,CÚLLAR,18,18023,BAZA,3978
18057,CÚLLAR VEGA,18,18175,SANTA FE,7947
18059,CHAUCHINA,18,18175,SANTA FE,5817
18061,CHIMENEAS,18,18087,GRANADA,1265
18062,CHURRIANA DE LA VEGA,18,18087,GRANADA,16878
18063,DARRO,18,18089,GUADIX,1700
18064,DEHESAS DE GUADIX,18,18089,GUADIX,382
18065,DEHESAS VIEJAS,18,18087,GRANADA,635
18066,DEIFONTES,18,18087,GRANADA,2612
18067,DIEZMA,18,18089,GUADIX,829
18068,DÍLAR,18,18087,GRANADA,2384
18069,DÓLAR,18,18089,GUADIX,600
18070,DÚDAR,18,18087,GRANADA,382
18071,DÚRCAL,18,18087,GRANADA,7234
18072,ESCÚZAR,18,18175,SANTA FE,826
18074,FERREIRA,18,18089,GUADIX,297
18076,FONELAS,18,18089,GUADIX,965
18077,FORNES,18,18122,LOJA,526
18078,FREILA,18,18023,BAZA,960
18079,FUENTE VAQUEROS,18,18175,SANTA FE,4743
18082,GALERA,18,18098,HUÉSCAR,1139
18083,GOBERNADOR,18,18089,GUADIX,231
18084,GÓJAR,18,18087,GRANADA,6371
18085,GOR,18,18089,GUADIX,766
18086,GORAFE,18,18089,GUADIX,368
18087,GRANADA,18,18087,GRANADA,233975
18088,GUADAHORTUNA,18,18087,GRANADA,1829
18089,GUADIX,18,18089,GUADIX,18881
18093,GUALCHOS,18,18140,MOTRIL,5284
18094,GÜEJAR SIERRA,18,18087,GRANADA,2915
18095,GÜEVÉJAR,18,18087,GRANADA,2723
18096,HUÉLAGO,18,18089,GUADIX,343
18097,HUÉNEJA,18,18089,GUADIX,1180
18098,HUÉSCAR,18,18098,HUÉSCAR,7241
18099,HUÉTOR DE SANTILLÁN,18,18087,GRANADA,1964
18100,HUÉTOR TÁJAR,18,18122,LOJA,10749
18101,HUÉTOR VEGA,18,18087,GRANADA,12285
18102,ILLORA,18,18122,LOJA,9923
18103,ITRABO,18,18140,MOTRIL,1022
18105,IZNALLOZ,18,18087,GRANADA,5179
18106,JÁTAR,18,18122,LOJA,631
18107,JAYENA,18,18122,LOJA,979
18108,JEREZ DEL MARQUESADO,18,18089,GUADIX,955
18109,JETE,18,18017,ALMUÑÉCAR,990
18111,JUN,18,18087,GRANADA,4103
18112,JUVILES,18,18147,ÓRGIVA,140
18114,LA CALAHORRA,18,18089,GUADIX,680
18115,LÁCHAR,18,18175,SANTA FE,3892
18116,LANJARÓN,18,18147,ÓRGIVA,3708
18117,LANTEIRA,18,18089,GUADIX,533
18119,LECRÍN,18,18087,GRANADA,2244
18120,LENTEGÍ,18,18017,ALMUÑÉCAR,368
18121,LOBRAS,18,18147,ÓRGIVA,139
18122,LOJA,18,18122,LOJA,20951
18123,LUGROS,18,18089,GUADIX,306
18124,LÚJAR,18,18140,MOTRIL,491
18126,LA MALAHÁ,18,18175,SANTA FE,1928
18127,MARACENA,18,18087,GRANADA,22294
18128,MARCHAL,18,18089,GUADIX,437
18132,MOCLÍN,18,18087,GRANADA,3503
18133,MOLVÍZAR,18,18140,MOTRIL,2689
18134,MONACHIL,18,18087,GRANADA,8664
18135,MONTEFRÍO,18,18122,LOJA,5283
18136,MONTEJÍCAR,18,18087,GRANADA,1989
18137,MONTILLANA,18,18087,GRANADA,1054
18138,MORALEDA DE ZAFAYONA,18,18122,LOJA,3214
18140,MOTRIL,18,18140,MOTRIL,59862
18141,MURTAS,18,18147,ÓRGIVA,431
18143,NIGÜELAS,18,18087,GRANADA,1229
18144,NÍVAR,18,18087,GRANADA,1093
18145,OGÍJARES,18,18087,GRANADA,15239
18146,ORCE,18,18098,HUÉSCAR,1116
18147,ÓRGIVA,18,18147,ÓRGIVA,5728
18148,OTÍVAR,18,18017,ALMUÑÉCAR,1011
18149,VILLA DE OTURA,18,18175,SANTA FE,7696
18150,PADUL,18,18087,GRANADA,9667
18151,PAMPANEIRA,18,18147,ÓRGIVA,312
18152,PEDRO MARTÍNEZ,18,18089,GUADIX,1166
18153,PELIGROS,18,18087,GRANADA,11725
18154,LA PEZA,18,18089,GUADIX,1104
18157,PINOS GENIL,18,18087,GRANADA,1642
18158,PINOS PUENTE,18,18087,GRANADA,9807
18159,PÍÑAR,18,18087,GRANADA,1040
18161,POLÍCAR,18,18089,GUADIX,252
18162,POLOPOS,18,18140,MOTRIL,1682
18163,PÓRTUGOS,18,18147,ÓRGIVA,372
18164,PUEBLA DE DON FADRIQUE,18,18098,HUÉSCAR,2195
18165,PULIANAS,18,18087,GRANADA,5659
18167,PURULLENA,18,18089,GUADIX,2409
18168,QUÉNTAR,18,18087,GRANADA,952
18170,RUBITE,18,18140,MOTRIL,419
18171,SALAR,18,18122,LOJA,2582
18173,SALOBREÑA,18,18140,MOTRIL,12760
18174,SANTA CRUZ DEL COMERCIO,18,18122,LOJA,523
18175,SANTA FE,18,18175,SANTA FE,15494
18176,SOPORTÚJAR,18,18147,ÓRGIVA,260
18177,SORVILÁN,18,18140,MOTRIL,521
18178,TORRE-CARDELA,18,18087,GRANADA,700
18179,TORVIZCÓN,18,18147,ÓRGIVA,608
18180,TREVÉLEZ,18,18147,ÓRGIVA,698
18181,TURÓN,18,18147,ÓRGIVA,203
18182,UGÍJAR,18,18147,ÓRGIVA,2574
18183,VÁLOR,18,18147,ÓRGIVA,658
18184,VÉLEZ DE BENAUDALLA,18,18140,MOTRIL,3108
18185,VENTAS DE HUELMA,18,18122,LOJA,667
18187,VILLANUEVA DE LAS TORRES,18,18089,GUADIX,491
18188,VILLANUEVA MESÍA,18,18122,LOJA,1965
18189,VÍZNAR,18,18087,GRANADA,1006
18192,ZAFARRAYA,18,18122,LOJA,2244
18193,LA ZUBIA,18,18087,GRANADA,20389
18194,ZÚJAR,18,18023,BAZA,2655
18901,LA TAHA,18,18147,ÓRGIVA,777
18902,EL VALLE,18,18087,GRANADA,941
18903,NEVADA,18,18147,ÓRGIVA,1086
18904,ALPUJARRA DE LA SIERRA,18,18147,ÓRGIVA,933
18905,LAS GABIAS,18,18175,SANTA FE,23584
18906,LOS GUAJARES,18,18140,MOTRIL,1081
18907,VALLE DEL ZALABÍ,18,18089,GUADIX,2128
18908,VILLAMENA,18,18087,GRANADA,1029
18909,MORELÁBOR,18,18089,GUADIX,588
18910,EL PINAR,18,18147,ÓRGIVA,867
18911,VEGAS DEL GENIL,18,18175,SANTA FE,12424
18912,CUEVAS DEL CAMPO,18,18023,BAZA,1841
18913,ZAGRA,18,18122,LOJA,845
18914,VALDERRUBIO,18,18087,GRANADA,2069
18915,DOMINGO PÉREZ DE GRANADA,18,18087,GRANADA,822
18916,TORRENUEVA COSTA,18,18140,MOTRIL,3207
19001,ABÁNADES,19,19130,GUADALAJARA,64
19002,ABLANQUE,19,19190,MOLINA DE ARAGÓN,70
19003,ADOBES,19,19190,MOLINA DE ARAGÓN,28
19004,ALAMINOS,19,19130,GUADALAJARA,54
19005,ALARILLA,19,19130,GUADALAJARA,144
19006,ALBALATE DE ZORITA,19,19130,GUADALAJARA,1148
19007,ALBARES,19,19130,GUADALAJARA,610
19008,ALBENDIEGO,19,19257,SIGÜENZA,50
19009,ALCOCER,19,19130,GUADALAJARA,319
19010,ALCOLEA DE LAS PEÑAS,19,19257,SIGÜENZA,7
19011,ALCOLEA DEL PINAR,19,19257,SIGÜENZA,357
19013,ALCOROCHES,19,19190,MOLINA DE ARAGÓN,117
19015,ALDEANUEVA DE GUADALAJARA,19,19130,GUADALAJARA,107
19016,ALGAR DE MESA,19,19190,MOLINA DE ARAGÓN,44
19017,ALGORA,19,19257,SIGÜENZA,89
19018,ALHÓNDIGA,19,19130,GUADALAJARA,185
19019,ALIQUE,19,19130,GUADALAJARA,15
19020,ALMADRONES,19,19257,SIGÜENZA,67
19021,ALMOGUERA,19,19130,GUADALAJARA,1379
19022,ALMONACID DE ZORITA,19,19130,GUADALAJARA,667
19023,ALOCÉN,19,19130,GUADALAJARA,151
19024,ALOVERA,19,19130,GUADALAJARA,14526
19027,ALUSTANTE,19,19190,MOLINA DE ARAGÓN,152
19031,ANGÓN,19,19257,SIGÜENZA,8
19032,ANGUITA,19,19257,SIGÜENZA,150
19033,ANQUELA DEL DUCADO,19,19190,MOLINA DE ARAGÓN,46
19034,ANQUELA DEL PEDREGAL,19,19190,MOLINA DE ARAGÓN,28
19036,ARANZUEQUE,19,19130,GUADALAJARA,411
19037,ARBANCÓN,19,19130,GUADALAJARA,157
19038,ARBETETA,19,19130,GUADALAJARA,16
19039,ARGECILLA,19,19130,GUADALAJARA,74
19040,ARMALLONES,19,19130,GUADALAJARA,52
19041,ARMUÑA DE TAJUÑA,19,19130,GUADALAJARA,280
19042,ARROYO DE LAS FRAGUAS,19,19257,SIGÜENZA,32
19043,ATANZÓN,19,19130,GUADALAJARA,83
19044,ATIENZA,19,19257,SIGÜENZA,406
19045,AUÑÓN,19,19130,GUADALAJARA,156
19046,AZUQUECA DE HENARES,19,19130,GUADALAJARA,35924
19047,BAIDES,19,19257,SIGÜENZA,46
19048,BAÑOS DE TAJO,19,19190,MOLINA DE ARAGÓN,13
19049,BAÑUELOS,19,19257,SIGÜENZA,10
19050,BARRIOPEDRO,19,19130,GUADALAJARA,26
19051,BERNINCHES,19,19130,GUADALAJARA,51
19052,LA BODERA,19,19257,SIGÜENZA,19
19053,BRIHUEGA,19,19130,GUADALAJARA,2826
19054,BUDIA,19,19130,GUADALAJARA,226
19055,BUJALARO,19,19257,SIGÜENZA,59
19057,BUSTARES,19,19257,SIGÜENZA,62
19058,CABANILLAS DEL CAMPO,19,19130,GUADALAJARA,11572
19059,CAMPILLO DE DUEÑAS,19,19190,MOLINA DE ARAGÓN,71
19060,CAMPILLO DE RANAS,19,19130,GUADALAJARA,150
19061,CAMPISÁBALOS,19,19257,SIGÜENZA,72
19064,CANREDONDO,19,19130,GUADALAJARA,81
19065,CANTALOJAS,19,19257,SIGÜENZA,121
19066,CAÑIZAR,19,19130,GUADALAJARA,78
19067,EL CARDOSO DE LA SIERRA,19,19130,GUADALAJARA,49
19070,CASA DE UCEDA,19,19130,GUADALAJARA,128
19071,EL CASAR,19,19130,GUADALAJARA,13962
19073,CASAS DE SAN GALINDO,19,19130,GUADALAJARA,24
19074,CASPUEÑAS,19,19130,GUADALAJARA,120
19075,CASTEJÓN DE HENARES,19,19257,SIGÜENZA,62
19076,CASTELLAR DE LA MUELA,19,19190,MOLINA DE ARAGÓN,22
19078,CASTILFORTE,19,19130,GUADALAJARA,57
19079,CASTILNUEVO,19,19190,MOLINA DE ARAGÓN,8
19080,CENDEJAS DE ENMEDIO,19,19257,SIGÜENZA,68
19081,CENDEJAS DE LA TORRE,19,19257,SIGÜENZA,23
19082,CENTENERA,19,19130,GUADALAJARA,158
19086,CIFUENTES,19,19130,GUADALAJARA,1731
19087,CINCOVILLAS,19,19257,SIGÜENZA,20
19088,CIRUELAS,19,19130,GUADALAJARA,136
19089,CIRUELOS DEL PINAR,19,19190,MOLINA DE ARAGÓN,23
19090,COBETA,19,19190,MOLINA DE ARAGÓN,100
19091,COGOLLOR,19,19130,GUADALAJARA,19
19092,COGOLLUDO,19,19130,GUADALAJARA,574
19095,CONDEMIOS DE ABAJO,19,19257,SIGÜENZA,14
19096,CONDEMIOS DE ARRIBA,19,19257,SIGÜENZA,101
19097,CONGOSTRINA,19,19257,SIGÜENZA,18
19098,COPERNAL,19,19130,GUADALAJARA,44
19099,CORDUENTE,19,19190,MOLINA DE ARAGÓN,297
19102,EL CUBILLO DE UCEDA,19,19130,GUADALAJARA,120
19103,CHECA,19,19190,MOLINA DE ARAGÓN,268
19104,CHEQUILLA,19,19190,MOLINA DE ARAGÓN,13
19105,CHILOECHES,19,19130,GUADALAJARA,4117
19106,CHILLARÓN DEL REY,19,19130,GUADALAJARA,76
19107,DRIEBES,19,19130,GUADALAJARA,331
19108,DURÓN,19,19130,GUADALAJARA,108
19109,EMBID,19,19190,MOLINA DE ARAGÓN,37
19110,ESCAMILLA,19,19130,GUADALAJARA,65
19111,ESCARICHE,19,19130,GUADALAJARA,186
19112,ESCOPETE,19,19130,GUADALAJARA,80
19113,ESPINOSA DE HENARES,19,19130,GUADALAJARA,715
19114,ESPLEGARES,19,19130,GUADALAJARA,30
19115,ESTABLÉS,19,19190,MOLINA DE ARAGÓN,35
19116,ESTRIÉGANA,19,19257,SIGÜENZA,13
19117,FONTANAR,19,19130,GUADALAJARA,2630
19118,FUEMBELLIDA,19,19190,MOLINA DE ARAGÓN,13
19119,FUENCEMILLÁN,19,19130,GUADALAJARA,81
19120,FUENTELAHIGUERA DE ALBATAGES,19,19130,GUADALAJARA,121
19121,FUENTELENCINA,19,19130,GUADALAJARA,324
19122,FUENTELSAZ,19,19190,MOLINA DE ARAGÓN,82
19123,FUENTELVIEJO,19,19130,GUADALAJARA,61
19124,FUENTENOVILLA,19,19130,GUADALAJARA,621
19125,GAJANEJOS,19,19130,GUADALAJARA,51
19126,GALÁPAGOS,19,19130,GUADALAJARA,2802
19127,GALVE DE SORBE,19,19257,SIGÜENZA,97
19129,GASCUEÑA DE BORNOVA,19,19257,SIGÜENZA,22
19130,GUADALAJARA,19,19130,GUADALAJARA,92834
19132,HENCHE,19,19130,GUADALAJARA,73
19133,HERAS DE AYUSO,19,19130,GUADALAJARA,248
19134,HERRERÍA,19,19190,MOLINA DE ARAGÓN,13
19135,HIENDELAENCINA,19,19257,SIGÜENZA,107
19136,HIJES,19,19257,SIGÜENZA,24
19138,HITA,19,19130,GUADALAJARA,336
19139,HOMBRADOS,19,19190,MOLINA DE ARAGÓN,44
19142,HONTOBA,19,19130,GUADALAJARA,475
19143,HORCHE,19,19130,GUADALAJARA,3119
19145,HORTEZUELA DE OCÉN,19,19257,SIGÜENZA,32
19146,LA HUERCE,19,19257,SIGÜENZA,52
19147,HUÉRMECES DEL CERRO,19,19257,SIGÜENZA,43
19148,HUERTAHERNANDO,19,19190,MOLINA DE ARAGÓN,51
19150,HUEVA,19,19130,GUADALAJARA,113
19151,HUMANES,19,19130,GUADALAJARA,1841
19152,ILLANA,19,19130,GUADALAJARA,938
19153,INIÉSTOLA,19,19257,SIGÜENZA,19
19154,LAS INVIERNAS,19,19130,GUADALAJARA,60
19155,IRUESTE,19,19130,GUADALAJARA,93
19156,JADRAQUE,19,19257,SIGÜENZA,1522
19157,JIRUEQUE,19,19257,SIGÜENZA,44
19159,LEDANCA,19,19130,GUADALAJARA,98
19160,LORANCA DE TAJUÑA,19,19130,GUADALAJARA,1624
19161,LUPIANA,19,19130,GUADALAJARA,344
19162,LUZAGA,19,19257,SIGÜENZA,65
19163,LUZÓN,19,19190,MOLINA DE ARAGÓN,50
19165,MAJAELRAYO,19,19130,GUADALAJARA,60
19166,MÁLAGA DEL FRESNO,19,19130,GUADALAJARA,187
19167,MALAGUILLA,19,19130,GUADALAJARA,218
19168,MANDAYONA,19,19257,SIGÜENZA,285
19169,MANTIEL,19,19130,GUADALAJARA,28
19170,MARANCHÓN,19,19190,MOLINA DE ARAGÓN,225
19171,MARCHAMALO,19,19130,GUADALAJARA,8714
19172,MASEGOSO DE TAJUÑA,19,19130,GUADALAJARA,84
19173,MATARRUBIA,19,19130,GUADALAJARA,99
19174,MATILLAS,19,19257,SIGÜENZA,111
19175,MAZARETE,19,19190,MOLINA DE ARAGÓN,25
19176,MAZUECOS,19,19130,GUADALAJARA,267
19177,MEDRANDA,19,19257,SIGÜENZA,83
19178,MEGINA,19,19190,MOLINA DE ARAGÓN,25
19179,MEMBRILLERA,19,19130,GUADALAJARA,95
19181,MIEDES DE ATIENZA,19,19257,SIGÜENZA,60
19182,LA MIERLA,19,19130,GUADALAJARA,44
19183,MILMARCOS,19,19190,MOLINA DE ARAGÓN,63
19184,MILLANA,19,19130,GUADALAJARA,126
19185,LA MIÑOSA,19,19257,SIGÜENZA,31
19186,MIRABUENO,19,19257,SIGÜENZA,86
19187,MIRALRÍO,19,19130,GUADALAJARA,56
19188,MOCHALES,19,19190,MOLINA DE ARAGÓN,36
19189,MOHERNANDO,19,19130,GUADALAJARA,190
19190,MOLINA DE ARAGÓN,19,19190,MOLINA DE ARAGÓN,3281
19191,MONASTERIO,19,19130,GUADALAJARA,13
19192,MONDÉJAR,19,19130,GUADALAJARA,2918
19193,MONTARRÓN,19,19130,GUADALAJARA,31
19194,MORATILLA DE LOS MELEROS,19,19130,GUADALAJARA,106
19195,MORENILLA,19,19190,MOLINA DE ARAGÓN,53
19196,MUDUEX,19,19130,GUADALAJARA,104
19197,LAS NAVAS DE JADRAQUE,19,19257,SIGÜENZA,37
19198,NEGREDO,19,19257,SIGÜENZA,12
19199,OCENTEJO,19,19130,GUADALAJARA,15
19200,EL OLIVAR,19,19130,GUADALAJARA,68
19201,OLMEDA DE COBETA,19,19190,MOLINA DE ARAGÓN,56
19202,LA OLMEDA DE JADRAQUE,19,19257,SIGÜENZA,18
19203,EL ORDIAL,19,19257,SIGÜENZA,45
19204,OREA,19,19190,MOLINA DE ARAGÓN,191
19208,PÁLMACES DE JADRAQUE,19,19257,SIGÜENZA,54
19209,PARDOS,19,19190,MOLINA DE ARAGÓN,33
19210,PAREDES DE SIGÜENZA,19,19257,SIGÜENZA,21
19211,PAREJA,19,19130,GUADALAJARA,493
19212,PASTRANA,19,19130,GUADALAJARA,971
19213,EL PEDREGAL,19,19190,MOLINA DE ARAGÓN,60
19214,PEÑALÉN,19,19190,MOLINA DE ARAGÓN,72
19215,PEÑALVER,19,19130,GUADALAJARA,172
19216,PERALEJOS DE LAS TRUCHAS,19,19190,MOLINA DE ARAGÓN,148
19217,PERALVECHE,19,19130,GUADALAJARA,52
19218,PINILLA DE JADRAQUE,19,19257,SIGÜENZA,47
19219,PINILLA DE MOLINA,19,19190,MOLINA DE ARAGÓN,13
19220,PIOZ,19,19130,GUADALAJARA,5261
19221,PIQUERAS,19,19190,MOLINA DE ARAGÓN,33
19222,EL POBO DE DUEÑAS,19,19190,MOLINA DE ARAGÓN,102
19223,POVEDA DE LA SIERRA,19,19190,MOLINA DE ARAGÓN,99
19224,POZO DE ALMOGUERA,19,19130,GUADALAJARA,110
19225,POZO DE GUADALAJARA,19,19130,GUADALAJARA,1739
19226,PRÁDENA DE ATIENZA,19,19257,SIGÜENZA,45
19227,PRADOS REDONDOS,19,19190,MOLINA DE ARAGÓN,45
19228,PUEBLA DE BELEÑA,19,19130,GUADALAJARA,57
19229,PUEBLA DE VALLES,19,19130,GUADALAJARA,59
19230,QUER,19,19130,GUADALAJARA,1080
19231,REBOLLOSA DE JADRAQUE,19,19257,SIGÜENZA,11
19232,EL RECUENCO,19,19130,GUADALAJARA,80
19233,RENERA,19,19130,GUADALAJARA,100
19234,RETIENDAS,19,19130,GUADALAJARA,52
19235,RIBA DE SAELICES,19,19130,GUADALAJARA,113
19237,RILLO DE GALLO,19,19190,MOLINA DE ARAGÓN,37
19238,RIOFRÍO DEL LLANO,19,19257,SIGÜENZA,49
19239,ROBLEDILLO DE MOHERNANDO,19,19130,GUADALAJARA,200
19240,ROBLEDO DE CORPES,19,19257,SIGÜENZA,39
19241,ROMANILLOS DE ATIENZA,19,19257,SIGÜENZA,37
19242,ROMANONES,19,19130,GUADALAJARA,127
19243,RUEDA DE LA SIERRA,19,19190,MOLINA DE ARAGÓN,38
19244,SACECORBO,19,19130,GUADALAJARA,90
19245,SACEDÓN,19,19130,GUADALAJARA,1623
19246,SAELICES DE LA SAL,19,19130,GUADALAJARA,41
19247,SALMERÓN,19,19130,GUADALAJARA,147
19248,SAN ANDRÉS DEL CONGOSTO,19,19257,SIGÜENZA,63
19249,SAN ANDRÉS DEL REY,19,19130,GUADALAJARA,35
19250,SANTIUSTE,19,19257,SIGÜENZA,15
19251,SAÚCA,19,19257,SIGÜENZA,47
19252,SAYATÓN,19,19130,GUADALAJARA,64
19254,SELAS,19,19190,MOLINA DE ARAGÓN,33
19255,SETILES,19,19190,MOLINA DE ARAGÓN,78
19256,SIENES,19,19257,SIGÜENZA,38
19257,SIGÜENZA,19,19257,SIGÜENZA,4911
19258,SOLANILLOS DEL EXTREMO,19,19130,GUADALAJARA,72
19259,SOMOLINOS,19,19257,SIGÜENZA,26
19260,EL SOTILLO,19,19130,GUADALAJARA,28
19261,SOTODOSOS,19,19130,GUADALAJARA,30
19262,TAMAJÓN,19,19130,GUADALAJARA,153
19263,TARAGUDO,19,19130,GUADALAJARA,45
19264,TARAVILLA,19,19190,MOLINA DE ARAGÓN,38
19265,TARTANEDO,19,19190,MOLINA DE ARAGÓN,143
19266,TENDILLA,19,19130,GUADALAJARA,353
19267,TERZAGA,19,19190,MOLINA DE ARAGÓN,24
19268,TIERZO,19,19190,MOLINA DE ARAGÓN,32
19269,LA TOBA,19,19257,SIGÜENZA,70
19270,TORDELRÁBANO,19,19257,SIGÜENZA,8
19271,TORDELLEGO,19,19190,MOLINA DE ARAGÓN,38
19272,TORDESILOS,19,19190,MOLINA DE ARAGÓN,78
19274,TORIJA,19,19130,GUADALAJARA,1877
19277,TORRECUADRADA DE MOLINA,19,19190,MOLINA DE ARAGÓN,20
19278,TORRECUADRADILLA,19,19130,GUADALAJARA,26
19279,TORRE DEL BURGO,19,19130,GUADALAJARA,494
19280,TORREJÓN DEL REY,19,19130,GUADALAJARA,6435
19281,TORREMOCHA DE JADRAQUE,19,19257,SIGÜENZA,23
19282,TORREMOCHA DEL CAMPO,19,19257,SIGÜENZA,193
19283,TORREMOCHA DEL PINAR,19,19190,MOLINA DE ARAGÓN,32
19284,TORREMOCHUELA,19,19190,MOLINA DE ARAGÓN,6
19285,TORRUBIA,19,19190,MOLINA DE ARAGÓN,28
19286,TÓRTOLA DE HENARES,19,19130,GUADALAJARA,1439
19287,TORTUERA,19,19190,MOLINA DE ARAGÓN,157
19288,TORTUERO,19,19130,GUADALAJARA,19
19289,TRAÍD,19,19190,MOLINA DE ARAGÓN,18
19290,TRIJUEQUE,19,19130,GUADALAJARA,1737
19291,TRILLO,19,19130,GUADALAJARA,1406
19293,UCEDA,19,19130,GUADALAJARA,3400
19294,UJADOS,19,19257,SIGÜENZA,20
19296,UTANDE,19,19130,GUADALAJARA,31
19297,VALDARACHAS,19,19130,GUADALAJARA,67
19298,VALDEARENAS,19,19130,GUADALAJARA,88
19299,VALDEAVELLANO,19,19130,GUADALAJARA,101
19300,VALDEAVERUELO,19,19130,GUADALAJARA,1317
19301,VALDECONCHA,19,19130,GUADALAJARA,42
19302,VALDEGRUDAS,19,19130,GUADALAJARA,49
19303,VALDELCUBO,19,19257,SIGÜENZA,42
19304,VALDENUÑO FERNÁNDEZ,19,19130,GUADALAJARA,359
19305,VALDEPEÑAS DE LA SIERRA,19,19130,GUADALAJARA,151
19306,VALDERREBOLLO,19,19130,GUADALAJARA,25
19307,VALDESOTOS,19,19130,GUADALAJARA,35
19308,VALFERMOSO DE TAJUÑA,19,19130,GUADALAJARA,77
19309,VALHERMOSO,19,19190,MOLINA DE ARAGÓN,15
19310,VALTABLADO DEL RÍO,19,19130,GUADALAJARA,7
19311,VALVERDE DE LOS ARROYOS,19,19257,SIGÜENZA,85
19314,VIANA DE JADRAQUE,19,19257,SIGÜENZA,41
19317,VILLANUEVA DE ALCORÓN,19,19190,MOLINA DE ARAGÓN,140
19318,VILLANUEVA DE ARGECILLA,19,19130,GUADALAJARA,30
19319,VILLANUEVA DE LA TORRE,19,19130,GUADALAJARA,6666
19321,VILLARES DE JADRAQUE,19,19257,SIGÜENZA,39
19322,VILLASECA DE HENARES,19,19257,SIGÜENZA,22
19323,VILLASECA DE UCEDA,19,19130,GUADALAJARA,59
19324,VILLEL DE MESA,19,19190,MOLINA DE ARAGÓN,163
19325,VIÑUELAS,19,19130,GUADALAJARA,181
19326,YEBES,19,19130,GUADALAJARA,5637
19327,YEBRA,19,19130,GUADALAJARA,489
19329,YÉLAMOS DE ABAJO,19,19130,GUADALAJARA,57
19330,YÉLAMOS DE ARRIBA,19,19130,GUADALAJARA,97
19331,YUNQUERA DE HENARES,19,19130,GUADALAJARA,4706
19332,LA YUNTA,19,19190,MOLINA DE ARAGÓN,86
19333,ZAOREJAS,19,19190,MOLINA DE ARAGÓN,117
19334,ZARZUELA DE JADRAQUE,19,19257,SIGÜENZA,49
19335,ZORITA DE LOS CANES,19,19130,GUADALAJARA,72
19901,SEMILLAS,19,19257,SIGÜENZA,25
20001,ABALTZISKETA,20,20071,TOLOSA,321
20002,ADUNA,20,20071,TOLOSA,500
20003,AIZARNAZABAL,20,20018,AZPEITIA,822
20004,ALBIZTUR,20,20071,TOLOSA,328
20005,ALEGIA,20,20071,TOLOSA,1813
20006,ALKIZA,20,20071,TOLOSA,352
20007,ALTZO,20,20071,TOLOSA,447
20008,AMEZKETA,20,20071,TOLOSA,956
20009,ANDOAIN,20,20071,TOLOSA,14517
20010,ANOETA,20,20071,TOLOSA,2112
20011,ANTZUOLA,20,20074,BERGARA,2045
20012,ARAMA,20,20071,TOLOSA,173
20013,ARETXABALETA,20,20074,BERGARA,7178
20014,ASTEASU,20,20071,TOLOSA,1566
20015,ATAUN,20,20071,TOLOSA,1714
20016,AIA,20,20018,AZPEITIA,2148
20017,AZKOITIA,20,20018,AZPEITIA,11774
20018,AZPEITIA,20,20018,AZPEITIA,15301
20019,BEASAIN,20,20071,TOLOSA,14048
20020,BEIZAMA,20,20018,AZPEITIA,128
20021,BELAUNTZA,20,20071,TOLOSA,291
20022,BERASTEGI,20,20071,TOLOSA,1114
20023,BERROBI,20,20071,TOLOSA,551
20024,BIDANIA-GOIATZ,20,20018,AZPEITIA,530
20025,ZEGAMA,20,20071,TOLOSA,1543
20026,ZERAIN,20,20071,TOLOSA,284
20027,ZESTOA,20,20018,AZPEITIA,3933
20028,ZIZURKIL,20,20071,TOLOSA,2976
20029,DEBA,20,20030,EIBAR,5362
20030,EIBAR,20,20030,EIBAR,27484
20031,ELDUAIN,20,20071,TOLOSA,248
20032,ELGOIBAR,20,20030,EIBAR,11705
20033,ELGETA,20,20074,BERGARA,1133
20034,ESKORIATZA,20,20074,BERGARA,4215
20035,EZKIO-ITSASO,20,20071,TOLOSA,604
20036,HONDARRIBIA,20,20045,IRUN,16788
20037,GAINTZA,20,20071,TOLOSA,122
20038,GABIRIA,20,20071,TOLOSA,519
20039,GETARIA,20,20018,AZPEITIA,2887
20040,HERNANI,20,20069,DONOSTIA/SAN SEBASTIÁN,20375
20041,HERNIALDE,20,20071,TOLOSA,326
20042,IBARRA,20,20071,TOLOSA,4114
20043,IDIAZABAL,20,20071,TOLOSA,2217
20044,IKAZTEGIETA,20,20071,TOLOSA,498
20045,IRUN,20,20045,IRUN,63835
20046,IRURA,20,20071,TOLOSA,1885
20047,ITSASONDO,20,20071,TOLOSA,687
20048,LARRAUL,20,20071,TOLOSA,263
20049,LAZKAO,20,20071,TOLOSA,6087
20050,LEABURU,20,20071,TOLOSA,390
20051,LEGAZPI,20,20074,BERGARA,8384
20052,LEGORRETA,20,20071,TOLOSA,1457
20053,LEZO,20,20069,DONOSTIA/SAN SEBASTIÁN,6184
20054,LIZARTZA,20,20071,TOLOSA,672
20055,ARRASATE/MONDRAGÓN,20,20074,BERGARA,22450
20056,MUTRIKU,20,20030,EIBAR,5238
20057,MUTILOA,20,20071,TOLOSA,261
20058,OLABERRIA,20,20071,TOLOSA,938
20059,OÑATI,20,20074,BERGARA,11480
20060,OREXA,20,20071,TOLOSA,103
20061,ORIO,20,20069,DONOSTIA/SAN SEBASTIÁN,6184
20062,ORMAIZTEGI,20,20071,TOLOSA,1293
20063,OIARTZUN,20,20069,DONOSTIA/SAN SEBASTIÁN,10480
20064,PASAIA,20,20069,DONOSTIA/SAN SEBASTIÁN,15820
20065,SORALUZE/PLACENCIA DE LAS ARMAS,20,20030,EIBAR,3857
20066,ERREZIL,20,20018,AZPEITIA,588
20067,ERRENTERIA,20,20069,DONOSTIA/SAN SEBASTIÁN,39363
20068,LEINTZ-GATZAGA,20,20074,BERGARA,205
20069,DONOSTIA/SAN SEBASTIÁN,20,20069,DONOSTIA/SAN SEBASTIÁN,189866
20070,SEGURA,20,20071,TOLOSA,1496
20071,TOLOSA,20,20071,TOLOSA,20070
20072,URNIETA,20,20069,DONOSTIA/SAN SEBASTIÁN,6327
20073,USURBIL,20,20069,DONOSTIA/SAN SEBASTIÁN,6488
20074,BERGARA,20,20074,BERGARA,14404
20075,VILLABONA,20,20071,TOLOSA,5900
20076,ORDIZIA,20,20071,TOLOSA,10815
20077,URRETXU,20,20074,BERGARA,6730
20078,ZALDIBIA,20,20071,TOLOSA,1761
20079,ZARAUTZ,20,20018,AZPEITIA,23496
20080,ZUMARRAGA,20,20074,BERGARA,9678
20081,ZUMAIA,20,20018,AZPEITIA,10160
20901,MENDARO,20,20030,EIBAR,2028
20902,LASARTE-ORIA,20,20069,DONOSTIA/SAN SEBASTIÁN,19435
20903,ASTIGARRAGA,20,20069,DONOSTIA/SAN SEBASTIÁN,7812
20904,BALIARRAIN,20,20071,TOLOSA,152
20905,ORENDAIN,20,20071,TOLOSA,245
20906,ALTZAGA,20,20071,TOLOSA,165
20907,GAZTELU,20,20071,TOLOSA,171
21001,ALÁJAR,21,21007,ARACENA,793
21002,ALJARAQUE,21,21041,HUELVA,22737
21003,EL ALMENDRO,21,21072,VALVERDE DEL CAMINO,862
21004,ALMONASTER LA REAL,21,21007,ARACENA,1759
21005,ALMONTE,21,21054,LA PALMA DEL CONDADO,24864
21006,ALOSNO,21,21072,VALVERDE DEL CAMINO,3986
21007,ARACENA,21,21007,ARACENA,8425
21008,AROCHE,21,21007,ARACENA,2991
21009,ARROYOMOLINOS DE LEÓN,21,21007,ARACENA,907
21010,AYAMONTE,21,21010,AYAMONTE,22001
21011,BEAS,21,21041,HUELVA,4414
21012,BERROCAL,21,21072,VALVERDE DEL CAMINO,283
21013,BOLLULLOS PAR DEL CONDADO,21,21054,LA PALMA DEL CONDADO,14314
21014,BONARES,21,21050,MOGUER,6125
21015,CABEZAS RUBIAS,21,21072,VALVERDE DEL CAMINO,694
21016,CALA,21,21007,ARACENA,1106
21017,CALAÑAS,21,21072,VALVERDE DEL CAMINO,2749
21018,EL CAMPILLO,21,21072,VALVERDE DEL CAMINO,2003
21019,CAMPOFRÍO,21,21007,ARACENA,728
21020,CAÑAVERAL DE LEÓN,21,21007,ARACENA,389
21021,CARTAYA,21,21010,AYAMONTE,21471
21022,CASTAÑO DEL ROBLEDO,21,21007,ARACENA,217
21023,EL CERRO DE ANDÉVALO,21,21072,VALVERDE DEL CAMINO,2246
21024,CORTECONCEPCIÓN,21,21007,ARACENA,581
21025,CORTEGANA,21,21007,ARACENA,4617
21026,CORTELAZOR,21,21007,ARACENA,302
21027,CUMBRES DE ENMEDIO,21,21007,ARACENA,54
21028,CUMBRES DE SAN BARTOLOMÉ,21,21007,ARACENA,354
21029,CUMBRES MAYORES,21,21007,ARACENA,1708
21030,CHUCENA,21,21054,LA PALMA DEL CONDADO,2306
21031,ENCINASOLA,21,21007,ARACENA,1232
21032,ESCACENA DEL CAMPO,21,21054,LA PALMA DEL CONDADO,2327
21033,FUENTEHERIDOS,21,21007,ARACENA,804
21034,GALAROZA,21,21007,ARACENA,1366
21035,GIBRALEÓN,21,21041,HUELVA,13261
21036,LA GRANADA DE RÍO-TINTO,21,21007,ARACENA,235
21037,EL GRANADO,21,21072,VALVERDE DEL CAMINO,480
21038,HIGUERA DE LA SIERRA,21,21007,ARACENA,1292
21039,HINOJALES,21,21007,ARACENA,314
21040,HINOJOS,21,21054,LA PALMA DEL CONDADO,4097
21041,HUELVA,21,21041,HUELVA,143215
21042,ISLA CRISTINA,21,21010,AYAMONTE,21525
21043,JABUGO,21,21007,ARACENA,2183
21044,LEPE,21,21010,AYAMONTE,29677
21045,LINARES DE LA SIERRA,21,21007,ARACENA,279
21046,LUCENA DEL PUERTO,21,21050,MOGUER,3390
21047,MANZANILLA,21,21054,LA PALMA DEL CONDADO,2214
21048,LOS MARINES,21,21007,ARACENA,436
21049,MINAS DE RIOTINTO,21,21072,VALVERDE DEL CAMINO,3698
21050,MOGUER,21,21050,MOGUER,24083
21051,LA NAVA,21,21007,ARACENA,271
21052,NERVA,21,21072,VALVERDE DEL CAMINO,5087
21053,NIEBLA,21,21050,MOGUER,4268
21054,LA PALMA DEL CONDADO,21,21054,LA PALMA DEL CONDADO,10841
21055,PALOS DE LA FRONTERA,21,21050,MOGUER,12938
21056,PATERNA DEL CAMPO,21,21054,LA PALMA DEL CONDADO,3382
21057,PAYMOGO,21,21072,VALVERDE DEL CAMINO,1132
21058,PUEBLA DE GUZMÁN,21,21072,VALVERDE DEL CAMINO,3071
21059,PUERTO MORAL,21,21007,ARACENA,276
21060,PUNTA UMBRÍA,21,21041,HUELVA,16281
21061,ROCIANA DEL CONDADO,21,21054,LA PALMA DEL CONDADO,8024
21062,ROSAL DE LA FRONTERA,21,21007,ARACENA,1676
21063,SAN BARTOLOMÉ DE LA TORRE,21,21041,HUELVA,4072
21064,SAN JUAN DEL PUERTO,21,21041,HUELVA,9969
21065,SANLÚCAR DE GUADIANA,21,21010,AYAMONTE,418
21066,SAN SILVESTRE DE GUZMÁN,21,21010,AYAMONTE,649
21067,SANTA ANA LA REAL,21,21007,ARACENA,466
21068,SANTA BÁRBARA DE CASA,21,21072,VALVERDE DEL CAMINO,1144
21069,SANTA OLALLA DEL CALA,21,21007,ARACENA,2039
21070,TRIGUEROS,21,21041,HUELVA,8159
21071,VALDELARCO,21,21007,ARACENA,239
21072,VALVERDE DEL CAMINO,21,21072,VALVERDE DEL CAMINO,12631
21073,VILLABLANCA,21,21010,AYAMONTE,2939
21074,VILLALBA DEL ALCOR,21,21054,LA PALMA DEL CONDADO,3303
21075,VILLANUEVA DE LAS CRUCES,21,21072,VALVERDE DEL CAMINO,379
21076,VILLANUEVA DE LOS CASTILLEJOS,21,21072,VALVERDE DEL CAMINO,2967
21077,VILLARRASA,21,21054,LA PALMA DEL CONDADO,2103
21078,ZALAMEA LA REAL,21,21072,VALVERDE DEL CAMINO,2968
21079,ZUFRE,21,21007,ARACENA,736
21902,LA ZARZA-PERRUNAL,21,21072,VALVERDE DEL CAMINO,1181
22001,ABIEGO,22,22048,BARBASTRO,259
22002,ABIZANDA,22,22066,BOLTAÑA,162
22003,ADAHUESCA,22,22048,BARBASTRO,196
22004,AGÜERO,22,22130,JACA,142
22006,AISA,22,22130,JACA,326
22007,ALBALATE DE CINCA,22,22112,FRAGA,1080
22008,ALBALATILLO,22,22125,HUESCA,220
22009,ALBELDA,22,22158,MONZÓN,728
22011,ALBERO ALTO,22,22125,HUESCA,123
22012,ALBERO BAJO,22,22125,HUESCA,109
22013,ALBERUELA DE TUBO,22,22125,HUESCA,270
22014,ALCALÁ DE GURREA,22,22125,HUESCA,265
22015,ALCALÁ DEL OBISPO,22,22125,HUESCA,394
22016,ALCAMPELL,22,22158,MONZÓN,650
22017,ALCOLEA DE CINCA,22,22112,FRAGA,1127
22018,ALCUBIERRE,22,22125,HUESCA,401
22019,ALERRE,22,22125,HUESCA,224
22020,ALFÁNTEGA,22,22158,MONZÓN,125
22021,ALMUDÉVAR,22,22125,HUESCA,2462
22022,ALMUNIA DE SAN JUAN,22,22158,MONZÓN,733
22023,ALMUNIENTE,22,22125,HUESCA,448
22024,ALQUÉZAR,22,22048,BARBASTRO,328
22025,ALTORRICÓN,22,22158,MONZÓN,1504
22027,ANGÜÉS,22,22125,HUESCA,350
22028,ANSÓ,22,22130,JACA,409
22029,ANTILLÓN,22,22125,HUESCA,127
22032,ARAGÜÉS DEL PUERTO,22,22130,JACA,123
22035,ARÉN,22,22048,BARBASTRO,309
22036,ARGAVIESO,22,22125,HUESCA,109
22037,ARGUIS,22,22125,HUESCA,167
22039,AYERBE,22,22125,HUESCA,1050
22040,AZANUY-ALINS,22,22158,MONZÓN,184
22041,AZARA,22,22048,BARBASTRO,167
22042,AZLOR,22,22048,BARBASTRO,155
22043,BAÉLLS,22,22158,MONZÓN,89
22044,BAILO,22,22130,JACA,265
22045,BALDELLOU,22,22158,MONZÓN,81
22046,BALLOBAR,22,22112,FRAGA,862
22047,BANASTÁS,22,22125,HUESCA,335
22048,BARBASTRO,22,22048,BARBASTRO,17807
22049,BARBUÉS,22,22125,HUESCA,97
22050,BARBUÑALES,22,22048,BARBASTRO,93
22051,BÁRCABO,22,22066,BOLTAÑA,116
22052,BELVER DE CINCA,22,22112,FRAGA,1298
22053,BENABARRE,22,22048,BARBASTRO,1142
22054,BENASQUE,22,22066,BOLTAÑA,2359
22055,BERBEGAL,22,22158,MONZÓN,321
22057,BIELSA,22,22066,BOLTAÑA,479
22058,BIERGE,22,22048,BARBASTRO,243
22059,BIESCAS,22,22130,JACA,1640
22060,BINACED,22,22158,MONZÓN,1694
22061,BINÉFAR,22,22158,MONZÓN,10235
22062,BISAURRI,22,22066,BOLTAÑA,177
22063,BISCARRUÉS,22,22125,HUESCA,188
22064,BLECUA Y TORRES,22,22125,HUESCA,175
22066,BOLTAÑA,22,22066,BOLTAÑA,1089
22067,BONANSA,22,22048,BARBASTRO,85
22068,BORAU,22,22130,JACA,77
22069,BROTO,22,22066,BOLTAÑA,615
22072,CALDEARENAS,22,22130,JACA,220
22074,CAMPO,22,22066,BOLTAÑA,491
22075,CAMPORRÉLLS,22,22158,MONZÓN,153
22076,CANAL DE BERDÚN,22,22130,JACA,322
22077,CANDASNOS,22,22112,FRAGA,478
22078,CANFRANC,22,22130,JACA,633
22079,CAPDESASO,22,22125,HUESCA,190
22080,CAPELLA,22,22048,BARBASTRO,361
22081,CASBAS DE HUESCA,22,22125,HUESCA,287
22082,CASTEJÓN DEL PUENTE,22,22158,MONZÓN,359
22083,CASTEJÓN DE MONEGROS,22,22125,HUESCA,459
22084,CASTEJÓN DE SOS,22,22066,BOLTAÑA,840
22085,CASTELFLORITE,22,22125,HUESCA,102
22086,CASTIELLO DE JACA,22,22130,JACA,280
22087,CASTIGALEU,22,22048,BARBASTRO,80
22088,CASTILLAZUELO,22,22048,BARBASTRO,164
22089,CASTILLONROY,22,22158,MONZÓN,334
22090,COLUNGO,22,22048,BARBASTRO,124
22094,CHALAMERA,22,22112,FRAGA,120
22095,CHÍA,22,22066,BOLTAÑA,90
22096,CHIMILLAS,22,22125,HUESCA,407
22099,ESPLÚS,22,22112,FRAGA,676
22102,ESTADA,22,22158,MONZÓN,215
22103,ESTADILLA,22,22158,MONZÓN,810
22105,ESTOPIÑÁN DEL CASTILLO,22,22158,MONZÓN,147
22106,FAGO,22,22130,JACA,24
22107,FANLO,22,22066,BOLTAÑA,114
22109,FISCAL,22,22066,BOLTAÑA,358
22110,FONZ,22,22158,MONZÓN,886
22111,FORADADA DEL TOSCAR,22,22066,BOLTAÑA,163
22112,FRAGA,22,22112,FRAGA,15576
22113,LA FUEVA,22,22066,BOLTAÑA,597
22114,GISTAÍN,22,22066,BOLTAÑA,114
22115,EL GRADO,22,22048,BARBASTRO,383
22116,GRAÑÉN,22,22125,HUESCA,1718
22117,GRAUS,22,22048,BARBASTRO,3400
22119,GURREA DE GÁLLEGO,22,22125,HUESCA,1430
22122,HOZ DE JACA,22,22130,JACA,81
22124,HUERTO,22,22125,HUESCA,216
22125,HUESCA,22,22125,HUESCA,55454
22126,IBIECA,22,22125,HUESCA,110
22127,IGRIÉS,22,22125,HUESCA,727
22128,ILCHE,22,22158,MONZÓN,183
22129,ISÁBENA,22,22048,BARBASTRO,234
22130,JACA,22,22130,JACA,14024
22131,JASA,22,22130,JACA,90
22133,LABUERDA,22,22066,BOLTAÑA,179
22135,LALUENGA,22,22158,MONZÓN,198
22136,LALUEZA,22,22125,HUESCA,849
22137,LANAJA,22,22125,HUESCA,1140
22139,LAPERDIGUERA,22,22158,MONZÓN,87
22141,LASCELLAS-PONZANO,22,22048,BARBASTRO,138
22142,LASCUARRE,22,22048,BARBASTRO,139
22143,LASPAÚLES,22,22048,BARBASTRO,255
22144,LASPUÑA,22,22066,BOLTAÑA,277
22149,LOARRE,22,22125,HUESCA,358
22150,LOPORZANO,22,22125,HUESCA,576
22151,LOSCORRALES,22,22125,HUESCA,98
22155,MONESMA Y CAJIGAR,22,22048,BARBASTRO,68
22156,MONFLORITE-LASCASAS,22,22125,HUESCA,475
22157,MONTANUY,22,22048,BARBASTRO,230
22158,MONZÓN,22,22158,MONZÓN,18525
22160,NAVAL,22,22048,BARBASTRO,281
22162,NOVALES,22,22125,HUESCA,154
22163,NUENO,22,22125,HUESCA,568
22164,OLVENA,22,22048,BARBASTRO,63
22165,ONTIÑENA,22,22112,FRAGA,502
22167,OSSO DE CINCA,22,22112,FRAGA,644
22168,PALO,22,22066,BOLTAÑA,31
22170,PANTICOSA,22,22130,JACA,910
22172,PEÑALBA,22,22112,FRAGA,657
22173,LAS PEÑAS DE RIGLOS,22,22130,JACA,263
22174,PERALTA DE ALCOFEA,22,22125,HUESCA,576
22175,PERALTA DE CALASANZ,22,22158,MONZÓN,206
22176,PERALTILLA,22,22048,BARBASTRO,212
22177,PERARRÚA,22,22048,BARBASTRO,116
22178,PERTUSA,22,22125,HUESCA,129
22181,PIRACÉS,22,22125,HUESCA,92
22182,PLAN,22,22066,BOLTAÑA,272
22184,POLEÑINO,22,22125,HUESCA,184
22186,POZÁN DE VERO,22,22048,BARBASTRO,228
22187,LA PUEBLA DE CASTRO,22,22048,BARBASTRO,430
22188,PUENTE DE MONTAÑANA,22,22048,BARBASTRO,87
22189,PUÉRTOLAS,22,22066,BOLTAÑA,217
22190,EL PUEYO DE ARAGUÁS,22,22066,BOLTAÑA,180
22193,PUEYO DE SANTA CRUZ,22,22158,MONZÓN,332
22195,QUICENA,22,22125,HUESCA,391
22197,ROBRES,22,22125,HUESCA,524
22199,SABIÑÁNIGO,22,22130,JACA,9695
22200,SAHÚN,22,22066,BOLTAÑA,320
22201,SALAS ALTAS,22,22048,BARBASTRO,301
22202,SALAS BAJAS,22,22048,BARBASTRO,184
22203,SALILLAS,22,22125,HUESCA,94
22204,SALLENT DE GÁLLEGO,22,22130,JACA,1505
22205,SAN ESTEBAN DE LITERA,22,22158,MONZÓN,672
22206,SANGARRÉN,22,22125,HUESCA,233
22207,SAN JUAN DE PLAN,22,22066,BOLTAÑA,145
22208,SANTA CILIA DE JACA,22,22130,JACA,244
22209,SANTA CRUZ DE LA SERÓS,22,22130,JACA,193
22212,SANTALIESTRA Y SAN QUÍLEZ,22,22048,BARBASTRO,78
22213,SARIÑENA,22,22125,HUESCA,4113
22214,SECASTILLA,22,22048,BARBASTRO,142
22215,SEIRA,22,22066,BOLTAÑA,149
22217,SENA,22,22125,HUESCA,490
22218,SENÉS DE ALCUBIERRE,22,22125,HUESCA,49
22220,SESA,22,22125,HUESCA,167
22221,SESUÉ,22,22066,BOLTAÑA,120
22222,SIÉTAMO,22,22125,HUESCA,697
22223,SOPEIRA,22,22048,BARBASTRO,84
22225,TAMARITE DE LITERA,22,22158,MONZÓN,3464
22226,TARDIENTA,22,22125,HUESCA,952
22227,TELLA-SIN,22,22066,BOLTAÑA,208
22228,TIERZ,22,22125,HUESCA,821
22229,TOLVA,22,22048,BARBASTRO,130
22230,TORLA-ORDESA,22,22066,BOLTAÑA,342
22232,TORRALBA DE ARAGÓN,22,22125,HUESCA,105
22233,TORRE LA RIBERA,22,22048,BARBASTRO,102
22234,TORRENTE DE CINCA,22,22112,FRAGA,1037
22235,TORRES DE ALCANADRE,22,22125,HUESCA,91
22236,TORRES DE BARBUÉS,22,22125,HUESCA,271
22239,TRAMACED,22,22125,HUESCA,108
22242,VALFARTA,22,22112,FRAGA,54
22243,VALLE DE BARDAJÍ,22,22066,BOLTAÑA,52
22244,VALLE DE LIERP,22,22066,BOLTAÑA,52
22245,VELILLA DE CINCA,22,22112,FRAGA,505
22246,BERANUY,22,22048,BARBASTRO,68
22247,VIACAMP Y LITERA,22,22048,BARBASTRO,40
22248,VICIÉN,22,22125,HUESCA,149
22249,VILLANOVA,22,22066,BOLTAÑA,171
22250,VILLANÚA,22,22130,JACA,570
22251,VILLANUEVA DE SIGENA,22,22125,HUESCA,340
22252,YEBRA DE BASA,22,22130,JACA,155
22253,YÉSERO,22,22130,JACA,60
22254,ZAIDÍN,22,22112,FRAGA,1807
22901,VALLE DE HECHO,22,22130,JACA,813
22902,PUENTE LA REINA DE JACA,22,22130,JACA,248
22903,SAN MIGUEL DEL CINCA,22,22158,MONZÓN,775
22904,LA SOTONERA,22,22125,HUESCA,879
22905,LUPIÑÉN-ORTILLA,22,22125,HUESCA,359
22906,SANTA MARÍA DE DULCIS,22,22048,BARBASTRO,206
22907,AÍNSA-SOBRARBE,22,22066,BOLTAÑA,2335
22908,HOZ Y COSTEAN,22,22048,BARBASTRO,225
22909,VENCILLÓN,22,22112,FRAGA,402
23001,ALBÁNCHEZ DE MÁGINA,23,23050,JAÉN,903
23002,ALCALÁ LA REAL,23,23002,ALCALÁ LA REAL,21496
23003,ALCAUDETE,23,23002,ALCALÁ LA REAL,10129
23004,ALDEAQUEMADA,23,23024,LA CAROLINA,446
23005,ANDÚJAR,23,23005,ANDÚJAR,35610
23006,ARJONA,23,23005,ANDÚJAR,5330
23007,ARJONILLA,23,23005,ANDÚJAR,3520
23008,ARQUILLOS,23,23024,LA CAROLINA,1682
23009,BAEZA,23,23009,BAEZA,15575
23010,BAILÉN,23,23055,LINARES,17119
23011,BAÑOS DE LA ENCINA,23,23024,LA CAROLINA,2542
23012,BEAS DE SEGURA,23,23095,VILLACARRILLO,4983
23014,BEGÍJAR,23,23009,BAEZA,2908
23015,BÉLMEZ DE LA MORALEDA,23,23050,JAÉN,1504
23016,BENATAE,23,23095,VILLACARRILLO,423
23017,CABRA DEL SANTO CRISTO,23,23050,JAÉN,1639
23018,CAMBIL,23,23050,JAÉN,2654
23019,CAMPILLO DE ARENAS,23,23050,JAÉN,1711
23020,CANENA,23,23092,ÚBEDA,1717
23021,CARBONEROS,23,23024,LA CAROLINA,624
23024,LA CAROLINA,23,23024,LA CAROLINA,14677
23025,CASTELLAR,23,23095,VILLACARRILLO,3147
23026,CASTILLO DE LOCUBÍN,23,23002,ALCALÁ LA REAL,3805
23027,CAZALILLA,23,23050,JAÉN,762
23028,CAZORLA,23,23028,CAZORLA,6930
23029,CHICLANA DE SEGURA,23,23095,VILLACARRILLO,859
23030,CHILLUÉVAR,23,23028,CAZORLA,1309
23031,ESCAÑUELA,23,23005,ANDÚJAR,902
23032,ESPELÚY,23,23050,JAÉN,596
23033,FRAILES,23,23002,ALCALÁ LA REAL,1565
23034,FUENSANTA DE MARTOS,23,23060,MARTOS,3030
23035,FUERTE DEL REY,23,23050,JAÉN,1348
23037,GÉNAVE,23,23095,VILLACARRILLO,548
23038,LA GUARDIA DE JAÉN,23,23050,JAÉN,5212
23039,GUARROMÁN,23,23024,LA CAROLINA,2703
23040,LAHIGUERA,23,23005,ANDÚJAR,1560
23041,HIGUERA DE CALATRAVA,23,23060,MARTOS,590
23042,HINOJARES,23,23028,CAZORLA,335
23043,HORNOS,23,23095,VILLACARRILLO,561
23044,HUELMA,23,23050,JAÉN,5485
23045,HUESA,23,23028,CAZORLA,2411
23046,IBROS,23,23009,BAEZA,2773
23047,LA IRUELA,23,23028,CAZORLA,1819
23048,IZNATORAF,23,23095,VILLACARRILLO,874
23049,JABALQUINTO,23,23055,LINARES,1939
23050,JAÉN,23,23050,JAÉN,112235
23051,JAMILENA,23,23060,MARTOS,3319
23052,JIMENA,23,23050,JAÉN,1219
23053,JÓDAR,23,23092,ÚBEDA,11285
23054,LARVA,23,23028,CAZORLA,435
23055,LINARES,23,23055,LINARES,55633
23056,LOPERA,23,23005,ANDÚJAR,3502
23057,LUPIÓN,23,23009,BAEZA,801
23058,MANCHA REAL,23,23050,JAÉN,11481
23059,MARMOLEJO,23,23005,ANDÚJAR,6412
23060,MARTOS,23,23060,MARTOS,24462
23061,MENGÍBAR,23,23050,JAÉN,10250
23062,MONTIZÓN,23,23095,VILLACARRILLO,1574
23063,NAVAS DE SAN JUAN,23,23024,LA CAROLINA,4345
23064,NOALEJO,23,23050,JAÉN,1721
23065,ORCERA,23,23095,VILLACARRILLO,1715
23066,PEAL DE BECERRO,23,23028,CAZORLA,5290
23067,PEGALAJAR,23,23050,JAÉN,2830
23069,PORCUNA,23,23060,MARTOS,5936
23070,POZO ALCÓN,23,23028,CAZORLA,4514
23071,PUENTE DE GÉNAVE,23,23095,VILLACARRILLO,2191
23072,LA PUERTA DE SEGURA,23,23095,VILLACARRILLO,2223
23073,QUESADA,23,23028,CAZORLA,4901
23074,RUS,23,23092,ÚBEDA,3386
23075,SABIOTE,23,23092,ÚBEDA,3742
23076,SANTA ELENA,23,23024,LA CAROLINA,863
23077,SANTIAGO DE CALATRAVA,23,23060,MARTOS,660
23079,SANTISTEBAN DEL PUERTO,23,23095,VILLACARRILLO,4451
23080,SANTO TOMÉ,23,23028,CAZORLA,2029
23081,SEGURA DE LA SIERRA,23,23095,VILLACARRILLO,1711
23082,SILES,23,23095,VILLACARRILLO,2067
23084,SORIHUELA DEL GUADALIMAR,23,23095,VILLACARRILLO,1000
23085,TORREBLASCOPEDRO,23,23055,LINARES,2382
23086,TORREDELCAMPO,23,23050,JAÉN,13888
23087,TORREDONJIMENO,23,23060,MARTOS,13213
23088,TORREPEROGIL,23,23092,ÚBEDA,7107
23090,TORRES,23,23050,JAÉN,1328
23091,TORRES DE ALBÁNCHEZ,23,23095,VILLACARRILLO,735
23092,ÚBEDA,23,23092,ÚBEDA,33588
23093,VALDEPEÑAS DE JAÉN,23,23050,JAÉN,3469
23094,VILCHES,23,23024,LA CAROLINA,4191
23095,VILLACARRILLO,23,23095,VILLACARRILLO,10342
23096,VILLANUEVA DE LA REINA,23,23005,ANDÚJAR,2941
23097,VILLANUEVA DEL ARZOBISPO,23,23095,VILLACARRILLO,7703
23098,VILLARDOMPARDO,23,23060,MARTOS,893
23099,LOS VILLARES,23,23050,JAÉN,6111
23101,VILLARRODRIGO,23,23095,VILLACARRILLO,371
23901,CÁRCHELES,23,23050,JAÉN,1291
23902,BEDMAR Y GARCÍEZ,23,23050,JAÉN,2567
23903,VILLATORRES,23,23050,JAÉN,4259
23904,SANTIAGO-PONTONES,23,23095,VILLACARRILLO,2629
23905,ARROYO DEL OJANCO,23,23095,VILLACARRILLO,2158
24001,ACEBEDO,24,24056,CISTIERNA,181
24002,ALGADEFE,24,24089,LEÓN,312
24003,ALIJA DEL INFANTADO,24,24010,LA BAÑEZA,554
24004,ALMANZA,24,24139,SAHAGÚN,570
24005,LA ANTIGUA,24,24010,LA BAÑEZA,324
24006,ARDÓN,24,24089,LEÓN,533
24007,ARGANZA,24,24115,PONFERRADA,800
24008,ASTORGA,24,24008,ASTORGA,10305
24009,BALBOA,24,24115,PONFERRADA,269
24010,LA BAÑEZA,24,24010,LA BAÑEZA,10195
24011,BARJAS,24,24115,PONFERRADA,140
24012,LOS BARRIOS DE LUNA,24,24089,LEÓN,300
24014,BEMBIBRE,24,24115,PONFERRADA,8041
24015,BENAVIDES,24,24008,ASTORGA,2321
24016,BENUZA,24,24115,PONFERRADA,457
24017,BERCIANOS DEL PÁRAMO,24,24010,LA BAÑEZA,513
24018,BERCIANOS DEL REAL CAMINO,24,24139,SAHAGÚN,179
24019,BERLANGA DEL BIERZO,24,24115,PONFERRADA,311
24020,BOCA DE HUÉRGANO,24,24056,CISTIERNA,412
24021,BOÑAR,24,24089,LEÓN,1732
24022,BORRENES,24,24115,PONFERRADA,297
24023,BRAZUELO,24,24008,ASTORGA,304
24024,EL BURGO RANERO,24,24139,SAHAGÚN,697
24025,BURÓN,24,24056,CISTIERNA,282
24026,BUSTILLO DEL PÁRAMO,24,24008,ASTORGA,1057
24027,CABAÑAS RARAS,24,24115,PONFERRADA,1286
24028,CABREROS DEL RÍO,24,24089,LEÓN,406
24029,CABRILLANES,24,24202,VILLABLINO,687
24030,CACABELOS,24,24115,PONFERRADA,4734
24031,CALZADA DEL COTO,24,24139,SAHAGÚN,217
24032,CAMPAZAS,24,24089,LEÓN,110
24033,CAMPO DE VILLAVIDEL,24,24089,LEÓN,209
24034,CAMPONARAYA,24,24115,PONFERRADA,4060
24036,VALLE DE ANCARES,24,24115,PONFERRADA,256
24037,CÁRMENES,24,24089,LEÓN,356
24038,CARRACEDELO,24,24115,PONFERRADA,3423
24039,CARRIZO,24,24008,ASTORGA,2242
24040,CARROCERA,24,24089,LEÓN,437
24041,CARUCEDO,24,24115,PONFERRADA,479
24042,CASTILFALÉ,24,24089,LEÓN,58
24043,CASTRILLO DE CABRERA,24,24008,ASTORGA,100
24044,CASTRILLO DE LA VALDUERNA,24,24010,LA BAÑEZA,136
24046,CASTROCALBÓN,24,24010,LA BAÑEZA,898
24047,CASTROCONTRIGO,24,24010,LA BAÑEZA,623
24049,CASTROPODAME,24,24115,PONFERRADA,1570
24050,CASTROTIERRA DE VALMADRIGAL,24,24139,SAHAGÚN,106
24051,CEA,24,24139,SAHAGÚN,373
24052,CEBANICO,24,24139,SAHAGÚN,146
24053,CEBRONES DEL RÍO,24,24010,LA BAÑEZA,439
24054,CIMANES DE LA VEGA,24,24089,LEÓN,431
24055,CIMANES DEL TEJAR,24,24089,LEÓN,710
24056,CISTIERNA,24,24056,CISTIERNA,2857
24057,CONGOSTO,24,24115,PONFERRADA,1418
24058,CORBILLOS DE LOS OTEROS,24,24089,LEÓN,174
24059,CORULLÓN,24,24115,PONFERRADA,789
24060,CRÉMENES,24,24056,CISTIERNA,497
24061,CUADROS,24,24089,LEÓN,2075
24062,CUBILLAS DE LOS OTEROS,24,24089,LEÓN,140
24063,CUBILLAS DE RUEDA,24,24089,LEÓN,376
24064,CUBILLOS DEL SIL,24,24115,PONFERRADA,1746
24065,CHOZAS DE ABAJO,24,24089,LEÓN,2699
24066,DESTRIANA,24,24010,LA BAÑEZA,422
24067,ENCINEDO,24,24008,ASTORGA,621
24068,LA ERCINA,24,24056,CISTIERNA,412
24069,ESCOBAR DE CAMPOS,24,24139,SAHAGÚN,32
24070,FABERO,24,24115,PONFERRADA,3998
24071,FOLGOSO DE LA RIBERA,24,24115,PONFERRADA,973
24073,FRESNO DE LA VEGA,24,24089,LEÓN,483
24074,FUENTES DE CARBAJAL,24,24089,LEÓN,71
24076,GARRAFE DE TORÍO,24,24089,LEÓN,1649
24077,GORDALIZA DEL PINO,24,24139,SAHAGÚN,238
24078,GORDONCILLO,24,24089,LEÓN,312
24079,GRADEFES,24,24089,LEÓN,882
24080,GRAJAL DE CAMPOS,24,24139,SAHAGÚN,200
24081,GUSENDOS DE LOS OTEROS,24,24089,LEÓN,123
24082,HOSPITAL DE ÓRBIGO,24,24008,ASTORGA,948
24083,IGÜEÑA,24,24115,PONFERRADA,1012
24084,IZAGRE,24,24089,LEÓN,133
24086,JOARILLA DE LAS MATAS,24,24139,SAHAGÚN,241
24087,LAGUNA DALGA,24,24010,LA BAÑEZA,608
24088,LAGUNA DE NEGRILLOS,24,24010,LA BAÑEZA,1056
24089,LEÓN,24,24089,LEÓN,123446
24090,LUCILLO,24,24008,ASTORGA,360
24091,LUYEGO,24,24008,ASTORGA,537
24092,LLAMAS DE LA RIBERA,24,24008,ASTORGA,783
24093,MAGAZ DE CEPEDA,24,24008,ASTORGA,345
24094,MANSILLA DE LAS MULAS,24,24089,LEÓN,1706
24095,MANSILLA MAYOR,24,24089,LEÓN,316
24096,MARAÑA,24,24056,CISTIERNA,103
24097,MATADEÓN DE LOS OTEROS,24,24089,LEÓN,212
24098,MATALLANA DE TORÍO,24,24089,LEÓN,1214
24099,MATANZA,24,24089,LEÓN,157
24100,MOLINASECA,24,24115,PONFERRADA,870
24101,MURIAS DE PAREDES,24,24202,VILLABLINO,337
24102,NOCEDA DEL BIERZO,24,24115,PONFERRADA,603
24103,OENCIA,24,24115,PONFERRADA,267
24104,LAS OMAÑAS,24,24089,LEÓN,267
24105,ONZONILLA,24,24089,LEÓN,1974
24106,OSEJA DE SAJAMBRE,24,24056,CISTIERNA,214
24107,PAJARES DE LOS OTEROS,24,24089,LEÓN,245
24108,PALACIOS DE LA VALDUERNA,24,24010,LA BAÑEZA,341
24109,PALACIOS DEL SIL,24,24202,VILLABLINO,862
24110,PÁRAMO DEL SIL,24,24115,PONFERRADA,1141
24112,PERANZANES,24,24115,PONFERRADA,276
24113,POBLADURA DE PELAYO GARCÍA,24,24010,LA BAÑEZA,364
24114,LA POLA DE GORDÓN,24,24089,LEÓN,2833
24115,PONFERRADA,24,24115,PONFERRADA,63186
24116,POSADA DE VALDEÓN,24,24056,CISTIERNA,392
24117,POZUELO DEL PÁRAMO,24,24010,LA BAÑEZA,374
24118,PRADO DE LA GUZPEÑA,24,24056,CISTIERNA,108
24119,PRIARANZA DEL BIERZO,24,24115,PONFERRADA,672
24120,PRIORO,24,24056,CISTIERNA,340
24121,PUEBLA DE LILLO,24,24056,CISTIERNA,641
24122,PUENTE DE DOMINGO FLÓREZ,24,24115,PONFERRADA,1348
24123,QUINTANA DEL CASTILLO,24,24008,ASTORGA,699
24124,QUINTANA DEL MARCO,24,24010,LA BAÑEZA,299
24125,QUINTANA Y CONGOSTO,24,24010,LA BAÑEZA,402
24127,REGUERAS DE ARRIBA,24,24010,LA BAÑEZA,263
24129,REYERO,24,24056,CISTIERNA,120
24130,RIAÑO,24,24056,CISTIERNA,476
24131,RIEGO DE LA VEGA,24,24010,LA BAÑEZA,697
24132,RIELLO,24,24089,LEÓN,570
24133,RIOSECO DE TAPIA,24,24089,LEÓN,409
24134,LA ROBLA,24,24089,LEÓN,3574
24136,ROPERUELOS DEL PÁRAMO,24,24010,LA BAÑEZA,502
24137,SABERO,24,24056,CISTIERNA,1020
24139,SAHAGÚN,24,24139,SAHAGÚN,2380
24141,SAN ADRIÁN DEL VALLE,24,24010,LA BAÑEZA,82
24142,SAN ANDRÉS DEL RABANEDO,24,24089,LEÓN,29944
24143,SANCEDO,24,24115,PONFERRADA,532
24144,SAN CRISTÓBAL DE LA POLANTERA,24,24010,LA BAÑEZA,611
24145,SAN EMILIANO,24,24202,VILLABLINO,585
24146,SAN ESTEBAN DE NOGALES,24,24010,LA BAÑEZA,239
24148,SAN JUSTO DE LA VEGA,24,24008,ASTORGA,1750
24149,SAN MILLÁN DE LOS CABALLEROS,24,24089,LEÓN,191
24150,SAN PEDRO BERCIANOS,24,24010,LA BAÑEZA,218
24151,SANTA COLOMBA DE CURUEÑO,24,24089,LEÓN,502
24152,SANTA COLOMBA DE SOMOZA,24,24008,ASTORGA,472
24153,SANTA CRISTINA DE VALMADRIGAL,24,24139,SAHAGÚN,278
24154,SANTA ELENA DE JAMUZ,24,24010,LA BAÑEZA,1021
24155,SANTA MARÍA DE LA ISLA,24,24010,LA BAÑEZA,429
24156,SANTA MARÍA DEL MONTE DE CEA,24,24139,SAHAGÚN,207
24157,SANTA MARÍA DEL PÁRAMO,24,24010,LA BAÑEZA,2994
24158,SANTA MARÍA DE ORDÁS,24,24089,LEÓN,327
24159,SANTA MARINA DEL REY,24,24008,ASTORGA,1718
24160,SANTAS MARTAS,24,24089,LEÓN,763
24161,SANTIAGO MILLAS,24,24008,ASTORGA,350
24162,SANTOVENIA DE LA VALDONCINA,24,24089,LEÓN,2058
24163,SARIEGOS,24,24089,LEÓN,5456
24164,SENA DE LUNA,24,24089,LEÓN,373
24165,SOBRADO,24,24115,PONFERRADA,275
24166,SOTO DE LA VEGA,24,24010,LA BAÑEZA,1481
24167,SOTO Y AMÍO,24,24089,LEÓN,706
24168,TORAL DE LOS GUZMANES,24,24089,LEÓN,486
24169,TORENO,24,24115,PONFERRADA,2833
24170,TORRE DEL BIERZO,24,24115,PONFERRADA,1929
24171,TRABADELO,24,24115,PONFERRADA,321
24172,TRUCHAS,24,24008,ASTORGA,371
24173,TURCIA,24,24008,ASTORGA,974
24174,URDIALES DEL PÁRAMO,24,24010,LA BAÑEZA,445
24175,VALDEFRESNO,24,24089,LEÓN,2362
24176,VALDEFUENTES DEL PÁRAMO,24,24010,LA BAÑEZA,304
24177,VALDELUGUEROS,24,24089,LEÓN,484
24178,VALDEMORA,24,24089,LEÓN,58
24179,VALDEPIÉLAGO,24,24089,LEÓN,306
24180,VALDEPOLO,24,24089,LEÓN,1177
24181,VALDERAS,24,24089,LEÓN,1479
24182,VALDERREY,24,24008,ASTORGA,424
24183,VALDERRUEDA,24,24056,CISTIERNA,817
24184,VALDESAMARIO,24,24089,LEÓN,167
24185,VAL DE SAN LORENZO,24,24008,ASTORGA,480
24187,VALDEVIMBRE,24,24010,LA BAÑEZA,892
24188,VALENCIA DE DON JUAN,24,24089,LEÓN,5103
24189,VALVERDE DE LA VIRGEN,24,24089,LEÓN,7936
24190,VALVERDE-ENRIQUE,24,24089,LEÓN,148
24191,VALLECILLO,24,24139,SAHAGÚN,99
24193,LA VECILLA,24,24089,LEÓN,383
24194,VEGACERVERA,24,24089,LEÓN,246
24196,VEGA DE ESPINAREDA,24,24115,PONFERRADA,2006
24197,VEGA DE INFANZONES,24,24089,LEÓN,837
24198,VEGA DE VALCARCE,24,24115,PONFERRADA,555
24199,VEGAQUEMADA,24,24089,LEÓN,418
24201,VEGAS DEL CONDADO,24,24089,LEÓN,1165
24202,VILLABLINO,24,24202,VILLABLINO,7585
24203,VILLABRAZ,24,24089,LEÓN,82
24205,VILLADANGOS DEL PÁRAMO,24,24089,LEÓN,1268
24206,TORAL DE LOS VADOS,24,24115,PONFERRADA,1751
24207,VILLADEMOR DE LA VEGA,24,24089,LEÓN,289
24209,VILLAFRANCA DEL BIERZO,24,24115,PONFERRADA,2591
24210,VILLAGATÓN,24,24008,ASTORGA,611
24211,VILLAMANDOS,24,24089,LEÓN,272
24212,VILLAMAÑÁN,24,24089,LEÓN,1084
24213,VILLAMARTÍN DE DON SANCHO,24,24139,SAHAGÚN,130
24214,VILLAMEJIL,24,24008,ASTORGA,653
24215,VILLAMOL,24,24139,SAHAGÚN,134
24216,VILLAMONTÁN DE LA VALDUERNA,24,24010,LA BAÑEZA,678
24217,VILLAMORATIEL DE LAS MATAS,24,24139,SAHAGÚN,121
24218,VILLANUEVA DE LAS MANZANAS,24,24089,LEÓN,484
24219,VILLAOBISPO DE OTERO,24,24008,ASTORGA,514
24221,VILLAQUEJIDA,24,24089,LEÓN,763
24222,VILLAQUILAMBRE,24,24089,LEÓN,18905
24223,VILLAREJO DE ORBIGO,24,24008,ASTORGA,2856
24224,VILLARES DE ORBIGO,24,24008,ASTORGA,557
24225,VILLASABARIEGO,24,24089,LEÓN,1155
24226,VILLASELÁN,24,24139,SAHAGÚN,180
24227,VILLATURIEL,24,24089,LEÓN,1818
24228,VILLAZALA,24,24010,LA BAÑEZA,560
24229,VILLAZANZO DE VALDERADUEY,24,24139,SAHAGÚN,360
24230,ZOTES DEL PÁRAMO,24,24010,LA BAÑEZA,384
24901,VILLAMANÍN,24,24089,LEÓN,863
24902,VILLAORNATE Y CASTRO,24,24089,LEÓN,348
25001,ABELLA DE LA CONCA,25,25234,TREMP,156
25002,AGER,25,25040,BALAGUER,637
25003,AGRAMUNT,25,25040,BALAGUER,5653
25004,ELS ALAMÚS,25,25120,LLEIDA,835
25005,ALÀS I CERC,25,25203,LA SEU D'URGELL,320
25006,L'ALBAGÉS,25,25120,LLEIDA,339
25007,ALBATÀRREC,25,25120,LLEIDA,2331
25008,ALBESA,25,25040,BALAGUER,1584
25009,L'ALBI,25,25120,LLEIDA,764
25010,ALCANÓ,25,25120,LLEIDA,244
25011,ALCARRÀS,25,25120,LLEIDA,10256
25012,ALCOLETGE,25,25120,LLEIDA,3640
25013,ALFARRÀS,25,25040,BALAGUER,2805
25014,ALFÉS,25,25120,LLEIDA,284
25015,ALGERRI,25,25040,BALAGUER,424
25016,ALGUAIRE,25,25040,BALAGUER,3060
25017,ALINS,25,25234,TREMP,269
25019,ALMACELLES,25,25120,LLEIDA,7018
25020,ALMATRET,25,25120,LLEIDA,292
25021,ALMENAR,25,25040,BALAGUER,3369
25022,ALÒS DE BALAGUER,25,25040,BALAGUER,118
25023,ALPICAT,25,25120,LLEIDA,6515
25024,ALT ANEU,25,25234,TREMP,453
25025,NAUT ARAN,25,25243,VIELHA E MIJARAN,1902
25027,ANGLESOLA,25,25072,CERVERA,1389
25029,ARBECA,25,25120,LLEIDA,2163
25030,EL PONT DE BAR,25,25203,LA SEU D'URGELL,162
25031,ARRES,25,25243,VIELHA E MIJARAN,58
25032,ARSÈGUEL,25,25203,LA SEU D'URGELL,87
25033,ARTESA DE LLEIDA,25,25120,LLEIDA,1543
25034,ARTESA DE SEGRE,25,25040,BALAGUER,3559
25035,LA SENTIU DE SIÓ,25,25040,BALAGUER,448
25036,ASPA,25,25120,LLEIDA,233
25037,LES AVELLANES I SANTA LINYA,25,25040,BALAGUER,434
25038,AITONA,25,25120,LLEIDA,2591
25039,BAIX PALLARS,25,25234,TREMP,345
25040,BALAGUER,25,25040,BALAGUER,17729
25041,BARBENS,25,25040,BALAGUER,929
25042,LA BARONIA DE RIALB,25,25207,SOLSONA,216
25043,LA VALL DE BOÍ,25,25234,TREMP,1122
25044,BASSELLA,25,25207,SOLSONA,216
25045,BAUSEN,25,25243,VIELHA E MIJARAN,62
25046,BELIANES,25,25072,CERVERA,514
25047,BELLCAIRE D'URGELL,25,25040,BALAGUER,1275
25048,BELL-LLOC D'URGELL,25,25120,LLEIDA,2364
25049,BELLMUNT D'URGELL,25,25040,BALAGUER,174
25050,BELLPUIG,25,25072,CERVERA,5510
25051,BELLVER DE CERDANYA,25,25203,LA SEU D'URGELL,2289
25052,BELLVÍS,25,25040,BALAGUER,2249
25053,BENAVENT DE SEGRIÀ,25,25120,LLEIDA,1571
25055,BIOSCA,25,25207,SOLSONA,185
25056,BOVERA,25,25120,LLEIDA,244
25057,ES BÒRDES,25,25243,VIELHA E MIJARAN,281
25058,LES BORGES BLANQUES,25,25120,LLEIDA,6482
25059,BOSSÒST,25,25243,VIELHA E MIJARAN,1189
25060,CABANABONA,25,25040,BALAGUER,70
25061,CABÓ,25,25203,LA SEU D'URGELL,85
25062,CAMARASA,25,25040,BALAGUER,788
25063,CANEJAN,25,25243,VIELHA E MIJARAN,95
25064,CASTELLAR DE LA RIBERA,25,25207,SOLSONA,131
25067,CASTELLDANS,25,25120,LLEIDA,952
25068,CASTELLNOU DE SEANA,25,25072,CERVERA,726
25069,CASTELLÓ DE FARFANYA,25,25040,BALAGUER,548
25070,CASTELLSERÀ,25,25040,BALAGUER,993
25071,CAVA,25,25203,LA SEU D'URGELL,38
25072,CERVERA,25,25072,CERVERA,9603
25073,CERVIÀ DE LES GARRIGUES,25,25120,LLEIDA,641
25074,CIUTADILLA,25,25072,CERVERA,186
25075,CLARIANA DE CARDENER,25,25207,SOLSONA,160
25076,EL COGUL,25,25120,LLEIDA,163
25077,COLL DE NARGÓ,25,25203,LA SEU D'URGELL,585
25078,CORBINS,25,25120,LLEIDA,1502
25079,CUBELLS,25,25040,BALAGUER,354
25081,L'ESPLUGA CALBA,25,25120,LLEIDA,324
25082,ESPOT,25,25234,TREMP,377
25085,ESTARÀS,25,25072,CERVERA,161
25086,ESTERRI D'ANEU,25,25234,TREMP,917
25087,ESTERRI DE CARDÓS,25,25234,TREMP,63
25088,ESTAMARIU,25,25203,LA SEU D'URGELL,135
25089,FARRERA,25,25234,TREMP,118
25092,LA FLORESTA,25,25120,LLEIDA,159
25093,FONDARELLA,25,25120,LLEIDA,823
25094,FORADADA,25,25040,BALAGUER,193
25096,LA FULIOLA,25,25040,BALAGUER,1262
25097,FULLEDA,25,25120,LLEIDA,87
25098,GAVET DE LA CONCA,25,25234,TREMP,252
25099,GOLMÉS,25,25120,LLEIDA,1909
25100,GÓSOL,25,25207,SOLSONA,205
25101,LA GRANADELLA,25,25120,LLEIDA,748
25102,LA GRANJA D'ESCARP,25,25120,LLEIDA,994
25103,GRANYANELLA,25,25072,CERVERA,154
25104,GRANYENA DE SEGARRA,25,25072,CERVERA,149
25105,GRANYENA DE LES GARRIGUES,25,25120,LLEIDA,174
25109,GUIMERÀ,25,25072,CERVERA,250
25110,GUISSONA,25,25072,CERVERA,7774
25111,GUIXERS,25,25207,SOLSONA,125
25112,IVARS DE NOGUERA,25,25040,BALAGUER,317
25113,IVARS D'URGELL,25,25040,BALAGUER,1578
25114,IVORRA,25,25072,CERVERA,100
25115,ISONA I CONCA DELLÀ,25,25234,TREMP,1038
25118,JUNCOSA,25,25120,LLEIDA,377
25119,JUNEDA,25,25120,LLEIDA,3453
25120,LLEIDA,25,25120,LLEIDA,146266
25121,LES,25,25243,VIELHA E MIJARAN,1036
25122,LINYOLA,25,25040,BALAGUER,2762
25123,LLADORRE,25,25234,TREMP,246
25124,LLADURS,25,25207,SOLSONA,186
25125,LLARDECANS,25,25120,LLEIDA,444
25126,LLAVORSÍ,25,25234,TREMP,342
25127,LLES DE CERDANYA,25,25203,LA SEU D'URGELL,290
25128,LLIMIANA,25,25234,TREMP,130
25129,LLOBERA,25,25207,SOLSONA,201
25130,MALDÀ,25,25072,CERVERA,239
25131,MASSALCOREIG,25,25120,LLEIDA,592
25132,MASSOTERES,25,25072,CERVERA,227
25133,MAIALS,25,25120,LLEIDA,951
25134,MENÀRGUENS,25,25040,BALAGUER,798
25135,MIRALCAMP,25,25120,LLEIDA,1369
25136,LA MOLSOSA,25,25207,SOLSONA,100
25137,MOLLERUSSA,25,25120,LLEIDA,15763
25138,MONTGAI,25,25040,BALAGUER,640
25139,MONTELLÀ I MARTINET,25,25203,LA SEU D'URGELL,598
25140,MONTFERRER I CASTELLBÒ,25,25203,LA SEU D'URGELL,1161
25141,MONTOLIU DE SEGARRA,25,25072,CERVERA,180
25142,MONTOLIU DE LLEIDA,25,25120,LLEIDA,488
25143,MONTORNÈS DE SEGARRA,25,25072,CERVERA,87
25145,NALEC,25,25072,CERVERA,91
25146,NAVÈS,25,25207,SOLSONA,292
25148,ODÈN,25,25207,SOLSONA,231
25149,OLIANA,25,25207,SOLSONA,1874
25150,OLIOLA,25,25040,BALAGUER,192
25151,OLIUS,25,25207,SOLSONA,990
25152,LES OLUGES,25,25072,CERVERA,167
25153,ELS OMELLONS,25,25120,LLEIDA,187
25154,ELS OMELLS DE NA GAIA,25,25072,CERVERA,126
25155,ORGANYÀ,25,25203,LA SEU D'URGELL,853
25156,OS DE BALAGUER,25,25040,BALAGUER,1088
25157,OSSÓ DE SIÓ,25,25072,CERVERA,198
25158,EL PALAU D'ANGLESOLA,25,25120,LLEIDA,2232
25161,CONCA DE DALT,25,25234,TREMP,438
25163,LA COMA I LA PEDRA,25,25207,SOLSONA,277
25164,PENELLES,25,25040,BALAGUER,431
25165,PERAMOLA,25,25207,SOLSONA,339
25166,PINELL DE SOLSONÈS,25,25207,SOLSONA,198
25167,PINÓS,25,25207,SOLSONA,274
25168,EL POAL,25,25040,BALAGUER,649
25169,LA POBLA DE CÉRVOLES,25,25120,LLEIDA,208
25170,BELLAGUARDA,25,25120,LLEIDA,278
25171,LA POBLA DE SEGUR,25,25234,TREMP,3143
25172,PONTS,25,25207,SOLSONA,2653
25173,EL PONT DE SUERT,25,25234,TREMP,2381
25174,LA PORTELLA,25,25040,BALAGUER,731
25175,PRATS I SANSOR,25,25203,LA SEU D'URGELL,252
25176,PREIXANA,25,25072,CERVERA,401
25177,PREIXENS,25,25040,BALAGUER,399
25179,PRULLANS,25,25203,LA SEU D'URGELL,270
25180,PUIGGRÒS,25,25120,LLEIDA,269
25181,PUIGVERD D'AGRAMUNT,25,25040,BALAGUER,231
25182,PUIGVERD DE LLEIDA,25,25120,LLEIDA,1409
25183,RIALP,25,25234,TREMP,654
25185,RIBERA D'URGELLET,25,25203,LA SEU D'URGELL,989
25186,RINER,25,25207,SOLSONA,269
25189,ROSSELLÓ,25,25120,LLEIDA,3416
25190,SALÀS DE PALLARS,25,25234,TREMP,365
25191,SANAÜJA,25,25207,SOLSONA,385
25192,SANT GUIM DE FREIXENET,25,25072,CERVERA,1235
25193,SANT LLORENÇ DE MORUNYS,25,25207,SOLSONA,983
25194,SANT RAMON,25,25072,CERVERA,483
25196,SANT ESTEVE DE LA SARGA,25,25234,TREMP,121
25197,SANT GUIM DE LA PLANA,25,25072,CERVERA,190
25200,SARROCA DE LLEIDA,25,25120,LLEIDA,383
25201,SARROCA DE BELLERA,25,25234,TREMP,111
25202,SENTERADA,25,25234,TREMP,160
25203,LA SEU D'URGELL,25,25203,LA SEU D'URGELL,13009
25204,SERÒS,25,25120,LLEIDA,1954
25205,SIDAMON,25,25120,LLEIDA,760
25206,EL SOLERÀS,25,25120,LLEIDA,308
25207,SOLSONA,25,25207,SOLSONA,9717
25208,SORIGUERA,25,25234,TREMP,446
25209,SORT,25,25234,TREMP,2236
25210,SOSES,25,25120,LLEIDA,1892
25211,SUDANELL,25,25120,LLEIDA,915
25212,SUNYER,25,25120,LLEIDA,310
25215,TALARN,25,25234,TREMP,555
25216,TALAVERA,25,25072,CERVERA,280
25217,TÀRREGA,25,25072,CERVERA,19057
25218,TARRÉS,25,25120,LLEIDA,126
25219,TARROJA DE SEGARRA,25,25072,CERVERA,164
25220,TÉRMENS,25,25040,BALAGUER,1350
25221,TÍRVIA,25,25234,TREMP,141
25222,TIURANA,25,25207,SOLSONA,69
25223,TORÀ,25,25207,SOLSONA,1190
25224,ELS TORMS,25,25120,LLEIDA,135
25225,TORNABOUS,25,25040,BALAGUER,832
25226,TORREBESSES,25,25120,LLEIDA,278
25227,LA TORRE DE CABDELLA,25,25234,TREMP,758
25228,TORREFARRERA,25,25120,LLEIDA,4900
25230,TORREGROSSA,25,25120,LLEIDA,2248
25231,TORRELAMEU,25,25040,BALAGUER,788
25232,TORRES DE SEGRE,25,25120,LLEIDA,2317
25233,TORRE-SERONA,25,25120,LLEIDA,405
25234,TREMP,25,25234,TREMP,6123
25238,VALLBONA DE LES MONGES,25,25072,CERVERA,223
25239,LES VALLS DE VALIRA,25,25203,LA SEU D'URGELL,845
25240,VALLFOGONA DE BALAGUER,25,25040,BALAGUER,2009
25242,VERDÚ,25,25072,CERVERA,876
25243,VIELHA E MIJARAN,25,25243,VIELHA E MIJARAN,5865
25244,VILAGRASSA,25,25072,CERVERA,627
25245,VILALLER,25,25234,TREMP,496
25247,VILAMÒS,25,25243,VIELHA E MIJARAN,174
25248,VILANOVA DE BELLPUIG,25,25072,CERVERA,1150
25249,VILANOVA DE L'AGUDA,25,25207,SOLSONA,192
25250,VILANOVA DE MEIÀ,25,25040,BALAGUER,479
25251,VILANOVA DE SEGRIÀ,25,25040,BALAGUER,1094
25252,VILA-SANA,25,25072,CERVERA,753
25253,EL VILOSELL,25,25120,LLEIDA,177
25254,VILANOVA DE LA BARCA,25,25120,LLEIDA,1163
25255,VINAIXA,25,25120,LLEIDA,437
25901,VALL DE CARDÓS,25,25234,TREMP,388
25902,SANT MARTÍ DE RIUCORB,25,25072,CERVERA,668
25903,LA GUINGUETA D'ANEU,25,25234,TREMP,278
25904,CASTELL DE MUR,25,25234,TREMP,159
25905,RIBERA D'ONDARA,25,25072,CERVERA,437
25906,LES VALLS D'AGUILAR,25,25203,LA SEU D'URGELL,253
25907,TORREFETA I FLOREJACS,25,25072,CERVERA,589
25908,FÍGOLS I ALINYÀ,25,25203,LA SEU D'URGELL,234
25909,LA VANSA I FÓRNOLS,25,25203,LA SEU D'URGELL,187
25910,JOSA I TUIXÉN,25,25203,LA SEU D'URGELL,110
25911,ELS PLANS DE SIÓ,25,25072,CERVERA,506
25912,GIMENELLS I EL PLA DE LA FONT,25,25120,LLEIDA,1069
25913,RIU DE CERDANYA,25,25203,LA SEU D'URGELL,96
26001,ABALOS,26,26071,HARO,256
26002,AGONCILLO,26,26089,LOGROÑO,1464
26003,AGUILAR DEL RÍO ALHAMA,26,26036,CALAHORRA,421
26004,AJAMIL DE CAMEROS,26,26089,LOGROÑO,79
26005,ALBELDA DE IREGUA,26,26089,LOGROÑO,3930
26006,ALBERITE,26,26089,LOGROÑO,2743
26007,ALCANADRE,26,26036,CALAHORRA,685
26008,ALDEANUEVA DE EBRO,26,26036,CALAHORRA,2753
26009,ALESANCO,26,26089,LOGROÑO,486
26010,ALESÓN,26,26089,LOGROÑO,92
26011,ALFARO,26,26036,CALAHORRA,9923
26012,ALMARZA DE CAMEROS,26,26089,LOGROÑO,41
26013,ANGUCIANA,26,26071,HARO,450
26014,ANGUIANO,26,26089,LOGROÑO,488
26015,ARENZANA DE ABAJO,26,26089,LOGROÑO,257
26016,ARENZANA DE ARRIBA,26,26089,LOGROÑO,37
26017,ARNEDILLO,26,26036,CALAHORRA,433
26018,ARNEDO,26,26036,CALAHORRA,15140
26019,ARRÚBAL,26,26089,LOGROÑO,566
26020,AUSEJO,26,26036,CALAHORRA,774
26021,AUTOL,26,26036,CALAHORRA,4958
26022,AZOFRA,26,26089,LOGROÑO,188
26023,BADARÁN,26,26089,LOGROÑO,474
26024,BAÑARES,26,26071,HARO,198
26025,BAÑOS DE RIOJA,26,26071,HARO,86
26026,BAÑOS DE RÍO TOBÍA,26,26089,LOGROÑO,1589
26027,BERCEO,26,26089,LOGROÑO,143
26028,BERGASA,26,26036,CALAHORRA,172
26029,BERGASILLAS BAJERA,26,26036,CALAHORRA,31
26030,BEZARES,26,26089,LOGROÑO,19
26031,BOBADILLA,26,26089,LOGROÑO,103
26032,BRIEVA DE CAMEROS,26,26089,LOGROÑO,38
26033,BRIÑAS,26,26071,HARO,191
26034,BRIONES,26,26071,HARO,752
26035,CABEZÓN DE CAMEROS,26,26089,LOGROÑO,23
26036,CALAHORRA,26,26036,CALAHORRA,25367
26037,CAMPROVÍN,26,26089,LOGROÑO,158
26038,CANALES DE LA SIERRA,26,26089,LOGROÑO,84
26039,CANILLAS DE RÍO TUERTO,26,26089,LOGROÑO,43
26040,CAÑAS,26,26089,LOGROÑO,95
26041,CÁRDENAS,26,26089,LOGROÑO,132
26042,CASALARREINA,26,26071,HARO,1094
26043,CASTAÑARES DE RIOJA,26,26071,HARO,440
26044,CASTROVIEJO,26,26089,LOGROÑO,57
26045,CELLORIGO,26,26071,HARO,15
26046,CENICERO,26,26089,LOGROÑO,2173
26047,CERVERA DEL RÍO ALHAMA,26,26036,CALAHORRA,2237
26048,CIDAMÓN,26,26071,HARO,18
26049,CIHURI,26,26071,HARO,205
26050,CIRUEÑA,26,26071,HARO,194
26051,CLAVIJO,26,26089,LOGROÑO,294
26052,CORDOVÍN,26,26089,LOGROÑO,154
26053,CORERA,26,26036,CALAHORRA,281
26054,CORNAGO,26,26036,CALAHORRA,298
26055,CORPORALES,26,26071,HARO,40
26056,CUZCURRITA DE RÍO TIRÓN,26,26071,HARO,565
26057,DAROCA DE RIOJA,26,26089,LOGROÑO,63
26058,ENCISO,26,26036,CALAHORRA,167
26059,ENTRENA,26,26089,LOGROÑO,1660
26060,ESTOLLO,26,26089,LOGROÑO,90
26061,EZCARAY,26,26071,HARO,2067
26062,FONCEA,26,26071,HARO,86
26063,FONZALECHE,26,26071,HARO,138
26064,FUENMAYOR,26,26089,LOGROÑO,3281
26065,GALBÁRRULI,26,26071,HARO,70
26066,GALILEA,26,26036,CALAHORRA,419
26067,GALLINERO DE CAMEROS,26,26089,LOGROÑO,16
26068,GIMILEO,26,26071,HARO,122
26069,GRAÑÓN,26,26071,HARO,209
26070,GRÁVALOS,26,26036,CALAHORRA,196
26071,HARO,26,26071,HARO,12167
26072,HERCE,26,26036,CALAHORRA,340
26073,HERRAMÉLLURI,26,26071,HARO,111
26074,HERVÍAS,26,26071,HARO,138
26075,HORMILLA,26,26089,LOGROÑO,442
26076,HORMILLEJA,26,26089,LOGROÑO,153
26077,HORNILLOS DE CAMEROS,26,26089,LOGROÑO,14
26078,HORNOS DE MONCALVILLO,26,26089,LOGROÑO,92
26079,HUÉRCANOS,26,26089,LOGROÑO,856
26080,IGEA,26,26036,CALAHORRA,638
26081,JALÓN DE CAMEROS,26,26089,LOGROÑO,23
26082,LAGUNA DE CAMEROS,26,26089,LOGROÑO,109
26083,LAGUNILLA DEL JUBERA,26,26089,LOGROÑO,385
26084,LARDERO,26,26089,LOGROÑO,12060
26086,LEDESMA DE LA COGOLLA,26,26089,LOGROÑO,16
26087,LEIVA,26,26071,HARO,235
26088,LEZA DE RÍO LEZA,26,26089,LOGROÑO,40
26089,LOGROÑO,26,26089,LOGROÑO,152150
26091,LUMBRERAS DE CAMEROS,26,26089,LOGROÑO,144
26092,MANJARRÉS,26,26089,LOGROÑO,97
26093,MANSILLA DE LA SIERRA,26,26089,LOGROÑO,57
26094,MANZANARES DE RIOJA,26,26071,HARO,68
26095,MATUTE,26,26089,LOGROÑO,88
26096,MEDRANO,26,26089,LOGROÑO,350
26098,MUNILLA,26,26036,CALAHORRA,93
26099,MURILLO DE RÍO LEZA,26,26089,LOGROÑO,1656
26100,MURO DE AGUAS,26,26036,CALAHORRA,57
26101,MURO EN CAMEROS,26,26089,LOGROÑO,40
26102,NÁJERA,26,26089,LOGROÑO,8336
26103,NALDA,26,26089,LOGROÑO,1307
26104,NAVAJÚN,26,26036,CALAHORRA,8
26105,NAVARRETE,26,26089,LOGROÑO,3061
26106,NESTARES,26,26089,LOGROÑO,85
26107,NIEVA DE CAMEROS,26,26089,LOGROÑO,87
26108,OCÓN,26,26036,CALAHORRA,312
26109,OCHÁNDURI,26,26071,HARO,78
26110,OJACASTRO,26,26071,HARO,199
26111,OLLAURI,26,26071,HARO,319
26112,ORTIGOSA DE CAMEROS,26,26089,LOGROÑO,214
26113,PAZUENGOS,26,26071,HARO,24
26114,PEDROSO,26,26089,LOGROÑO,89
26115,PINILLOS,26,26089,LOGROÑO,18
26117,PRADEJÓN,26,26036,CALAHORRA,3742
26118,PRADILLO,26,26089,LOGROÑO,64
26119,PRÉJANO,26,26036,CALAHORRA,206
26120,QUEL,26,26036,CALAHORRA,2128
26121,RABANERA,26,26089,LOGROÑO,29
26122,EL RASILLO DE CAMEROS,26,26089,LOGROÑO,149
26123,EL REDAL,26,26036,CALAHORRA,138
26124,RIBAFRECHA,26,26089,LOGROÑO,1076
26125,RINCÓN DE SOTO,26,26036,CALAHORRA,4041
26126,ROBRES DEL CASTILLO,26,26089,LOGROÑO,21
26127,RODEZNO,26,26071,HARO,230
26128,SAJAZARRA,26,26071,HARO,123
26129,SAN ASENSIO,26,26071,HARO,1088
26130,SAN MILLÁN DE LA COGOLLA,26,26089,LOGROÑO,214
26131,SAN MILLÁN DE YÉCORA,26,26071,HARO,35
26132,SAN ROMÁN DE CAMEROS,26,26089,LOGROÑO,127
26134,SANTA COLOMA,26,26089,LOGROÑO,104
26135,SANTA ENGRACIA DEL JUBERA,26,26089,LOGROÑO,188
26136,SANTA EULALIA BAJERA,26,26036,CALAHORRA,112
26138,SANTO DOMINGO DE LA CALZADA,26,26071,HARO,6441
26139,SAN TORCUATO,26,26071,HARO,62
26140,SANTURDE DE RIOJA,26,26071,HARO,260
26141,SANTURDEJO,26,26071,HARO,95
26142,SAN VICENTE DE LA SONSIERRA,26,26071,HARO,1054
26143,SOJUELA,26,26089,LOGROÑO,690
26144,SORZANO,26,26089,LOGROÑO,233
26145,SOTÉS,26,26089,LOGROÑO,261
26146,SOTO EN CAMEROS,26,26089,LOGROÑO,82
26147,TERROBA,26,26089,LOGROÑO,31
26148,TIRGO,26,26071,HARO,167
26149,TOBÍA,26,26089,LOGROÑO,41
26150,TORMANTOS,26,26071,HARO,124
26151,TORRECILLA EN CAMEROS,26,26089,LOGROÑO,474
26152,TORRECILLA SOBRE ALESANCO,26,26089,LOGROÑO,58
26153,TORRE EN CAMEROS,26,26089,LOGROÑO,8
26154,TORREMONTALBO,26,26089,LOGROÑO,7
26155,TREVIANA,26,26071,HARO,142
26157,TRICIO,26,26089,LOGROÑO,376
26158,TUDELILLA,26,26036,CALAHORRA,360
26160,URUÑUELA,26,26089,LOGROÑO,1007
26161,VALDEMADERA,26,26036,CALAHORRA,15
26162,VALGAÑÓN,26,26071,HARO,133
26163,VENTOSA,26,26089,LOGROÑO,196
26164,VENTROSA,26,26089,LOGROÑO,48
26165,VIGUERA,26,26089,LOGROÑO,377
26166,VILLALBA DE RIOJA,26,26071,HARO,155
26167,VILLALOBAR DE RIOJA,26,26071,HARO,84
26168,VILLAMEDIANA DE IREGUA,26,26089,LOGROÑO,9263
26169,VILLANUEVA DE CAMEROS,26,26089,LOGROÑO,68
26170,EL VILLAR DE ARNEDO,26,26036,CALAHORRA,645
26171,VILLAR DE TORRE,26,26071,HARO,143
26172,VILLAREJO,26,26071,HARO,30
26173,VILLARROYA,26,26036,CALAHORRA,9
26174,VILLARTA-QUINTANA,26,26071,HARO,129
26175,VILLAVELAYO,26,26089,LOGROÑO,43
26176,VILLAVERDE DE RIOJA,26,26089,LOGROÑO,65
26177,VILLOSLADA DE CAMEROS,26,26089,LOGROÑO,351
26178,VINIEGRA DE ABAJO,26,26089,LOGROÑO,81
26179,VINIEGRA DE ARRIBA,26,26089,LOGROÑO,40
26180,ZARRATÓN,26,26071,HARO,254
26181,ZARZOSA,26,26036,CALAHORRA,14
26183,ZORRAQUÍN,26,26071,HARO,88
27001,ABADÍN,27,27030,MONDOÑEDO,2239
27002,ALFOZ,27,27030,MONDOÑEDO,1493
27003,ANTAS DE ULLA,27,27016,CHANTADA,1822
27004,BALEIRA,27,27018,A FONSAGRADA,1093
27005,BARREIROS,27,27030,MONDOÑEDO,3036
27006,BECERREÁ,27,27006,BECERREÁ,2836
27007,BEGONTE,27,27065,VILALBA,2886
27008,BÓVEDA,27,27031,MONFORTE DE LEMOS,1369
27009,CARBALLEDO,27,27016,CHANTADA,1987
27010,CASTRO DE REI,27,27028,LUGO,5001
27011,CASTROVERDE,27,27028,LUGO,2478
27012,CERVANTES,27,27006,BECERREÁ,1142
27013,CERVO,27,27066,VIVEIRO,4137
27014,O CORGO,27,27028,LUGO,3366
27015,COSPEITO,27,27065,VILALBA,4172
27016,CHANTADA,27,27016,CHANTADA,8171
27017,FOLGOSO DO COUREL,27,27031,MONFORTE DE LEMOS,921
27018,A FONSAGRADA,27,27018,A FONSAGRADA,3073
27019,FOZ,27,27066,VIVEIRO,10329
27020,FRIOL,27,27028,LUGO,3608
27021,XERMADE,27,27065,VILALBA,1665
27022,GUITIRIZ,27,27065,VILALBA,5180
27023,GUNTÍN,27,27028,LUGO,2501
27024,O INCIO,27,27057,SARRIA,1513
27025,XOVE,27,27066,VIVEIRO,3269
27026,LÁNCARA,27,27057,SARRIA,2489
27027,LOURENZÁ,27,27030,MONDOÑEDO,2083
27028,LUGO,27,27028,LUGO,100143
27029,MEIRA,27,27028,LUGO,1773
27030,MONDOÑEDO,27,27030,MONDOÑEDO,3303
27031,MONFORTE DE LEMOS,27,27031,MONFORTE DE LEMOS,18933
27032,MONTERROSO,27,27016,CHANTADA,3744
27033,MURAS,27,27065,VILALBA,577
27034,NAVIA DE SUARNA,27,27018,A FONSAGRADA,971
27035,NEGUEIRA DE MUÑIZ,27,27018,A FONSAGRADA,236
27037,AS NOGAIS,27,27006,BECERREÁ,914
27038,OUROL,27,27066,VIVEIRO,965
27039,OUTEIRO DE REI,27,27028,LUGO,5420
27040,PALAS DE REI,27,27016,CHANTADA,3227
27041,PANTÓN,27,27031,MONFORTE DE LEMOS,2350
27042,PARADELA,27,27057,SARRIA,1557
27043,O PÁRAMO,27,27057,SARRIA,1265
27044,A PASTORIZA,27,27030,MONDOÑEDO,2794
27045,PEDRAFITA DO CEBREIRO,27,27006,BECERREÁ,868
27046,POL,27,27028,LUGO,1550
27047,A POBRA DO BROLLÓN,27,27031,MONFORTE DE LEMOS,1610
27048,A PONTENOVA,27,27030,MONDOÑEDO,2106
27049,PORTOMARÍN,27,27016,CHANTADA,1277
27050,QUIROGA,27,27031,MONFORTE DE LEMOS,3040
27051,RIBADEO,27,27030,MONDOÑEDO,10022
27052,RIBAS DE SIL,27,27031,MONFORTE DE LEMOS,894
27053,RIBEIRA DE PIQUÍN,27,27018,A FONSAGRADA,549
27054,RIOTORTO,27,27030,MONDOÑEDO,1182
27055,SAMOS,27,27057,SARRIA,1158
27056,RÁBADE,27,27028,LUGO,1514
27057,SARRIA,27,27057,SARRIA,13726
27058,O SAVIÑAO,27,27031,MONFORTE DE LEMOS,3470
27059,SOBER,27,27031,MONFORTE DE LEMOS,2090
27060,TABOADA,27,27016,CHANTADA,2617
27061,TRABADA,27,27030,MONDOÑEDO,1070
27062,TRIACASTELA,27,27006,BECERREÁ,589
27063,O VALADOURO,27,27030,MONDOÑEDO,1845
27064,O VICEDO,27,27066,VIVEIRO,1553
27065,VILALBA,27,27065,VILALBA,13852
27066,VIVEIRO,27,27066,VIVEIRO,15120
27901,BARALLA,27,27006,BECERREÁ,2396
27902,BURELA,27,27066,VIVEIRO,9630
28001,LA ACEBEDA,28,28151,TORRELAGUNA,70
28002,AJALVIR,28,28148,TORREJÓN DE ARDOZ,4868
28003,ALAMEDA DEL VALLE,28,28151,TORRELAGUNA,267
28004,EL ÁLAMO,28,28096,NAVALCARNERO,10594
28005,ALCALÁ DE HENARES,28,28005,ALCALÁ DE HENARES,203208
28006,ALCOBENDAS,28,28006,ALCOBENDAS,123342
28007,ALCORCÓN,28,28007,ALCORCÓN,175719
28008,ALDEA DEL FRESNO,28,28096,NAVALCARNERO,3503
28009,ALGETE,28,28148,TORREJÓN DE ARDOZ,21144
28010,ALPEDRETE,28,28047,COLLADO VILLALBA,15686
28011,AMBITE,28,28014,ARGANDA DEL REY,732
28012,ANCHUELO,28,28005,ALCALÁ DE HENARES,1414
28013,ARANJUEZ,28,28013,ARANJUEZ,63040
28014,ARGANDA DEL REY,28,28014,ARGANDA DEL REY,60419
28015,ARROYOMOLINOS,28,28096,NAVALCARNERO,38075
28016,EL ATAZAR,28,28151,TORRELAGUNA,110
28017,BATRES,28,28096,NAVALCARNERO,1976
28018,BECERRIL DE LA SIERRA,28,28045,COLMENAR VIEJO,6737
28019,BELMONTE DE TAJO,28,28013,ARANJUEZ,1955
28020,BERZOSA DEL LOZOYA,28,28151,TORRELAGUNA,242
28021,EL BERRUECO,28,28151,TORRELAGUNA,795
28022,BOADILLA DEL MONTE,28,28092,MÓSTOLES,66349
28023,EL BOALO,28,28045,COLMENAR VIEJO,8770
28024,BRAOJOS,28,28151,TORRELAGUNA,233
28025,BREA DE TAJO,28,28014,ARGANDA DEL REY,577
28026,BRUNETE,28,28092,MÓSTOLES,11287
28027,BUITRAGO DEL LOZOYA,28,28151,TORRELAGUNA,2034
28028,BUSTARVIEJO,28,28151,TORRELAGUNA,2870
28029,CABANILLAS DE LA SIERRA,28,28151,TORRELAGUNA,961
28030,LA CABRERA,28,28151,TORRELAGUNA,2889
28031,CADALSO DE LOS VIDRIOS,28,28096,NAVALCARNERO,3372
28032,CAMARMA DE ESTERUELAS,28,28005,ALCALÁ DE HENARES,8331
28033,CAMPO REAL,28,28014,ARGANDA DEL REY,6974
28034,CANENCIA,28,28151,TORRELAGUNA,475
28035,CARABAÑA,28,28014,ARGANDA DEL REY,2451
28036,CASARRUBUELOS,28,28096,NAVALCARNERO,4323
28037,CENICIENTOS,28,28096,NAVALCARNERO,2152
28038,CERCEDILLA,28,28047,COLLADO VILLALBA,7772
28039,CERVERA DE BUITRAGO,28,28151,TORRELAGUNA,165
28040,CIEMPOZUELOS,28,28161,VALDEMORO,26350
28041,COBEÑA,28,28148,TORREJÓN DE ARDOZ,7670
28042,COLMENAR DEL ARROYO,28,28131,SAN LORENZO DE EL ESCORIAL,2044
28043,COLMENAR DE OREJA,28,28013,ARANJUEZ,9127
28044,COLMENAREJO,28,28131,SAN LORENZO DE EL ESCORIAL,9640
28045,COLMENAR VIEJO,28,28045,COLMENAR VIEJO,58730
28046,COLLADO MEDIANO,28,28047,COLLADO VILLALBA,7722
28047,COLLADO VILLALBA,28,28047,COLLADO VILLALBA,67274
28048,CORPA,28,28005,ALCALÁ DE HENARES,832
28049,COSLADA,28,28049,COSLADA,80512
28050,CUBAS DE LA SAGRA,28,28096,NAVALCARNERO,7238
28051,CHAPINERÍA,28,28096,NAVALCARNERO,2705
28052,CHINCHÓN,28,28161,VALDEMORO,5800
28053,DAGANZO DE ARRIBA,28,28148,TORREJÓN DE ARDOZ,10764
28054,EL ESCORIAL,28,28131,SAN LORENZO DE EL ESCORIAL,17171
28055,ESTREMERA,28,28014,ARGANDA DEL REY,1473
28056,FRESNEDILLAS DE LA OLIVA,28,28131,SAN LORENZO DE EL ESCORIAL,1883
28057,FRESNO DE TOROTE,28,28148,TORREJÓN DE ARDOZ,2561
28058,FUENLABRADA,28,28058,FUENLABRADA,190076
28059,FUENTE EL SAZ DE JARAMA,28,28148,TORREJÓN DE ARDOZ,7413
28060,FUENTIDUEÑA DE TAJO,28,28014,ARGANDA DEL REY,2372
28061,GALAPAGAR,28,28047,COLLADO VILLALBA,36758
28062,GARGANTA DE LOS MONTES,28,28151,TORRELAGUNA,441
28063,GARGANTILLA DEL LOZOYA Y PINILLA DE BUITRAGO,28,28151,TORRELAGUNA,396
28064,GASCONES,28,28151,TORRELAGUNA,252
28065,GETAFE,28,28065,GETAFE,193238
28066,GRIÑÓN,28,28096,NAVALCARNERO,10799
28067,GUADALIX DE LA SIERRA,28,28045,COLMENAR VIEJO,6993
28068,GUADARRAMA,28,28047,COLLADO VILLALBA,17547
28069,LA HIRUELA,28,28151,TORRELAGUNA,88
28070,HORCAJO DE LA SIERRA/AOSLOS,28,28151,TORRELAGUNA,219
28071,HORCAJUELO DE LA SIERRA,28,28151,TORRELAGUNA,104
28072,HOYO DE MANZANARES,28,28045,COLMENAR VIEJO,9310
28073,HUMANES DE MADRID,28,28058,FUENLABRADA,20500
28074,LEGANÉS,28,28074,LEGANÉS,195734
28075,LOECHES,28,28014,ARGANDA DEL REY,9261
28076,LOZOYA,28,28151,TORRELAGUNA,598
28078,MADARCOS,28,28151,TORRELAGUNA,69
28079,MADRID,28,28079,MADRID,3506730
28080,MAJADAHONDA,28,28080,MAJADAHONDA,73625
28082,MANZANARES EL REAL,28,28045,COLMENAR VIEJO,9648
28083,MECO,28,28005,ALCALÁ DE HENARES,15922
28084,MEJORADA DEL CAMPO,28,28049,COSLADA,25049
28085,MIRAFLORES DE LA SIERRA,28,28045,COLMENAR VIEJO,7350
28086,EL MOLAR,28,28006,ALCOBENDAS,9999
28087,LOS MOLINOS,28,28047,COLLADO VILLALBA,4781
28088,MONTEJO DE LA SIERRA,28,28151,TORRELAGUNA,404
28089,MORALEJA DE ENMEDIO,28,28096,NAVALCARNERO,5580
28090,MORALZARZAL,28,28045,COLMENAR VIEJO,14772
28091,MORATA DE TAJUÑA,28,28014,ARGANDA DEL REY,8397
28092,MÓSTOLES,28,28092,MÓSTOLES,214817
28093,NAVACERRADA,28,28045,COLMENAR VIEJO,3311
28094,NAVALAFUENTE,28,28151,TORRELAGUNA,1693
28095,NAVALAGAMELLA,28,28131,SAN LORENZO DE EL ESCORIAL,3169
28096,NAVALCARNERO,28,28096,NAVALCARNERO,33331
28097,NAVARREDONDA Y SAN MAMÉS,28,28151,TORRELAGUNA,163
28099,NAVAS DEL REY,28,28096,NAVALCARNERO,3420
28100,NUEVO BAZTÁN,28,28014,ARGANDA DEL REY,7429
28101,OLMEDA DE LAS FUENTES,28,28014,ARGANDA DEL REY,429
28102,ORUSCO DE TAJUÑA,28,28014,ARGANDA DEL REY,1531
28104,PARACUELLOS DE JARAMA,28,28148,TORREJÓN DE ARDOZ,27650
28106,PARLA,28,28106,PARLA,137471
28107,PATONES,28,28151,TORRELAGUNA,617
28108,PEDREZUELA,28,28006,ALCOBENDAS,6606
28109,PELAYOS DE LA PRESA,28,28096,NAVALCARNERO,3195
28110,PERALES DE TAJUÑA,28,28014,ARGANDA DEL REY,3260
28111,PEZUELA DE LAS TORRES,28,28005,ALCALÁ DE HENARES,1008
28112,PINILLA DEL VALLE,28,28151,TORRELAGUNA,200
28113,PINTO,28,28106,PARLA,56651
28114,PIÑUÉCAR-GANDULLAS,28,28151,TORRELAGUNA,183
28115,POZUELO DE ALARCÓN,28,28115,POZUELO DE ALARCÓN,89770
28116,POZUELO DEL REY,28,28014,ARGANDA DEL REY,1302
28117,PRÁDENA DEL RINCÓN,28,28151,TORRELAGUNA,146
28118,PUEBLA DE LA SIERRA,28,28151,TORRELAGUNA,98
28119,QUIJORNA,28,28092,MÓSTOLES,4044
28120,RASCAFRÍA,28,28151,TORRELAGUNA,1704
28121,REDUEÑA,28,28151,TORRELAGUNA,288
28122,RIBATEJADA,28,28148,TORREJÓN DE ARDOZ,905
28123,RIVAS-VACIAMADRID,28,28014,ARGANDA DEL REY,103148
28124,ROBLEDILLO DE LA JARA,28,28151,TORRELAGUNA,118
28125,ROBLEDO DE CHAVELA,28,28131,SAN LORENZO DE EL ESCORIAL,4818
28126,ROBREGORDO,28,28151,TORRELAGUNA,79
28127,LAS ROZAS DE MADRID,28,28080,MAJADAHONDA,99037
28128,ROZAS DE PUERTO REAL,28,28096,NAVALCARNERO,579
28129,SAN AGUSTÍN DEL GUADALIX,28,28006,ALCOBENDAS,13825
28130,SAN FERNANDO DE HENARES,28,28049,COSLADA,39059
28131,SAN LORENZO DE EL ESCORIAL,28,28131,SAN LORENZO DE EL ESCORIAL,18872
28132,SAN MARTÍN DE LA VEGA,28,28161,VALDEMORO,21010
28133,SAN MARTÍN DE VALDEIGLESIAS,28,28096,NAVALCARNERO,9324
28134,SAN SEBASTIÁN DE LOS REYES,28,28006,ALCOBENDAS,96992
28135,SANTA MARÍA DE LA ALAMEDA,28,28131,SAN LORENZO DE EL ESCORIAL,1584
28136,SANTORCAZ,28,28005,ALCALÁ DE HENARES,1011
28137,LOS SANTOS DE LA HUMOSA,28,28005,ALCALÁ DE HENARES,2867
28138,LA SERNA DEL MONTE,28,28151,TORRELAGUNA,110
28140,SERRANILLOS DEL VALLE,28,28096,NAVALCARNERO,4670
28141,SEVILLA LA NUEVA,28,28096,NAVALCARNERO,9802
28143,SOMOSIERRA,28,28151,TORRELAGUNA,93
28144,SOTO DEL REAL,28,28045,COLMENAR VIEJO,9400
28145,TALAMANCA DE JARAMA,28,28006,ALCOBENDAS,4607
28146,TIELMES,28,28014,ARGANDA DEL REY,2964
28147,TITULCIA,28,28161,VALDEMORO,1389
28148,TORREJÓN DE ARDOZ,28,28148,TORREJÓN DE ARDOZ,143526
28149,TORREJÓN DE LA CALZADA,28,28161,VALDEMORO,10653
28150,TORREJÓN DE VELASCO,28,28161,VALDEMORO,4900
28151,TORRELAGUNA,28,28151,TORRELAGUNA,5081
28152,TORRELODONES,28,28047,COLLADO VILLALBA,25433
28153,TORREMOCHA DE JARAMA,28,28151,TORRELAGUNA,1157
28154,TORRES DE LA ALAMEDA,28,28014,ARGANDA DEL REY,7824
28155,VALDARACETE,28,28014,ARGANDA DEL REY,658
28156,VALDEAVERO,28,28005,ALCALÁ DE HENARES,1896
28157,VALDELAGUNA,28,28161,VALDEMORO,1122
28158,VALDEMANCO,28,28151,TORRELAGUNA,1097
28159,VALDEMAQUEDA,28,28131,SAN LORENZO DE EL ESCORIAL,870
28160,VALDEMORILLO,28,28131,SAN LORENZO DE EL ESCORIAL,14420
28161,VALDEMORO,28,28161,VALDEMORO,85972
28162,VALDEOLMOS-ALALPARDO,28,28148,TORREJÓN DE ARDOZ,4626
28163,VALDEPIÉLAGOS,28,28006,ALCOBENDAS,612
28164,VALDETORRES DE JARAMA,28,28148,TORREJÓN DE ARDOZ,5175
28165,VALDILECHA,28,28014,ARGANDA DEL REY,3289
28166,VALVERDE DE ALCALÁ,28,28005,ALCALÁ DE HENARES,565
28167,VELILLA DE SAN ANTONIO,28,28049,COSLADA,14468
28168,EL VELLÓN,28,28151,TORRELAGUNA,2281
28169,VENTURADA,28,28151,TORRELAGUNA,2622
28170,VILLACONEJOS,28,28013,ARANJUEZ,3569
28171,VILLA DEL PRADO,28,28096,NAVALCARNERO,7743
28172,VILLALBILLA,28,28005,ALCALÁ DE HENARES,18687
28173,VILLAMANRIQUE DE TAJO,28,28014,ARGANDA DEL REY,859
28174,VILLAMANTA,28,28096,NAVALCARNERO,2899
28175,VILLAMANTILLA,28,28096,NAVALCARNERO,1660
28176,VILLANUEVA DE LA CAÑADA,28,28092,MÓSTOLES,24028
28177,VILLANUEVA DEL PARDILLO,28,28131,SAN LORENZO DE EL ESCORIAL,18466
28178,VILLANUEVA DE PERALES,28,28096,NAVALCARNERO,1715
28179,VILLAR DEL OLMO,28,28014,ARGANDA DEL REY,2341
28180,VILLAREJO DE SALVANÉS,28,28014,ARGANDA DEL REY,8042
28181,VILLAVICIOSA DE ODÓN,28,28092,MÓSTOLES,30127
28182,VILLAVIEJA DEL LOZOYA,28,28151,TORRELAGUNA,332
28183,ZARZALEJO,28,28131,SAN LORENZO DE EL ESCORIAL,1946
28901,LOZOYUELA-NAVAS-SIETEIGLESIAS,28,28151,TORRELAGUNA,1468
28902,PUENTES VIEJAS,28,28151,TORRELAGUNA,759
28903,TRES CANTOS,28,28045,COLMENAR VIEJO,54592
29001,ALAMEDA,29,29015,ANTEQUERA,5426
29002,ALCAUCÍN,29,29094,VÉLEZ-MÁLAGA,2671
29003,ALFARNATE,29,29067,MÁLAGA,1034
29004,ALFARNATEJO,29,29067,MÁLAGA,358
29005,ALGARROBO,29,29091,TORROX,7103
29006,ALGATOCÍN,29,29084,RONDA,816
29007,ALHAURÍN DE LA TORRE,29,29067,MÁLAGA,45066
29008,ALHAURÍN EL GRANDE,29,29042,COÍN,27552
29009,ALMÁCHAR,29,29094,VÉLEZ-MÁLAGA,1959
29010,ALMARGEN,29,29015,ANTEQUERA,1876
29011,ALMOGÍA,29,29067,MÁLAGA,4269
29012,ALORA,29,29067,MÁLAGA,13650
29013,ALOZAINA,29,29067,MÁLAGA,2127
29014,ALPANDEIRE,29,29084,RONDA,242
29015,ANTEQUERA,29,29015,ANTEQUERA,41849
29016,ARCHEZ,29,29091,TORROX,441
29017,ARCHIDONA,29,29017,ARCHIDONA,8105
29018,ARDALES,29,29067,MÁLAGA,2524
29019,ARENAS,29,29094,VÉLEZ-MÁLAGA,1291
29020,ARRIATE,29,29084,RONDA,4049
29021,ATAJATE,29,29084,RONDA,168
29022,BENADALID,29,29084,RONDA,226
29023,BENAHAVÍS,29,29069,MARBELLA,9472
29024,BENALAURÍA,29,29084,RONDA,460
29025,BENALMÁDENA,29,29901,TORREMOLINOS,78338
29026,BENAMARGOSA,29,29094,VÉLEZ-MÁLAGA,1560
29027,BENAMOCARRA,29,29094,VÉLEZ-MÁLAGA,3200
29028,BENAOJÁN,29,29084,RONDA,1427
29029,BENARRABÁ,29,29084,RONDA,457
29030,EL BORGE,29,29094,VÉLEZ-MÁLAGA,958
29031,EL BURGO,29,29084,RONDA,1761
29032,CAMPILLOS,29,29015,ANTEQUERA,8561
29033,CANILLAS DE ACEITUNO,29,29094,VÉLEZ-MÁLAGA,1801
29034,CANILLAS DE ALBAIDA,29,29091,TORROX,807
29035,CAÑETE LA REAL,29,29015,ANTEQUERA,1569
29036,CARRATRACA,29,29067,MÁLAGA,801
29037,CARTAJIMA,29,29084,RONDA,234
29038,CÁRTAMA,29,29067,MÁLAGA,29333
29039,CASABERMEJA,29,29067,MÁLAGA,4214
29040,CASARABONELA,29,29067,MÁLAGA,2800
29041,CASARES,29,29051,ESTEPONA,9009
29042,COÍN,29,29042,COÍN,26574
29043,COLMENAR,29,29067,MÁLAGA,3626
29044,COMARES,29,29094,VÉLEZ-MÁLAGA,1354
29045,CÓMPETA,29,29091,TORROX,3824
29046,CORTES DE LA FRONTERA,29,29084,RONDA,3048
29047,CUEVAS BAJAS,29,29017,ARCHIDONA,1341
29048,CUEVAS DEL BECERRO,29,29084,RONDA,1617
29049,CUEVAS DE SAN MARCOS,29,29017,ARCHIDONA,3647
29050,CÚTAR,29,29094,VÉLEZ-MÁLAGA,603
29051,ESTEPONA,29,29051,ESTEPONA,79621
29052,FARAJÁN,29,29084,RONDA,285
29053,FRIGILIANA,29,29091,TORROX,3383
29054,FUENGIROLA,29,29054,FUENGIROLA,85211
29055,FUENTE DE PIEDRA,29,29015,ANTEQUERA,3045
29056,GAUCÍN,29,29084,RONDA,1620
29057,GENALGUACIL,29,29084,RONDA,352
29058,GUARO,29,29042,COÍN,2638
29059,HUMILLADERO,29,29015,ANTEQUERA,3373
29060,IGUALEJA,29,29084,RONDA,733
29061,ISTÁN,29,29069,MARBELLA,1707
29062,IZNATE,29,29094,VÉLEZ-MÁLAGA,940
29063,JIMERA DE LÍBAR,29,29084,RONDA,399
29064,JUBRIQUE,29,29084,RONDA,585
29065,JÚZCAR,29,29084,RONDA,208
29066,MACHARAVIAYA,29,29094,VÉLEZ-MÁLAGA,518
29067,MÁLAGA,29,29067,MÁLAGA,599063
29068,MANILVA,29,29051,ESTEPONA,18165
29069,MARBELLA,29,29069,MARBELLA,159786
29070,MIJAS,29,29054,FUENGIROLA,95104
29071,MOCLINEJO,29,29094,VÉLEZ-MÁLAGA,1222
29072,MOLLINA,29,29015,ANTEQUERA,5528
29073,MONDA,29,29042,COÍN,2984
29074,MONTEJAQUE,29,29084,RONDA,945
29075,NERJA,29,29091,TORROX,22132
29076,OJÉN,29,29069,MARBELLA,4755
29077,PARAUTA,29,29084,RONDA,271
29079,PERIANA,29,29094,VÉLEZ-MÁLAGA,3367
29080,PIZARRA,29,29067,MÁLAGA,10334
29081,PUJERRA,29,29084,RONDA,285
29082,RINCÓN DE LA VICTORIA,29,29067,MÁLAGA,52454
29083,RIOGORDO,29,29067,MÁLAGA,2839
29084,RONDA,29,29084,RONDA,33671
29085,SALARES,29,29094,VÉLEZ-MÁLAGA,194
29086,SAYALONGA,29,29091,TORROX,1672
29087,SEDELLA,29,29094,VÉLEZ-MÁLAGA,607
29088,SIERRA DE YEGUAS,29,29015,ANTEQUERA,3418
29089,TEBA,29,29015,ANTEQUERA,3708
29090,TOLOX,29,29042,COÍN,2468
29091,TORROX,29,29091,TORROX,22015
29092,TOTALÁN,29,29067,MÁLAGA,797
29093,VALLE DE ABDALAJÍS,29,29015,ANTEQUERA,2439
29094,VÉLEZ-MÁLAGA,29,29094,VÉLEZ-MÁLAGA,86048
29095,VILLANUEVA DE ALGAIDAS,29,29017,ARCHIDONA,4084
29096,VILLANUEVA DEL ROSARIO,29,29017,ARCHIDONA,3470
29097,VILLANUEVA DEL TRABUCO,29,29017,ARCHIDONA,5521
29098,VILLANUEVA DE TAPIA,29,29017,ARCHIDONA,1391
29099,VIÑUELA,29,29094,VÉLEZ-MÁLAGA,2044
29100,YUNQUERA,29,29067,MÁLAGA,2828
29901,TORREMOLINOS,29,29901,TORREMOLINOS,71329
29902,VILLANUEVA DE LA CONCEPCIÓN,29,29015,ANTEQUERA,3296
29903,MONTECORTO,29,29084,RONDA,585
29904,SERRATO,29,29084,RONDA,457
30001,ABANILLA,30,30019,CIEZA,6256
30002,ABARÁN,30,30019,CIEZA,13228
30003,ÁGUILAS,30,30024,LORCA,37811
30004,ALBUDEITE,30,30029,MULA,1395
30005,ALCANTARILLA,30,30030,MURCIA,43876
30006,ALEDO,30,30039,TOTANA,1123
30007,ALGUAZAS,30,30027,MOLINA DE SEGURA,10431
30008,ALHAMA DE MURCIA,30,30039,TOTANA,24163
30009,ARCHENA,30,30027,MOLINA DE SEGURA,20908
30010,BENIEL,30,30030,MURCIA,11582
30011,BLANCA,30,30019,CIEZA,6882
30012,BULLAS,30,30029,MULA,12027
30013,CALASPARRA,30,30015,CARAVACA DE LA CRUZ,10391
30014,CAMPOS DEL RÍO,30,30029,MULA,2159
30015,CARAVACA DE LA CRUZ,30,30015,CARAVACA DE LA CRUZ,26126
30016,CARTAGENA,30,30016,CARTAGENA,220704
30017,CEHEGÍN,30,30015,CARAVACA DE LA CRUZ,14506
30018,CEUTÍ,30,30027,MOLINA DE SEGURA,13089
30019,CIEZA,30,30019,CIEZA,35577
30020,FORTUNA,30,30019,CIEZA,11437
30021,FUENTE ÁLAMO DE MURCIA,30,30016,CARTAGENA,19171
30022,JUMILLA,30,30022,JUMILLA,27574
30023,LIBRILLA,30,30039,TOTANA,5854
30024,LORCA,30,30024,LORCA,98969
30025,LORQUÍ,30,30027,MOLINA DE SEGURA,7946
30026,MAZARRÓN,30,30039,TOTANA,35449
30027,MOLINA DE SEGURA,30,30027,MOLINA DE SEGURA,78458
30028,MORATALLA,30,30015,CARAVACA DE LA CRUZ,7518
30029,MULA,30,30029,MULA,17937
30030,MURCIA,30,30030,MURCIA,479405
30031,OJÓS,30,30019,CIEZA,548
30032,PLIEGO,30,30029,MULA,4003
30033,PUERTO LUMBRERAS,30,30024,LORCA,18006
30034,RICOTE,30,30019,CIEZA,1197
30035,SAN JAVIER,30,30035,SAN JAVIER,36524
30036,SAN PEDRO DEL PINATAR,30,30035,SAN JAVIER,29674
30037,TORRE-PACHECO,30,30035,SAN JAVIER,41479
30038,LAS TORRES DE COTILLAS,30,30027,MOLINA DE SEGURA,22676
30039,TOTANA,30,30039,TOTANA,33358
30040,ULEA,30,30019,CIEZA,926
30041,LA UNIÓN,30,30016,CARTAGENA,21380
30042,VILLANUEVA DEL RÍO SEGURA,30,30019,CIEZA,4111
30043,YECLA,30,30043,YECLA,36453
30901,SANTOMERA,30,30030,MURCIA,16443
30902,LOS ALCÁZARES,30,30035,SAN JAVIER,20408
31001,ABÁIGAR,31,31097,ESTELLA-LIZARRA,74
31002,ABÁRZUZA/ABARTZUZA,31,31097,ESTELLA-LIZARRA,510
31003,ABAURREA ALTA,31,31019,AOIZ/AGOITZ,121
31004,ABAURREA BAJA,31,31019,AOIZ/AGOITZ,30
31005,ABERIN,31,31097,ESTELLA-LIZARRA,410
31006,ABLITAS,31,31232,TUDELA,2657
31007,ADIÓS,31,31201,PAMPLONA,194
31008,AGUILAR DE CODÉS,31,31097,ESTELLA-LIZARRA,74
31009,AIBAR,31,31019,AOIZ/AGOITZ,754
31010,ALSASUA,31,31201,PAMPLONA,7717
31011,ALLÍN,31,31097,ESTELLA-LIZARRA,881
31012,ALLO,31,31097,ESTELLA-LIZARRA,1028
31013,AMÉSCOA BAJA,31,31097,ESTELLA-LIZARRA,729
31014,ANCÍN/ANTZIN,31,31097,ESTELLA-LIZARRA,363
31015,ANDOSILLA,31,31097,ESTELLA-LIZARRA,2925
31016,ANSOÁIN/ANTSOAIN,31,31201,PAMPLONA,10663
31017,ANUE,31,31201,PAMPLONA,501
31018,AÑORBE,31,31201,PAMPLONA,622
31019,AOIZ/AGOITZ,31,31019,AOIZ/AGOITZ,3083
31020,ARAITZ,31,31201,PAMPLONA,506
31021,ARANARACHE/ARANARATXE,31,31097,ESTELLA-LIZARRA,70
31022,ARANTZA,31,31201,PAMPLONA,628
31023,ARANGUREN,31,31019,AOIZ/AGOITZ,13216
31024,ARANO,31,31201,PAMPLONA,108
31025,ARAKIL,31,31201,PAMPLONA,990
31026,ARAS,31,31097,ESTELLA-LIZARRA,150
31027,ARBIZU,31,31201,PAMPLONA,1107
31028,ARCE,31,31019,AOIZ/AGOITZ,290
31029,LOS ARCOS,31,31097,ESTELLA-LIZARRA,1177
31030,ARELLANO,31,31097,ESTELLA-LIZARRA,165
31031,ARESO,31,31201,PAMPLONA,260
31032,ARGUEDAS,31,31232,TUDELA,2309
31033,ARIA,31,31019,AOIZ/AGOITZ,51
31034,ARIBE,31,31019,AOIZ/AGOITZ,34
31035,ARMAÑANZAS,31,31097,ESTELLA-LIZARRA,47
31036,ARRÓNIZ,31,31097,ESTELLA-LIZARRA,1064
31037,ARRUAZU,31,31201,PAMPLONA,121
31038,ARTAJONA,31,31227,TAFALLA,1783
31039,ARTAZU,31,31097,ESTELLA-LIZARRA,125
31040,ATETZ,31,31201,PAMPLONA,227
31041,AYEGUI/AIEGI,31,31097,ESTELLA-LIZARRA,2589
31042,AZAGRA,31,31097,ESTELLA-LIZARRA,3746
31043,AZUELO,31,31097,ESTELLA-LIZARRA,29
31044,BAKAIKU,31,31201,PAMPLONA,342
31045,BARÁSOAIN,31,31227,TAFALLA,601
31046,BARBARIN,31,31097,ESTELLA-LIZARRA,46
31047,BARGOTA,31,31097,ESTELLA-LIZARRA,237
31048,BARILLAS,31,31232,TUDELA,240
31049,BASABURUA,31,31201,PAMPLONA,819
31050,BAZTAN,31,31201,PAMPLONA,7851
31051,BEIRE,31,31227,TAFALLA,274
31052,BELASCOAÍN,31,31201,PAMPLONA,124
31053,BERBINZANA,31,31227,TAFALLA,670
31054,BERTIZARANA,31,31201,PAMPLONA,668
31055,BETELU,31,31201,PAMPLONA,375
31056,BIURRUN-OLCOZ,31,31201,PAMPLONA,227
31057,BUÑUEL,31,31232,TUDELA,2318
31058,BURGUETE,31,31019,AOIZ/AGOITZ,235
31059,BURGUI,31,31019,AOIZ/AGOITZ,187
31060,BURLADA,31,31201,PAMPLONA,21280
31061,EL BUSTO,31,31097,ESTELLA-LIZARRA,55
31062,CABANILLAS,31,31232,TUDELA,1373
31063,CABREDO,31,31097,ESTELLA-LIZARRA,73
31064,CADREITA,31,31232,TUDELA,2187
31065,CAPARROSO,31,31227,TAFALLA,2882
31066,CÁRCAR,31,31097,ESTELLA-LIZARRA,1156
31067,CARCASTILLO,31,31232,TUDELA,2408
31068,CASCANTE,31,31232,TUDELA,4231
31069,CÁSEDA,31,31019,AOIZ/AGOITZ,912
31070,CASTEJÓN,31,31232,TUDELA,4725
31071,CASTILLONUEVO/GAZTELUBERRI,31,31019,AOIZ/AGOITZ,14
31072,CINTRUÉNIGO,31,31232,TUDELA,8565
31073,ZIORDIA,31,31201,PAMPLONA,359
31074,CIRAUQUI/ZIRAUKI,31,31097,ESTELLA-LIZARRA,473
31075,CIRIZA,31,31201,PAMPLONA,170
31076,CIZUR,31,31201,PAMPLONA,3949
31077,CORELLA,31,31232,TUDELA,8756
31078,CORTES,31,31232,TUDELA,3165
31079,DESOJO,31,31097,ESTELLA-LIZARRA,68
31080,DICASTILLO,31,31097,ESTELLA-LIZARRA,562
31081,DONAMARIA,31,31201,PAMPLONA,446
31082,ETXALAR,31,31201,PAMPLONA,807
31083,ECHARRI/ETXARRI,31,31201,PAMPLONA,78
31084,ETXARRI-ARANATZ,31,31201,PAMPLONA,2551
31085,ETXAURI,31,31201,PAMPLONA,671
31086,VALLE DE EGÜÉS,31,31019,AOIZ/AGOITZ,22825
31087,ELGORRIAGA,31,31201,PAMPLONA,210
31088,VALLE DE ELORZ/ELORTZIBAR,31,31019,AOIZ/AGOITZ,8486
31089,ENÉRIZ/ENERITZ,31,31201,PAMPLONA,328
31090,ERATSUN,31,31201,PAMPLONA,155
31091,ERGOIENA,31,31201,PAMPLONA,392
31092,ERRO,31,31019,AOIZ/AGOITZ,812
31093,EZCÁROZ,31,31019,AOIZ/AGOITZ,298
31094,ESLAVA,31,31019,AOIZ/AGOITZ,97
31095,ESPARZA DE SALAZAR,31,31019,AOIZ/AGOITZ,75
31096,ESPRONCEDA,31,31097,ESTELLA-LIZARRA,102
31097,ESTELLA-LIZARRA,31,31097,ESTELLA-LIZARRA,14317
31098,ESTERIBAR,31,31019,AOIZ/AGOITZ,2918
31099,ETAYO,31,31097,ESTELLA-LIZARRA,72
31100,EULATE,31,31097,ESTELLA-LIZARRA,278
31101,EZCABARTE,31,31201,PAMPLONA,1901
31102,EZKURRA,31,31201,PAMPLONA,125
31103,EZPROGUI,31,31019,AOIZ/AGOITZ,48
31104,FALCES,31,31227,TAFALLA,2389
31105,FITERO,31,31232,TUDELA,2370
31106,FONTELLAS,31,31232,TUDELA,1050
31107,FUNES,31,31227,TAFALLA,2537
31108,FUSTIÑANA,31,31232,TUDELA,2445
31109,GALAR,31,31201,PAMPLONA,2427
31110,GALLIPIENZO/GALIPENTZU,31,31019,AOIZ/AGOITZ,100
31111,GALLUÉS,31,31019,AOIZ/AGOITZ,91
31112,GARAIOA,31,31019,AOIZ/AGOITZ,92
31113,GARDE,31,31019,AOIZ/AGOITZ,132
31114,GARÍNOAIN,31,31227,TAFALLA,527
31115,GARRALDA,31,31019,AOIZ/AGOITZ,183
31116,GENEVILLA,31,31097,ESTELLA-LIZARRA,69
31117,GOIZUETA,31,31201,PAMPLONA,681
31118,VAL DE GOÑI/GOÑERRI,31,31097,ESTELLA-LIZARRA,166
31119,GÜESA,31,31019,AOIZ/AGOITZ,36
31120,GUESÁLAZ/GESALATZ,31,31097,ESTELLA-LIZARRA,462
31121,GUIRGUILLANO,31,31097,ESTELLA-LIZARRA,75
31122,HUARTE,31,31019,AOIZ/AGOITZ,7900
31123,UHARTE-ARAKIL,31,31201,PAMPLONA,770
31124,IBARGOITI,31,31019,AOIZ/AGOITZ,279
31125,IGÚZQUIZA,31,31097,ESTELLA-LIZARRA,307
31126,IMOTZ,31,31201,PAMPLONA,433
31127,IRAÑETA,31,31201,PAMPLONA,172
31128,ISABA,31,31019,AOIZ/AGOITZ,384
31129,ITUREN,31,31201,PAMPLONA,543
31130,ITURMENDI,31,31201,PAMPLONA,428
31131,IZA/ITZA,31,31201,PAMPLONA,1459
31132,IZAGAONDOA,31,31019,AOIZ/AGOITZ,153
31133,IZALZU,31,31019,AOIZ/AGOITZ,36
31134,JAURRIETA,31,31019,AOIZ/AGOITZ,179
31135,JAVIER,31,31019,AOIZ/AGOITZ,106
31136,JUSLAPEÑA/TXULAPAIN,31,31201,PAMPLONA,562
31137,BEINTZA-LABAIEN,31,31201,PAMPLONA,228
31138,LAKUNTZA,31,31201,PAMPLONA,1338
31139,LANA,31,31097,ESTELLA-LIZARRA,149
31140,LANTZ,31,31201,PAMPLONA,150
31141,LAPOBLACIÓN,31,31097,ESTELLA-LIZARRA,123
31142,LARRAGA,31,31227,TAFALLA,2158
31143,LARRAONA,31,31097,ESTELLA-LIZARRA,100
31144,LARRAUN,31,31201,PAMPLONA,918
31145,LAZAGURRÍA,31,31097,ESTELLA-LIZARRA,170
31146,LEACHE,31,31019,AOIZ/AGOITZ,38
31147,LEGARDA,31,31201,PAMPLONA,143
31148,LEGARIA,31,31097,ESTELLA-LIZARRA,111
31149,LEITZA,31,31201,PAMPLONA,3011
31150,LEOZ/LEOTZ,31,31227,TAFALLA,202
31151,LERGA,31,31019,AOIZ/AGOITZ,44
31152,LERÍN,31,31097,ESTELLA-LIZARRA,1821
31153,LESAKA,31,31201,PAMPLONA,2721
31154,LEZAUN,31,31097,ESTELLA-LIZARRA,248
31155,LIÉDENA,31,31019,AOIZ/AGOITZ,354
31156,LIZOAIN-ARRIASGOITI/LIZOAINIBAR-ARRIASGOITI,31,31019,AOIZ/AGOITZ,287
31157,LODOSA,31,31097,ESTELLA-LIZARRA,4964
31158,LÓNGUIDA,31,31019,AOIZ/AGOITZ,308
31159,LUMBIER,31,31019,AOIZ/AGOITZ,1330
31160,LUQUIN,31,31097,ESTELLA-LIZARRA,135
31161,MAÑERU,31,31097,ESTELLA-LIZARRA,452
31162,MARAÑÓN,31,31097,ESTELLA-LIZARRA,50
31163,MARCILLA,31,31227,TAFALLA,2938
31164,MÉLIDA,31,31232,TUDELA,739
31165,MENDAVIA,31,31097,ESTELLA-LIZARRA,3588
31166,MENDAZA,31,31097,ESTELLA-LIZARRA,284
31167,MENDIGORRIA,31,31227,TAFALLA,1261
31168,METAUTEN,31,31097,ESTELLA-LIZARRA,263
31169,MILAGRO,31,31227,TAFALLA,3741
31170,MIRAFUENTES,31,31097,ESTELLA-LIZARRA,56
31171,MIRANDA DE ARGA,31,31227,TAFALLA,903
31172,MONREAL,31,31019,AOIZ/AGOITZ,511
31173,MONTEAGUDO,31,31232,TUDELA,1073
31174,MORENTIN,31,31097,ESTELLA-LIZARRA,110
31175,MUES,31,31097,ESTELLA-LIZARRA,80
31176,MURCHANTE,31,31232,TUDELA,4230
31177,MURIETA,31,31097,ESTELLA-LIZARRA,345
31178,MURILLO EL CUENDE,31,31227,TAFALLA,701
31179,MURILLO EL FRUTO,31,31227,TAFALLA,665
31180,MURUZÁBAL,31,31201,PAMPLONA,283
31181,NAVASCUÉS,31,31019,AOIZ/AGOITZ,114
31182,NAZAR,31,31097,ESTELLA-LIZARRA,40
31183,OBANOS,31,31201,PAMPLONA,924
31184,OCO,31,31097,ESTELLA-LIZARRA,65
31185,OCHAGAVÍA/OTSAGABIA,31,31019,AOIZ/AGOITZ,492
31186,ODIETA,31,31201,PAMPLONA,367
31187,OITZ,31,31201,PAMPLONA,129
31188,OLAIBAR,31,31201,PAMPLONA,399
31189,OLAZAGUTÍA,31,31201,PAMPLONA,1444
31190,OLEJUA,31,31097,ESTELLA-LIZARRA,49
31191,OLITE/ERRIBERRI,31,31227,TAFALLA,4069
31192,OLÓRIZ/OLORITZ,31,31227,TAFALLA,210
31193,CENDEA DE OLZA/OLTZA ZENDEA,31,31201,PAMPLONA,1874
31194,VALLE DE OLLO/OLLARAN,31,31201,PAMPLONA,453
31195,ORBAIZETA,31,31019,AOIZ/AGOITZ,186
31196,ORBARA,31,31019,AOIZ/AGOITZ,28
31197,ORÍSOAIN,31,31227,TAFALLA,72
31198,ORONZ/ORONTZE,31,31019,AOIZ/AGOITZ,51
31199,OROZ-BETELU/OROTZ-BETELU,31,31019,AOIZ/AGOITZ,143
31200,OTEIZA/OTEITZA,31,31097,ESTELLA-LIZARRA,972
31201,PAMPLONA,31,31201,PAMPLONA,209094
31202,PERALTA/AZKOIEN,31,31227,TAFALLA,6071
31203,PETILLA DE ARAGÓN,31,31019,AOIZ/AGOITZ,29
31204,PIEDRAMILLERA,31,31097,ESTELLA-LIZARRA,46
31205,PITILLAS,31,31227,TAFALLA,520
31206,PUENTE LA REINA,31,31201,PAMPLONA,2972
31207,PUEYO/PUIU,31,31227,TAFALLA,384
31208,RIBAFORADA,31,31232,TUDELA,3697
31209,ROMANZADO/ERROMANTZATUA,31,31019,AOIZ/AGOITZ,180
31210,RONCAL,31,31019,AOIZ/AGOITZ,206
31211,ORREAGA/RONCESVALLES,31,31019,AOIZ/AGOITZ,25
31212,SADA,31,31019,AOIZ/AGOITZ,130
31213,SALDÍAS,31,31201,PAMPLONA,125
31214,SALINAS DE ORO/JAITZ,31,31097,ESTELLA-LIZARRA,110
31215,SAN ADRIÁN,31,31097,ESTELLA-LIZARRA,6504
31216,SANGÜESA,31,31019,AOIZ/AGOITZ,4883
31217,SAN MARTÍN DE UNX,31,31227,TAFALLA,352
31219,SANSOL,31,31097,ESTELLA-LIZARRA,89
31220,SANTACARA,31,31227,TAFALLA,874
31221,SANTESTEBAN,31,31201,PAMPLONA,1854
31222,SARRIÉS,31,31019,AOIZ/AGOITZ,57
31223,SARTAGUDA,31,31097,ESTELLA-LIZARRA,1349
31224,SESMA,31,31097,ESTELLA-LIZARRA,1248
31225,SORLADA,31,31097,ESTELLA-LIZARRA,39
31226,SUNBILLA,31,31201,PAMPLONA,672
31227,TAFALLA,31,31227,TAFALLA,10854
31228,TIEBAS-MURUARTE DE RETA,31,31019,AOIZ/AGOITZ,693
31229,TIRAPU,31,31201,PAMPLONA,49
31230,TORRALBA DEL RÍO,31,31097,ESTELLA-LIZARRA,96
31231,TORRES DEL RÍO,31,31097,ESTELLA-LIZARRA,116
31232,TUDELA,31,31232,TUDELA,38903
31233,TULEBRAS,31,31232,TUDELA,159
31234,UCAR,31,31201,PAMPLONA,194
31235,UJUÉ/UXUE,31,31227,TAFALLA,168
31236,ULTZAMA,31,31201,PAMPLONA,1599
31237,UNCITI,31,31019,AOIZ/AGOITZ,257
31238,UNZUÉ,31,31227,TAFALLA,164
31239,URDAX,31,31201,PAMPLONA,354
31240,URDIAIN,31,31201,PAMPLONA,647
31241,URRAUL ALTO,31,31019,AOIZ/AGOITZ,136
31242,URRAUL BAJO,31,31019,AOIZ/AGOITZ,330
31243,URROZ-VILLA,31,31019,AOIZ/AGOITZ,403
31244,URROTZ,31,31201,PAMPLONA,175
31245,URZAINQUI/URZAINKI,31,31019,AOIZ/AGOITZ,76
31246,UTERGA,31,31201,PAMPLONA,177
31247,UZTÁRROZ,31,31019,AOIZ/AGOITZ,136
31248,VALCARLOS,31,31019,AOIZ/AGOITZ,336
31249,VALTIERRA,31,31232,TUDELA,2505
31250,BERA,31,31201,PAMPLONA,3779
31251,VIANA,31,31097,ESTELLA-LIZARRA,4441
31252,VIDÁNGOZ,31,31019,AOIZ/AGOITZ,74
31253,BIDAURRETA,31,31201,PAMPLONA,181
31254,VILLAFRANCA,31,31232,TUDELA,3163
31255,VILLAMAYOR DE MONJARDÍN,31,31097,ESTELLA-LIZARRA,115
31256,VILLANUEVA DE AEZKOA,31,31019,AOIZ/AGOITZ,96
31257,VILLATUERTA,31,31097,ESTELLA-LIZARRA,1256
31258,VILLAVA,31,31201,PAMPLONA,9928
31259,IGANTZI,31,31201,PAMPLONA,578
31260,VALLE DE YERRI/DEIERRI,31,31097,ESTELLA-LIZARRA,1549
31261,YESA,31,31019,AOIZ/AGOITZ,297
31262,ZABALZA/ZABALTZA,31,31201,PAMPLONA,285
31263,ZUBIETA,31,31201,PAMPLONA,292
31264,ZUGARRAMURDI,31,31201,PAMPLONA,213
31265,ZÚÑIGA,31,31097,ESTELLA-LIZARRA,78
31901,BARAÑÁIN/BARAÑAIN,31,31201,PAMPLONA,19642
31902,BERRIOPLANO,31,31201,PAMPLONA,7645
31903,BERRIOZAR,31,31201,PAMPLONA,11361
31904,IRURTZUN,31,31201,PAMPLONA,2296
31905,BERIÁIN,31,31201,PAMPLONA,4195
31906,ORKOIEN,31,31201,PAMPLONA,4098
31907,ZIZUR MAYOR,31,31201,PAMPLONA,16510
31908,LEKUNBERRI,31,31201,PAMPLONA,1746
32001,ALLARIZ,32,32054,OURENSE,6497
32002,AMOEIRO,32,32054,OURENSE,2443
32003,A ARNOIA,32,32069,RIBADAVIA,949
32004,AVIÓN,32,32069,RIBADAVIA,1719
32005,BALTAR,32,32032,XINZO DE LIMIA,849
32006,BANDE,32,32006,BANDE,1460
32007,BAÑOS DE MOLGAS,32,32054,OURENSE,1471
32008,BARBADÁS,32,32054,OURENSE,11201
32009,O BARCO DE VALDEORRAS,32,32009,O BARCO DE VALDEORRAS,13368
32010,BEADE,32,32069,RIBADAVIA,363
32011,BEARIZ,32,32019,O CARBALLIÑO,901
32012,OS BLANCOS,32,32032,XINZO DE LIMIA,696
32013,BOBORÁS,32,32019,O CARBALLIÑO,2167
32014,A BOLA,32,32024,CELANOVA,1139
32015,O BOLO,32,32063,A POBRA DE TRIVES,789
32016,CALVOS DE RANDÍN,32,32006,BANDE,650
32017,CARBALLEDA DE VALDEORRAS,32,32009,O BARCO DE VALDEORRAS,1311
32018,CARBALLEDA DE AVIA,32,32069,RIBADAVIA,1172
32019,O CARBALLIÑO,32,32019,O CARBALLIÑO,14249
32020,CARTELLE,32,32024,CELANOVA,2466
32021,CASTRELO DO VAL,32,32085,VERÍN,947
32022,CASTRELO DE MIÑO,32,32069,RIBADAVIA,1289
32023,CASTRO CALDELAS,32,32063,A POBRA DE TRIVES,1244
32024,CELANOVA,32,32024,CELANOVA,5723
32025,CENLLE,32,32069,RIBADAVIA,1066
32026,COLES,32,32054,OURENSE,3228
32027,CORTEGADA,32,32069,RIBADAVIA,1027
32028,CUALEDRO,32,32085,VERÍN,1538
32029,CHANDREXA DE QUEIXA,32,32063,A POBRA DE TRIVES,467
32030,ENTRIMO,32,32006,BANDE,1093
32031,ESGOS,32,32054,OURENSE,1103
32032,XINZO DE LIMIA,32,32032,XINZO DE LIMIA,9699
32033,GOMESENDE,32,32024,CELANOVA,646
32034,A GUDIÑA,32,32085,VERÍN,1197
32035,O IRIXO,32,32019,O CARBALLIÑO,1340
32036,XUNQUEIRA DE AMBÍA,32,32054,OURENSE,1346
32037,XUNQUEIRA DE ESPADANEDO,32,32054,OURENSE,696
32038,LAROUCO,32,32063,A POBRA DE TRIVES,484
32039,LAZA,32,32085,VERÍN,1156
32040,LEIRO,32,32069,RIBADAVIA,1517
32041,LOBEIRA,32,32006,BANDE,703
32042,LOBIOS,32,32006,BANDE,1776
32043,MACEDA,32,32054,OURENSE,2874
32044,MANZANEDA,32,32063,A POBRA DE TRIVES,767
32045,MASIDE,32,32019,O CARBALLIÑO,2768
32046,MELÓN,32,32069,RIBADAVIA,1079
32047,A MERCA,32,32024,CELANOVA,1962
32048,A MEZQUITA,32,32085,VERÍN,996
32049,MONTEDERRAMO,32,32063,A POBRA DE TRIVES,660
32050,MONTERREI,32,32085,VERÍN,2403
32051,MUÍÑOS,32,32006,BANDE,1385
32052,NOGUEIRA DE RAMUÍN,32,32054,OURENSE,2074
32053,OÍMBRA,32,32085,VERÍN,1689
32054,OURENSE,32,32054,OURENSE,105769
32055,PADERNE DE ALLARIZ,32,32054,OURENSE,1346
32056,PADRENDA,32,32006,BANDE,1555
32057,PARADA DE SIL,32,32054,OURENSE,500
32058,O PEREIRO DE AGUIAR,32,32054,OURENSE,6794
32059,A PEROXA,32,32054,OURENSE,1793
32060,PETÍN,32,32009,O BARCO DE VALDEORRAS,856
32061,PIÑOR,32,32019,O CARBALLIÑO,1103
32062,PORQUEIRA,32,32032,XINZO DE LIMIA,806
32063,A POBRA DE TRIVES,32,32063,A POBRA DE TRIVES,1929
32064,PONTEDEVA,32,32069,RIBADAVIA,458
32065,PUNXÍN,32,32019,O CARBALLIÑO,748
32066,QUINTELA DE LEIRADO,32,32024,CELANOVA,587
32067,RAIRIZ DE VEIGA,32,32032,XINZO DE LIMIA,1154
32068,RAMIRÁS,32,32024,CELANOVA,1485
32069,RIBADAVIA,32,32069,RIBADAVIA,4895
32070,SAN XOÁN DE RÍO,32,32063,A POBRA DE TRIVES,510
32071,RIÓS,32,32085,VERÍN,1379
32072,A RÚA,32,32009,O BARCO DE VALDEORRAS,4214
32073,RUBIÁ,32,32009,O BARCO DE VALDEORRAS,1391
32074,SAN AMARO,32,32019,O CARBALLIÑO,1030
32075,SAN CIBRAO DAS VIÑAS,32,32054,OURENSE,5751
32076,SAN CRISTOVO DE CEA,32,32019,O CARBALLIÑO,1963
32077,SANDIÁS,32,32032,XINZO DE LIMIA,1086
32078,SARREAUS,32,32032,XINZO DE LIMIA,1068
32079,TABOADELA,32,32054,OURENSE,1480
32080,A TEIXEIRA,32,32063,A POBRA DE TRIVES,328
32081,TOÉN,32,32054,OURENSE,2327
32082,TRASMIRAS,32,32032,XINZO DE LIMIA,1216
32083,A VEIGA,32,32009,O BARCO DE VALDEORRAS,873
32084,VEREA,32,32006,BANDE,974
32085,VERÍN,32,32085,VERÍN,13956
32086,VIANA DO BOLO,32,32063,A POBRA DE TRIVES,2715
32087,VILAMARÍN,32,32054,OURENSE,1836
32088,VILAMARTÍN DE VALDEORRAS,32,32009,O BARCO DE VALDEORRAS,1817
32089,VILAR DE BARRIO,32,32032,XINZO DE LIMIA,1178
32090,VILAR DE SANTOS,32,32032,XINZO DE LIMIA,784
32091,VILARDEVÓS,32,32085,VERÍN,1616
32092,VILARIÑO DE CONSO,32,32063,A POBRA DE TRIVES,501
33001,ALLANDE,33,33073,TINEO,1506
33002,ALLER,33,33033,LENA,10011
33003,AMIEVA,33,33012,CANGAS DE ONÍS,591
33004,AVILÉS,33,33004,AVILÉS,75517
33005,BELMONTE DE MIRANDA,33,33026,GRADO,1366
33006,BIMENES,33,33066,SIERO,1639
33007,BOAL,33,33034,VALDÉS,1372
33008,CABRALES,33,33036,LLANES,1884
33009,CABRANES,33,33049,PILOÑA,1094
33010,CANDAMO,33,33051,PRAVIA,1902
33011,CANGAS DEL NARCEA,33,33011,CANGAS DEL NARCEA,11282
33012,CANGAS DE ONÍS,33,33012,CANGAS DE ONÍS,6344
33013,CARAVIA,33,33076,VILLAVICIOSA,486
33014,CARREÑO,33,33024,GIJÓN,10292
33015,CASO,33,33032,LAVIANA,1437
33016,CASTRILLÓN,33,33004,AVILÉS,21998
33017,CASTROPOL,33,33017,CASTROPOL,3202
33018,COAÑA,33,33034,VALDÉS,3321
33019,COLUNGA,33,33076,VILLAVICIOSA,3143
33020,CORVERA DE ASTURIAS,33,33004,AVILÉS,15785
33021,CUDILLERO,33,33051,PRAVIA,4867
33022,DEGAÑA,33,33011,CANGAS DEL NARCEA,768
33023,EL FRANCO,33,33017,CASTROPOL,3728
33024,GIJÓN,33,33024,GIJÓN,269894
33025,GOZÓN,33,33004,AVILÉS,10407
33026,GRADO,33,33026,GRADO,9681
33027,GRANDAS DE SALIME,33,33017,CASTROPOL,767
33028,IBIAS,33,33011,CANGAS DEL NARCEA,1084
33029,ILLANO,33,33034,VALDÉS,277
33030,ILLAS,33,33004,AVILÉS,1048
33031,LANGREO,33,33031,LANGREO,38612
33032,LAVIANA,33,33032,LAVIANA,12352
33033,LENA,33,33033,LENA,10382
33034,VALDÉS,33,33034,VALDÉS,10776
33035,LLANERA,33,33044,OVIEDO,14020
33036,LLANES,33,33036,LLANES,13486
33037,MIERES,33,33037,MIERES,36373
33038,MORCÍN,33,33037,MIERES,2460
33039,MUROS DE NALÓN,33,33051,PRAVIA,1955
33040,NAVA,33,33049,PILOÑA,5244
33041,NAVIA,33,33034,VALDÉS,8031
33042,NOREÑA,33,33066,SIERO,5131
33043,ONÍS,33,33012,CANGAS DE ONÍS,739
33044,OVIEDO,33,33044,OVIEDO,223968
33045,PARRES,33,33012,CANGAS DE ONÍS,5150
33046,PEÑAMELLERA ALTA,33,33036,LLANES,500
33047,PEÑAMELLERA BAJA,33,33036,LLANES,1194
33048,PESOZ,33,33017,CASTROPOL,134
33049,PILOÑA,33,33049,PILOÑA,6716
33050,PONGA,33,33012,CANGAS DE ONÍS,576
33051,PRAVIA,33,33051,PRAVIA,7792
33052,PROAZA,33,33026,GRADO,686
33053,QUIRÓS,33,33033,LENA,1142
33054,LAS REGUERAS,33,33044,OVIEDO,1892
33055,RIBADEDEVA,33,33036,LLANES,1693
33056,RIBADESELLA,33,33012,CANGAS DE ONÍS,5591
33057,RIBERA DE ARRIBA,33,33044,OVIEDO,1852
33058,RIOSA,33,33037,MIERES,1686
33059,SALAS,33,33026,GRADO,4771
33060,SAN MARTÍN DEL REY AURELIO,33,33032,LAVIANA,15531
33061,SAN MARTÍN DE OSCOS,33,33017,CASTROPOL,337
33062,SANTA EULALIA DE OSCOS,33,33017,CASTROPOL,420
33063,SAN TIRSO DE ABRES,33,33017,CASTROPOL,396
33064,SANTO ADRIANO,33,33044,OVIEDO,281
33065,SARIEGO,33,33066,SIERO,1252
33066,SIERO,33,33066,SIERO,53049
33067,SOBRESCOBIO,33,33032,LAVIANA,838
33068,SOMIEDO,33,33026,GRADO,1031
33069,SOTO DEL BARCO,33,33051,PRAVIA,3801
33070,TAPIA DE CASARIEGO,33,33017,CASTROPOL,3538
33071,TARAMUNDI,33,33017,CASTROPOL,545
33072,TEVERGA,33,33026,GRADO,1495
33073,TINEO,33,33073,TINEO,8679
33074,VEGADEO,33,33017,CASTROPOL,3928
33075,VILLANUEVA DE OSCOS,33,33017,CASTROPOL,244
33076,VILLAVICIOSA,33,33076,VILLAVICIOSA,15379
33077,VILLAYÓN,33,33034,VALDÉS,1054
33078,YERNES Y TAMEZA,33,33026,GRADO,134
34001,ABARCA DE CAMPOS,34,34120,PALENCIA,38
34003,ABIA DE LAS TORRES,34,34047,CARRIÓN DE LOS CONDES,165
34004,AGUILAR DE CAMPOO,34,34056,CERVERA DE PISUERGA,6916
34005,ALAR DEL REY,34,34056,CERVERA DE PISUERGA,910
34006,ALBA DE CERRATO,34,34120,PALENCIA,80
34009,AMAYUELAS DE ARRIBA,34,34120,PALENCIA,36
34010,AMPUDIA,34,34120,PALENCIA,588
34011,AMUSCO,34,34120,PALENCIA,417
34012,ANTIGÜEDAD,34,34120,PALENCIA,329
34015,ARCONADA,34,34047,CARRIÓN DE LOS CONDES,45
34017,ASTUDILLO,34,34120,PALENCIA,1041
34018,AUTILLA DEL PINO,34,34120,PALENCIA,223
34019,AUTILLO DE CAMPOS,34,34120,PALENCIA,125
34020,AYUELA,34,34047,CARRIÓN DE LOS CONDES,48
34022,BALTANÁS,34,34120,PALENCIA,1226
34023,VENTA DE BAÑOS,34,34120,PALENCIA,6372
34024,BAQUERÍN DE CAMPOS,34,34120,PALENCIA,20
34025,BÁRCENA DE CAMPOS,34,34047,CARRIÓN DE LOS CONDES,53
34027,BARRUELO DE SANTULLÁN,34,34056,CERVERA DE PISUERGA,1164
34028,BÁSCONES DE OJEDA,34,34047,CARRIÓN DE LOS CONDES,136
34029,BECERRIL DE CAMPOS,34,34120,PALENCIA,737
34031,BELMONTE DE CAMPOS,34,34120,PALENCIA,28
34032,BERZOSILLA,34,34056,CERVERA DE PISUERGA,45
34033,BOADA DE CAMPOS,34,34120,PALENCIA,17
34034,BOADILLA DEL CAMINO,34,34120,PALENCIA,111
34035,BOADILLA DE RIOSECO,34,34120,PALENCIA,95
34036,BRAÑOSERA,34,34056,CERVERA DE PISUERGA,253
34037,BUENAVISTA DE VALDAVIA,34,34047,CARRIÓN DE LOS CONDES,290
34038,BUSTILLO DE LA VEGA,34,34047,CARRIÓN DE LOS CONDES,259
34039,BUSTILLO DEL PÁRAMO DE CARRIÓN,34,34047,CARRIÓN DE LOS CONDES,58
34041,CALAHORRA DE BOEDO,34,34047,CARRIÓN DE LOS CONDES,82
34042,CALZADA DE LOS MOLINOS,34,34047,CARRIÓN DE LOS CONDES,305
34045,CAPILLAS,34,34120,PALENCIA,68
34046,CARDEÑOSA DE VOLPEJERA,34,34120,PALENCIA,64
34047,CARRIÓN DE LOS CONDES,34,34047,CARRIÓN DE LOS CONDES,1997
34048,CASTIL DE VELA,34,34120,PALENCIA,54
34049,CASTREJÓN DE LA PEÑA,34,34056,CERVERA DE PISUERGA,322
34050,CASTRILLO DE DON JUAN,34,34120,PALENCIA,177
34051,CASTRILLO DE ONIELO,34,34120,PALENCIA,91
34052,CASTRILLO DE VILLAVEGA,34,34047,CARRIÓN DE LOS CONDES,167
34053,CASTROMOCHO,34,34120,PALENCIA,193
34055,CERVATOS DE LA CUEZA,34,34047,CARRIÓN DE LOS CONDES,241
34056,CERVERA DE PISUERGA,34,34056,CERVERA DE PISUERGA,2272
34057,CEVICO DE LA TORRE,34,34120,PALENCIA,464
34058,CEVICO NAVERO,34,34120,PALENCIA,175
34059,CISNEROS,34,34120,PALENCIA,426
34060,COBOS DE CERRATO,34,34120,PALENCIA,129
34061,COLLAZOS DE BOEDO,34,34047,CARRIÓN DE LOS CONDES,89
34062,CONGOSTO DE VALDAVIA,34,34047,CARRIÓN DE LOS CONDES,132
34063,CORDOVILLA LA REAL,34,34120,PALENCIA,130
34066,CUBILLAS DE CERRATO,34,34120,PALENCIA,60
34067,DEHESA DE MONTEJO,34,34056,CERVERA DE PISUERGA,130
34068,DEHESA DE ROMANOS,34,34056,CERVERA DE PISUERGA,39
34069,DUEÑAS,34,34120,PALENCIA,2605
34070,ESPINOSA DE CERRATO,34,34120,PALENCIA,119
34071,ESPINOSA DE VILLAGONZALO,34,34047,CARRIÓN DE LOS CONDES,164
34072,FRECHILLA,34,34120,PALENCIA,138
34073,FRESNO DEL RÍO,34,34056,CERVERA DE PISUERGA,169
34074,FRÓMISTA,34,34120,PALENCIA,727
34076,FUENTES DE NAVA,34,34120,PALENCIA,581
34077,FUENTES DE VALDEPERO,34,34120,PALENCIA,489
34079,GRIJOTA,34,34120,PALENCIA,2839
34080,GUARDO,34,34056,CERVERA DE PISUERGA,5502
34081,GUAZA DE CAMPOS,34,34120,PALENCIA,57
34082,HÉRMEDES DE CERRATO,34,34120,PALENCIA,72
34083,HERRERA DE PISUERGA,34,34047,CARRIÓN DE LOS CONDES,1875
34084,HERRERA DE VALDECAÑAS,34,34120,PALENCIA,148
34086,HONTORIA DE CERRATO,34,34120,PALENCIA,108
34087,HORNILLOS DE CERRATO,34,34120,PALENCIA,171
34088,HUSILLOS,34,34120,PALENCIA,413
34089,ITERO DE LA VEGA,34,34120,PALENCIA,147
34091,LAGARTOS,34,34047,CARRIÓN DE LOS CONDES,117
34092,LANTADILLA,34,34120,PALENCIA,277
34093,LA VID DE OJEDA,34,34056,CERVERA DE PISUERGA,82
34094,LEDIGOS,34,34047,CARRIÓN DE LOS CONDES,59
34096,LOMAS,34,34047,CARRIÓN DE LOS CONDES,40
34098,MAGAZ DE PISUERGA,34,34120,PALENCIA,1065
34099,MANQUILLOS,34,34120,PALENCIA,62
34100,MANTINOS,34,34056,CERVERA DE PISUERGA,142
34101,MARCILLA DE CAMPOS,34,34120,PALENCIA,60
34102,MAZARIEGOS,34,34120,PALENCIA,202
34103,MAZUECOS DE VALDEGINATE,34,34120,PALENCIA,78
34104,MELGAR DE YUSO,34,34120,PALENCIA,269
34106,MENESES DE CAMPOS,34,34120,PALENCIA,109
34107,MICIECES DE OJEDA,34,34056,CERVERA DE PISUERGA,67
34108,MONZÓN DE CAMPOS,34,34120,PALENCIA,608
34109,MORATINOS,34,34047,CARRIÓN DE LOS CONDES,55
34110,MUDÁ,34,34056,CERVERA DE PISUERGA,81
34112,NOGAL DE LAS HUERTAS,34,34047,CARRIÓN DE LOS CONDES,46
34113,OLEA DE BOEDO,34,34047,CARRIÓN DE LOS CONDES,38
34114,OLMOS DE OJEDA,34,34056,CERVERA DE PISUERGA,166
34116,OSORNILLO,34,34047,CARRIÓN DE LOS CONDES,57
34120,PALENCIA,34,34120,PALENCIA,77466
34121,PALENZUELA,34,34120,PALENCIA,212
34122,PÁRAMO DE BOEDO,34,34047,CARRIÓN DE LOS CONDES,103
34123,PAREDES DE NAVA,34,34120,PALENCIA,1927
34124,PAYO DE OJEDA,34,34056,CERVERA DE PISUERGA,59
34125,PEDRAZA DE CAMPOS,34,34120,PALENCIA,73
34126,PEDROSA DE LA VEGA,34,34047,CARRIÓN DE LOS CONDES,277
34127,PERALES,34,34120,PALENCIA,112
34129,PINO DEL RÍO,34,34047,CARRIÓN DE LOS CONDES,162
34130,PIÑA DE CAMPOS,34,34120,PALENCIA,185
34131,POBLACIÓN DE ARROYO,34,34047,CARRIÓN DE LOS CONDES,44
34132,POBLACIÓN DE CAMPOS,34,34120,PALENCIA,119
34133,POBLACIÓN DE CERRATO,34,34120,PALENCIA,102
34134,POLENTINOS,34,34056,CERVERA DE PISUERGA,41
34135,POMAR DE VALDIVIA,34,34056,CERVERA DE PISUERGA,488
34136,POZA DE LA VEGA,34,34047,CARRIÓN DE LOS CONDES,160
34137,POZO DE URAMA,34,34120,PALENCIA,21
34139,PRÁDANOS DE OJEDA,34,34056,CERVERA DE PISUERGA,181
34140,LA PUEBLA DE VALDAVIA,34,34047,CARRIÓN DE LOS CONDES,79
34141,QUINTANA DEL PUENTE,34,34120,PALENCIA,248
34143,QUINTANILLA DE ONSOÑA,34,34047,CARRIÓN DE LOS CONDES,167
34146,REINOSO DE CERRATO,34,34120,PALENCIA,58
34147,RENEDO DE LA VEGA,34,34047,CARRIÓN DE LOS CONDES,193
34149,REQUENA DE CAMPOS,34,34120,PALENCIA,27
34151,RESPENDA DE LA PEÑA,34,34056,CERVERA DE PISUERGA,140
34152,REVENGA DE CAMPOS,34,34047,CARRIÓN DE LOS CONDES,127
34154,REVILLA DE COLLAZOS,34,34047,CARRIÓN DE LOS CONDES,75
34155,RIBAS DE CAMPOS,34,34120,PALENCIA,150
34156,RIBEROS DE LA CUEZA,34,34047,CARRIÓN DE LOS CONDES,52
34157,SALDAÑA,34,34047,CARRIÓN DE LOS CONDES,2844
34158,SALINAS DE PISUERGA,34,34056,CERVERA DE PISUERGA,348
34159,SAN CEBRIÁN DE CAMPOS,34,34120,PALENCIA,400
34160,SAN CEBRIÁN DE MUDÁ,34,34056,CERVERA DE PISUERGA,142
34161,SAN CRISTÓBAL DE BOEDO,34,34047,CARRIÓN DE LOS CONDES,20
34163,SAN MAMÉS DE CAMPOS,34,34047,CARRIÓN DE LOS CONDES,44
34165,SAN ROMÁN DE LA CUBA,34,34120,PALENCIA,53
34167,SANTA CECILIA DEL ALCOR,34,34120,PALENCIA,91
34168,SANTA CRUZ DE BOEDO,34,34047,CARRIÓN DE LOS CONDES,51
34169,SANTERVÁS DE LA VEGA,34,34047,CARRIÓN DE LOS CONDES,392
34170,SANTIBÁÑEZ DE ECLA,34,34056,CERVERA DE PISUERGA,42
34171,SANTIBÁÑEZ DE LA PEÑA,34,34056,CERVERA DE PISUERGA,892
34174,SANTOYO,34,34120,PALENCIA,187
34175,LA SERNA,34,34047,CARRIÓN DE LOS CONDES,90
34176,SOTOBAÑADO Y PRIORATO,34,34047,CARRIÓN DE LOS CONDES,154
34177,SOTO DE CERRATO,34,34120,PALENCIA,166
34178,TABANERA DE CERRATO,34,34120,PALENCIA,133
34179,TABANERA DE VALDAVIA,34,34047,CARRIÓN DE LOS CONDES,20
34180,TÁMARA DE CAMPOS,34,34120,PALENCIA,70
34181,TARIEGO DE CERRATO,34,34120,PALENCIA,504
34182,TORQUEMADA,34,34120,PALENCIA,964
34184,TORREMORMOJÓN,34,34120,PALENCIA,41
34185,TRIOLLO,34,34056,CERVERA DE PISUERGA,73
34186,VALBUENA DE PISUERGA,34,34120,PALENCIA,49
34189,VALDEOLMILLOS,34,34120,PALENCIA,56
34190,VALDERRÁBANO,34,34047,CARRIÓN DE LOS CONDES,47
34192,VALDE-UCIEZA,34,34047,CARRIÓN DE LOS CONDES,77
34196,VALLE DE CERRATO,34,34120,PALENCIA,77
34199,VELILLA DEL RÍO CARRIÓN,34,34056,CERVERA DE PISUERGA,1104
34201,VERTAVILLO,34,34120,PALENCIA,162
34202,VILLABASTA DE VALDAVIA,34,34047,CARRIÓN DE LOS CONDES,33
34204,VILLACIDALER,34,34120,PALENCIA,44
34205,VILLACONANCIO,34,34120,PALENCIA,48
34206,VILLADA,34,34120,PALENCIA,863
34208,VILLAELES DE VALDAVIA,34,34047,CARRIÓN DE LOS CONDES,47
34210,VILLAHÁN,34,34120,PALENCIA,96
34211,VILLAHERREROS,34,34047,CARRIÓN DE LOS CONDES,211
34213,VILLALACO,34,34120,PALENCIA,67
34214,VILLALBA DE GUARDO,34,34056,CERVERA DE PISUERGA,194
34215,VILLALCÁZAR DE SIRGA,34,34047,CARRIÓN DE LOS CONDES,160
34216,VILLALCÓN,34,34120,PALENCIA,45
34217,VILLALOBÓN,34,34120,PALENCIA,1955
34218,VILLALUENGA DE LA VEGA,34,34047,CARRIÓN DE LOS CONDES,519
34220,VILLAMARTÍN DE CAMPOS,34,34120,PALENCIA,170
34221,VILLAMEDIANA,34,34120,PALENCIA,177
34222,VILLAMERIEL,34,34047,CARRIÓN DE LOS CONDES,109
34223,VILLAMORONTA,34,34047,CARRIÓN DE LOS CONDES,236
34224,VILLAMUERA DE LA CUEZA,34,34047,CARRIÓN DE LOS CONDES,36
34225,VILLAMURIEL DE CERRATO,34,34120,PALENCIA,6501
34227,VILLANUEVA DEL REBOLLAR,34,34120,PALENCIA,67
34228,VILLANUÑO DE VALDAVIA,34,34047,CARRIÓN DE LOS CONDES,91
34229,VILLAPROVEDO,34,34047,CARRIÓN DE LOS CONDES,46
34230,VILLARMENTERO DE CAMPOS,34,34047,CARRIÓN DE LOS CONDES,26
34231,VILLARRABÉ,34,34047,CARRIÓN DE LOS CONDES,170
34232,VILLARRAMIEL,34,34120,PALENCIA,782
34233,VILLASARRACINO,34,34047,CARRIÓN DE LOS CONDES,125
34234,VILLASILA DE VALDAVIA,34,34047,CARRIÓN DE LOS CONDES,64
34236,VILLATURDE,34,34047,CARRIÓN DE LOS CONDES,148
34237,VILLAUMBRALES,34,34120,PALENCIA,627
34238,VILLAVIUDAS,34,34120,PALENCIA,356
34240,VILLERÍAS DE CAMPOS,34,34120,PALENCIA,71
34241,VILLODRE,34,34120,PALENCIA,22
34242,VILLODRIGO,34,34120,PALENCIA,96
34243,VILLOLDO,34,34047,CARRIÓN DE LOS CONDES,333
34245,VILLOTA DEL PÁRAMO,34,34047,CARRIÓN DE LOS CONDES,295
34246,VILLOVIECO,34,34047,CARRIÓN DE LOS CONDES,62
34901,OSORNO LA MAYOR,34,34047,CARRIÓN DE LOS CONDES,1180
34902,VALLE DEL RETORTILLO,34,34120,PALENCIA,155
34903,LOMA DE UCIEZA,34,34047,CARRIÓN DE LOS CONDES,186
34904,LA PERNÍA,34,34056,CERVERA DE PISUERGA,297
35001,AGAETE,35,35023,SANTA MARÍA DE GUÍA DE GRAN CANARIA,5683
35002,AGÜIMES,35,35026,TELDE,33800
35003,ANTIGUA,35,35017,PUERTO DEL ROSARIO,14164
35004,ARRECIFE,35,35004,ARRECIFE,70811
35005,ARTENARA,35,35006,ARUCAS,1024
35006,ARUCAS,35,35006,ARUCAS,39232
35007,BETANCURIA,35,35017,PUERTO DEL ROSARIO,801
35008,FIRGAS,35,35006,ARUCAS,7728
35009,GÁLDAR,35,35023,SANTA MARÍA DE GUÍA DE GRAN CANARIA,25108
35010,HARÍA,35,35004,ARRECIFE,5623
35011,INGENIO,35,35026,TELDE,32905
35012,MOGÁN,35,35019,SAN BARTOLOMÉ DE TIRAJANA,21172
35013,MOYA,35,35023,SANTA MARÍA DE GUÍA DE GRAN CANARIA,8007
35014,LA OLIVA,35,35017,PUERTO DEL ROSARIO,30022
35015,PÁJARA,35,35017,PUERTO DEL ROSARIO,21570
35016,LAS PALMAS DE GRAN CANARIA,35,35016,LAS PALMAS DE GRAN CANARIA,381868
35017,PUERTO DEL ROSARIO,35,35017,PUERTO DEL ROSARIO,46150
35018,SAN BARTOLOMÉ,35,35004,ARRECIFE,19551
35019,SAN BARTOLOMÉ DE TIRAJANA,35,35019,SAN BARTOLOMÉ DE TIRAJANA,54291
35020,LA ALDEA DE SAN NICOLÁS,35,35023,SANTA MARÍA DE GUÍA DE GRAN CANARIA,7401
35021,SANTA BRÍGIDA,35,35016,LAS PALMAS DE GRAN CANARIA,18766
35022,SANTA LUCÍA DE TIRAJANA,35,35019,SAN BARTOLOMÉ DE TIRAJANA,78584
35023,SANTA MARÍA DE GUÍA DE GRAN CANARIA,35,35023,SANTA MARÍA DE GUÍA DE GRAN CANARIA,14311
35024,TEGUISE,35,35004,ARRECIFE,24027
35025,TEJEDA,35,35006,ARUCAS,1806
35026,TELDE,35,35026,TELDE,104168
35027,TEROR,35,35006,ARUCAS,13211
35028,TÍAS,35,35004,ARRECIFE,21613
35029,TINAJO,35,35004,ARRECIFE,6939
35030,TUINEJE,35,35017,PUERTO DEL ROSARIO,16834
35031,VALSEQUILLO DE GRAN CANARIA,35,35026,TELDE,9869
35032,VALLESECO,35,35006,ARUCAS,3775
35033,VEGA DE SAN MATEO,35,35016,LAS PALMAS DE GRAN CANARIA,7899
35034,YAIZA,35,35004,ARRECIFE,18842
36001,ARBO,36,36042,PONTEAREAS,2603
36002,BARRO,36,36005,CALDAS DE REIS,3674
36003,BAIONA,36,36057,VIGO,12361
36004,BUEU,36,36026,MARÍN,11836
36005,CALDAS DE REIS,36,36005,CALDAS DE REIS,9615
36006,CAMBADOS,36,36006,CAMBADOS,13787
36007,CAMPO LAMEIRO,36,36005,CALDAS DE REIS,1667
36008,CANGAS,36,36008,CANGAS,26711
36009,A CAÑIZA,36,36042,PONTEAREAS,4990
36010,CATOIRA,36,36060,VILAGARCÍA DE AROUSA,3274
36013,COVELO,36,36042,PONTEAREAS,2472
36014,CRECENTE,36,36042,PONTEAREAS,1921
36015,CUNTIS,36,36005,CALDAS DE REIS,4469
36016,DOZÓN,36,36024,LALÍN,961
36017,A ESTRADA,36,36017,A ESTRADA,20112
36018,FORCAREI,36,36017,A ESTRADA,3067
36019,FORNELOS DE MONTES,36,36045,REDONDELA,1614
36020,AGOLADA,36,36024,LALÍN,2225
36021,GONDOMAR,36,36057,VIGO,15066
36022,O GROVE,36,36006,CAMBADOS,10833
36023,A GUARDA,36,36055,TUI,9970
36024,LALÍN,36,36024,LALÍN,20292
36025,A LAMA,36,36038,PONTEVEDRA,2437
36026,MARÍN,36,36026,MARÍN,23991
36027,MEAÑO,36,36006,CAMBADOS,5237
36028,MEIS,36,36006,CAMBADOS,4668
36029,MOAÑA,36,36008,CANGAS,19320
36030,MONDARIZ,36,36042,PONTEAREAS,4456
36031,MONDARIZ-BALNEARIO,36,36042,PONTEAREAS,742
36032,MORAÑA,36,36005,CALDAS DE REIS,4131
36033,MOS,36,36039,O PORRIÑO,15233
36034,AS NEVES,36,36042,PONTEAREAS,3657
36035,NIGRÁN,36,36057,VIGO,18174
36036,OIA,36,36055,TUI,3062
36037,PAZOS DE BORBÉN,36,36045,REDONDELA,3046
36038,PONTEVEDRA,36,36038,PONTEVEDRA,83316
36039,O PORRIÑO,36,36039,O PORRIÑO,20965
36040,PORTAS,36,36005,CALDAS DE REIS,2748
36041,POIO,36,36038,PONTEVEDRA,17434
36042,PONTEAREAS,36,36042,PONTEAREAS,23211
36043,PONTE CALDELAS,36,36038,PONTEVEDRA,5609
36044,PONTECESURES,36,36005,CALDAS DE REIS,3076
36045,REDONDELA,36,36045,REDONDELA,28874
36046,RIBADUMIA,36,36006,CAMBADOS,5166
36047,RODEIRO,36,36024,LALÍN,2232
36048,O ROSAL,36,36055,TUI,6548
36049,SALCEDA DE CASELAS,36,36039,O PORRIÑO,9409
36050,SALVATERRA DE MIÑO,36,36042,PONTEAREAS,10617
36051,SANXENXO,36,36006,CAMBADOS,18016
36052,SILLEDA,36,36024,LALÍN,8917
36053,SOUTOMAIOR,36,36045,REDONDELA,7589
36054,TOMIÑO,36,36055,TUI,13738
36055,TUI,36,36055,TUI,17468
36056,VALGA,36,36005,CALDAS DE REIS,5779
36057,VIGO,36,36057,VIGO,294489
36058,VILABOA,36,36008,CANGAS,5856
36059,VILA DE CRUCES,36,36024,LALÍN,4967
36060,VILAGARCÍA DE AROUSA,36,36060,VILAGARCÍA DE AROUSA,37888
36061,VILANOVA DE AROUSA,36,36060,VILAGARCÍA DE AROUSA,10159
36901,A ILLA DE AROUSA,36,36060,VILAGARCÍA DE AROUSA,4809
36902,CERDEDO-COTOBADE,36,36038,PONTEVEDRA,5671
37001,ABUSEJO,37,37274,SALAMANCA,148
37002,AGALLAS,37,37107,CIUDAD RODRIGO,122
37003,AHIGAL DE LOS ACEITEROS,37,37376,VITIGUDINO,93
37004,AHIGAL DE VILLARINO,37,37376,VITIGUDINO,30
37005,LA ALAMEDA DE GARDÓN,37,37107,CIUDAD RODRIGO,67
37006,LA ALAMEDILLA,37,37107,CIUDAD RODRIGO,94
37007,ALARAZ,37,37246,PEÑARANDA DE BRACAMONTE,444
37008,ALBA DE TORMES,37,37274,SALAMANCA,5099
37009,ALBA DE YELTES,37,37107,CIUDAD RODRIGO,205
37010,LA ALBERCA,37,37107,CIUDAD RODRIGO,1034
37011,LA ALBERGUERÍA DE ARGAÑÁN,37,37107,CIUDAD RODRIGO,94
37012,ALCONADA,37,37246,PEÑARANDA DE BRACAMONTE,130
37013,ALDEACIPRESTE,37,37046,BÉJAR,89
37014,ALDEADÁVILA DE LA RIBERA,37,37376,VITIGUDINO,1094
37015,ALDEA DEL OBISPO,37,37107,CIUDAD RODRIGO,245
37016,ALDEALENGUA,37,37274,SALAMANCA,730
37017,ALDEANUEVA DE FIGUEROA,37,37274,SALAMANCA,238
37018,ALDEANUEVA DE LA SIERRA,37,37274,SALAMANCA,88
37019,ALDEARRODRIGO,37,37274,SALAMANCA,143
37020,ALDEARRUBIA,37,37274,SALAMANCA,518
37021,ALDEASECA DE ALBA,37,37274,SALAMANCA,65
37022,ALDEASECA DE LA FRONTERA,37,37246,PEÑARANDA DE BRACAMONTE,241
37023,ALDEATEJADA,37,37274,SALAMANCA,2662
37024,ALDEAVIEJA DE TORMES,37,37046,BÉJAR,100
37025,ALDEHUELA DE LA BÓVEDA,37,37274,SALAMANCA,260
37026,ALDEHUELA DE YELTES,37,37107,CIUDAD RODRIGO,176
37027,ALMENARA DE TORMES,37,37274,SALAMANCA,302
37028,ALMENDRA,37,37376,VITIGUDINO,129
37029,ANAYA DE ALBA,37,37274,SALAMANCA,190
37030,AÑOVER DE TORMES,37,37274,SALAMANCA,84
37031,ARABAYONA DE MÓGICA,37,37246,PEÑARANDA DE BRACAMONTE,318
37032,ARAPILES,37,37274,SALAMANCA,744
37033,ARCEDIANO,37,37274,SALAMANCA,89
37034,EL ARCO,37,37274,SALAMANCA,85
37035,ARMENTEROS,37,37046,BÉJAR,156
37036,SAN MIGUEL DEL ROBLEDO,37,37107,CIUDAD RODRIGO,52
37037,LA ATALAYA,37,37107,CIUDAD RODRIGO,102
37038,BABILAFUENTE,37,37246,PEÑARANDA DE BRACAMONTE,924
37039,BAÑOBÁREZ,37,37376,VITIGUDINO,277
37040,BARBADILLO,37,37274,SALAMANCA,391
37041,BARBALOS,37,37274,SALAMANCA,70
37042,BARCEO,37,37376,VITIGUDINO,45
37044,BARRUECOPARDO,37,37376,VITIGUDINO,409
37045,LA BASTIDA,37,37046,BÉJAR,22
37046,BÉJAR,37,37046,BÉJAR,11993
37047,BELEÑA,37,37274,SALAMANCA,258
37049,BERMELLAR,37,37376,VITIGUDINO,129
37050,BERROCAL DE HUEBRA,37,37274,SALAMANCA,75
37051,BERROCAL DE SALVATIERRA,37,37046,BÉJAR,74
37052,BOADA,37,37107,CIUDAD RODRIGO,259
37054,EL BODÓN,37,37107,CIUDAD RODRIGO,247
37055,BOGAJO,37,37376,VITIGUDINO,124
37056,LA BOUZA,37,37107,CIUDAD RODRIGO,48
37057,BÓVEDA DEL RÍO ALMAR,37,37246,PEÑARANDA DE BRACAMONTE,186
37058,BRINCONES,37,37376,VITIGUDINO,56
37059,BUENAMADRE,37,37274,SALAMANCA,108
37060,BUENAVISTA,37,37274,SALAMANCA,368
37061,EL CABACO,37,37107,CIUDAD RODRIGO,227
37062,CABEZABELLOSA DE LA CALZADA,37,37274,SALAMANCA,73
37063,LA CABEZA DE BÉJAR,37,37046,BÉJAR,55
37065,CABEZA DEL CABALLO,37,37376,VITIGUDINO,224
37067,CABRERIZOS,37,37274,SALAMANCA,4218
37068,CABRILLAS,37,37274,SALAMANCA,316
37069,CALVARRASA DE ABAJO,37,37274,SALAMANCA,1240
37070,CALVARRASA DE ARRIBA,37,37274,SALAMANCA,604
37071,LA CALZADA DE BÉJAR,37,37046,BÉJAR,80
37072,CALZADA DE DON DIEGO,37,37274,SALAMANCA,127
37073,CALZADA DE VALDUNCIEL,37,37274,SALAMANCA,717
37074,CAMPILLO DE AZABA,37,37107,CIUDAD RODRIGO,146
37077,EL CAMPO DE PEÑARANDA,37,37246,PEÑARANDA DE BRACAMONTE,241
37078,CANDELARIO,37,37046,BÉJAR,832
37079,CANILLAS DE ABAJO,37,37274,SALAMANCA,64
37080,CANTAGALLO,37,37046,BÉJAR,281
37081,CANTALAPIEDRA,37,37246,PEÑARANDA DE BRACAMONTE,884
37082,CANTALPINO,37,37246,PEÑARANDA DE BRACAMONTE,802
37083,CANTARACILLO,37,37246,PEÑARANDA DE BRACAMONTE,188
37085,CARBAJOSA DE LA SAGRADA,37,37274,SALAMANCA,7791
37086,CARPIO DE AZABA,37,37107,CIUDAD RODRIGO,110
37087,CARRASCAL DE BARREGAS,37,37274,SALAMANCA,1456
37088,CARRASCAL DEL OBISPO,37,37274,SALAMANCA,185
37089,CASAFRANCA,37,37046,BÉJAR,69
37090,LAS CASAS DEL CONDE,37,37107,CIUDAD RODRIGO,63
37091,CASILLAS DE FLORES,37,37107,CIUDAD RODRIGO,171
37092,CASTELLANOS DE MORISCOS,37,37274,SALAMANCA,3149
37096,CASTILLEJO DE MARTÍN VIEJO,37,37107,CIUDAD RODRIGO,193
37097,CASTRAZ,37,37107,CIUDAD RODRIGO,33
37098,CEPEDA,37,37046,BÉJAR,287
37099,CERECEDA DE LA SIERRA,37,37046,BÉJAR,55
37100,CEREZAL DE PEÑAHORCADA,37,37376,VITIGUDINO,64
37101,CERRALBO,37,37376,VITIGUDINO,105
37102,EL CERRO,37,37046,BÉJAR,363
37103,CESPEDOSA DE TORMES,37,37046,BÉJAR,480
37104,CILLEROS DE LA BASTIDA,37,37107,CIUDAD RODRIGO,21
37106,CIPÉREZ,37,37376,VITIGUDINO,233
37107,CIUDAD RODRIGO,37,37107,CIUDAD RODRIGO,11750
37108,COCA DE ALBA,37,37274,SALAMANCA,96
37109,COLMENAR DE MONTEMAYOR,37,37046,BÉJAR,177
37110,CORDOVILLA,37,37246,PEÑARANDA DE BRACAMONTE,105
37112,CRISTÓBAL,37,37046,BÉJAR,158
37113,EL CUBO DE DON SANCHO,37,37376,VITIGUDINO,373
37114,CHAGARCÍA MEDIANERO,37,37274,SALAMANCA,68
37115,DIOS LE GUARDE,37,37107,CIUDAD RODRIGO,116
37116,DOÑINOS DE LEDESMA,37,37274,SALAMANCA,62
37117,DOÑINOS DE SALAMANCA,37,37274,SALAMANCA,2273
37118,EJEME,37,37274,SALAMANCA,139
37119,LA ENCINA,37,37107,CIUDAD RODRIGO,95
37120,ENCINA DE SAN SILVESTRE,37,37274,SALAMANCA,111
37121,ENCINAS DE ABAJO,37,37274,SALAMANCA,615
37122,ENCINAS DE ARRIBA,37,37274,SALAMANCA,223
37123,ENCINASOLA DE LOS COMENDADORES,37,37376,VITIGUDINO,146
37124,ENDRINAL,37,37046,BÉJAR,201
37125,ESCURIAL DE LA SIERRA,37,37046,BÉJAR,233
37126,ESPADAÑA,37,37376,VITIGUDINO,32
37127,ESPEJA,37,37107,CIUDAD RODRIGO,212
37128,ESPINO DE LA ORBADA,37,37274,SALAMANCA,238
37129,FLORIDA DE LIÉBANA,37,37274,SALAMANCA,248
37130,FORFOLEDA,37,37274,SALAMANCA,207
37131,FRADES DE LA SIERRA,37,37046,BÉJAR,163
37132,LA FREGENEDA,37,37376,VITIGUDINO,296
37133,FRESNEDOSO,37,37046,BÉJAR,94
37134,FRESNO ALHÁNDIGA,37,37274,SALAMANCA,194
37135,LA FUENTE DE SAN ESTEBAN,37,37274,SALAMANCA,1293
37136,FUENTEGUINALDO,37,37107,CIUDAD RODRIGO,635
37137,FUENTELIANTE,37,37376,VITIGUDINO,80
37138,FUENTERROBLE DE SALVATIERRA,37,37046,BÉJAR,260
37139,FUENTES DE BÉJAR,37,37046,BÉJAR,239
37140,FUENTES DE OÑORO,37,37107,CIUDAD RODRIGO,1012
37141,GAJATES,37,37274,SALAMANCA,135
37142,GALINDO Y PERAHUY,37,37274,SALAMANCA,713
37143,GALINDUSTE,37,37274,SALAMANCA,401
37144,GALISANCHO,37,37274,SALAMANCA,320
37145,GALLEGOS DE ARGAÑÁN,37,37107,CIUDAD RODRIGO,259
37146,GALLEGOS DE SOLMIRÓN,37,37046,BÉJAR,109
37147,GARCIBUEY,37,37046,BÉJAR,186
37148,GARCIHERNÁNDEZ,37,37274,SALAMANCA,412
37149,GARCIRREY,37,37274,SALAMANCA,52
37150,GEJUELO DEL BARRO,37,37274,SALAMANCA,31
37151,GOLPEJAS,37,37274,SALAMANCA,139
37152,GOMECELLO,37,37274,SALAMANCA,411
37154,GUADRAMIRO,37,37376,VITIGUDINO,120
37155,GUIJO DE AVILA,37,37046,BÉJAR,81
37156,GUIJUELO,37,37046,BÉJAR,5427
37157,HERGUIJUELA DE CIUDAD RODRIGO,37,37107,CIUDAD RODRIGO,65
37158,HERGUIJUELA DE LA SIERRA,37,37046,BÉJAR,222
37159,HERGUIJUELA DEL CAMPO,37,37046,BÉJAR,60
37160,HINOJOSA DE DUERO,37,37376,VITIGUDINO,562
37161,HORCAJO DE MONTEMAYOR,37,37046,BÉJAR,107
37162,HORCAJO MEDIANERO,37,37274,SALAMANCA,199
37163,LA HOYA,37,37046,BÉJAR,32
37164,HUERTA,37,37246,PEÑARANDA DE BRACAMONTE,282
37165,IRUELOS,37,37376,VITIGUDINO,29
37166,ITUERO DE AZABA,37,37107,CIUDAD RODRIGO,189
37167,JUZBADO,37,37274,SALAMANCA,176
37168,LAGUNILLA,37,37046,BÉJAR,414
37169,LARRODRIGO,37,37274,SALAMANCA,178
37170,LEDESMA,37,37274,SALAMANCA,1480
37171,LEDRADA,37,37046,BÉJAR,476
37172,LINARES DE RIOFRÍO,37,37046,BÉJAR,924
37173,LUMBRALES,37,37376,VITIGUDINO,1507
37174,MACOTERA,37,37246,PEÑARANDA DE BRACAMONTE,1006
37175,MACHACÓN,37,37274,SALAMANCA,442
37176,MADROÑAL,37,37046,BÉJAR,128
37177,EL MAÍLLO,37,37107,CIUDAD RODRIGO,282
37178,MALPARTIDA,37,37246,PEÑARANDA DE BRACAMONTE,74
37179,MANCERA DE ABAJO,37,37246,PEÑARANDA DE BRACAMONTE,192
37180,EL MANZANO,37,37274,SALAMANCA,54
37181,MARTIAGO,37,37107,CIUDAD RODRIGO,252
37182,MARTINAMOR,37,37274,SALAMANCA,91
37183,MARTÍN DE YELTES,37,37107,CIUDAD RODRIGO,383
37184,MASUECO,37,37376,VITIGUDINO,240
37185,CASTELLANOS DE VILLIQUERA,37,37274,SALAMANCA,727
37186,LA MATA DE LEDESMA,37,37274,SALAMANCA,98
37187,MATILLA DE LOS CAÑOS DEL RÍO,37,37274,SALAMANCA,607
37188,LA MAYA,37,37274,SALAMANCA,163
37189,MEMBRIBE DE LA SIERRA,37,37274,SALAMANCA,101
37190,MIEZA,37,37376,VITIGUDINO,170
37191,EL MILANO,37,37376,VITIGUDINO,88
37192,MIRANDA DE AZÁN,37,37274,SALAMANCA,451
37193,MIRANDA DEL CASTAÑAR,37,37046,BÉJAR,361
37194,MOGARRAZ,37,37107,CIUDAD RODRIGO,236
37195,MOLINILLO,37,37046,BÉJAR,43
37196,MONFORTE DE LA SIERRA,37,37107,CIUDAD RODRIGO,50
37197,MONLEÓN,37,37046,BÉJAR,88
37198,MONLERAS,37,37274,SALAMANCA,241
37199,MONSAGRO,37,37107,CIUDAD RODRIGO,129
37200,MONTEJO,37,37046,BÉJAR,186
37201,MONTEMAYOR DEL RÍO,37,37046,BÉJAR,245
37202,MONTERRUBIO DE ARMUÑA,37,37274,SALAMANCA,1321
37203,MONTERRUBIO DE LA SIERRA,37,37274,SALAMANCA,150
37204,MORASVERDES,37,37107,CIUDAD RODRIGO,230
37205,MORILLE,37,37274,SALAMANCA,221
37206,MORIÑIGO,37,37246,PEÑARANDA DE BRACAMONTE,93
37207,MORISCOS,37,37274,SALAMANCA,577
37208,MORONTA,37,37376,VITIGUDINO,73
37209,MOZÁRBEZ,37,37274,SALAMANCA,510
37211,NARROS DE MATALAYEGUA,37,37274,SALAMANCA,187
37212,NAVACARROS,37,37046,BÉJAR,141
37213,NAVA DE BÉJAR,37,37046,BÉJAR,74
37214,NAVA DE FRANCIA,37,37107,CIUDAD RODRIGO,116
37215,NAVA DE SOTROBAL,37,37246,PEÑARANDA DE BRACAMONTE,147
37216,NAVALES,37,37274,SALAMANCA,312
37217,NAVALMORAL DE BÉJAR,37,37046,BÉJAR,57
37218,NAVAMORALES,37,37046,BÉJAR,45
37219,NAVARREDONDA DE LA RINCONADA,37,37274,SALAMANCA,153
37221,NAVASFRÍAS,37,37107,CIUDAD RODRIGO,365
37222,NEGRILLA DE PALENCIA,37,37274,SALAMANCA,78
37223,OLMEDO DE CAMACES,37,37376,VITIGUDINO,87
37224,LA ORBADA,37,37274,SALAMANCA,177
37225,PAJARES DE LA LAGUNA,37,37274,SALAMANCA,110
37226,PALACIOS DEL ARZOBISPO,37,37274,SALAMANCA,141
37228,PALACIOSRUBIOS,37,37246,PEÑARANDA DE BRACAMONTE,283
37229,PALENCIA DE NEGRILLA,37,37274,SALAMANCA,140
37230,PARADA DE ARRIBA,37,37274,SALAMANCA,264
37231,PARADA DE RUBIALES,37,37274,SALAMANCA,237
37232,PARADINAS DE SAN JUAN,37,37246,PEÑARANDA DE BRACAMONTE,380
37233,PASTORES,37,37107,CIUDAD RODRIGO,52
37234,EL PAYO,37,37107,CIUDAD RODRIGO,302
37235,PEDRAZA DE ALBA,37,37274,SALAMANCA,214
37236,PEDROSILLO DE ALBA,37,37274,SALAMANCA,123
37237,PEDROSILLO DE LOS AIRES,37,37274,SALAMANCA,312
37238,PEDROSILLO EL RALO,37,37274,SALAMANCA,147
37239,EL PEDROSO DE LA ARMUÑA,37,37246,PEÑARANDA DE BRACAMONTE,202
37240,PELABRAVO,37,37274,SALAMANCA,1427
37241,PELARRODRÍGUEZ,37,37274,SALAMANCA,161
37242,PELAYOS,37,37274,SALAMANCA,72
37243,LA PEÑA,37,37376,VITIGUDINO,69
37244,PEÑACABALLERA,37,37046,BÉJAR,149
37245,PEÑAPARDA,37,37107,CIUDAD RODRIGO,298
37246,PEÑARANDA DE BRACAMONTE,37,37246,PEÑARANDA DE BRACAMONTE,6162
37247,PEÑARANDILLA,37,37274,SALAMANCA,171
37248,PERALEJOS DE ABAJO,37,37376,VITIGUDINO,162
37249,PERALEJOS DE ARRIBA,37,37376,VITIGUDINO,38
37250,PEREÑA DE LA RIBERA,37,37376,VITIGUDINO,300
37251,PEROMINGO,37,37046,BÉJAR,121
37252,PINEDAS,37,37046,BÉJAR,88
37253,EL PINO DE TORMES,37,37274,SALAMANCA,147
37254,PITIEGUA,37,37274,SALAMANCA,173
37255,PIZARRAL,37,37046,BÉJAR,70
37256,POVEDA DE LAS CINTAS,37,37246,PEÑARANDA DE BRACAMONTE,197
37257,POZOS DE HINOJO,37,37376,VITIGUDINO,48
37258,PUEBLA DE AZABA,37,37107,CIUDAD RODRIGO,145
37259,PUEBLA DE SAN MEDEL,37,37046,BÉJAR,32
37260,PUEBLA DE YELTES,37,37274,SALAMANCA,136
37261,PUENTE DEL CONGOSTO,37,37046,BÉJAR,236
37262,PUERTAS,37,37376,VITIGUDINO,66
37263,PUERTO DE BÉJAR,37,37046,BÉJAR,342
37264,PUERTO SEGURO,37,37107,CIUDAD RODRIGO,52
37265,RÁGAMA,37,37246,PEÑARANDA DE BRACAMONTE,196
37266,LA REDONDA,37,37376,VITIGUDINO,61
37267,RETORTILLO,37,37107,CIUDAD RODRIGO,172
37268,LA RINCONADA DE LA SIERRA,37,37274,SALAMANCA,97
37269,ROBLEDA,37,37107,CIUDAD RODRIGO,453
37270,ROBLIZA DE COJOS,37,37274,SALAMANCA,185
37271,ROLLÁN,37,37274,SALAMANCA,317
37272,SAELICES EL CHICO,37,37107,CIUDAD RODRIGO,175
37273,LA SAGRADA,37,37274,SALAMANCA,78
37274,SALAMANCA,37,37274,SALAMANCA,146110
37275,SALDEANA,37,37376,VITIGUDINO,96
37276,SALMORAL,37,37246,PEÑARANDA DE BRACAMONTE,107
37277,SALVATIERRA DE TORMES,37,37046,BÉJAR,66
37278,SAN CRISTÓBAL DE LA CUESTA,37,37274,SALAMANCA,1169
37279,SANCTI-SPÍRITUS,37,37107,CIUDAD RODRIGO,713
37280,SANCHÓN DE LA RIBERA,37,37376,VITIGUDINO,66
37281,SANCHÓN DE LA SAGRADA,37,37274,SALAMANCA,43
37282,SANCHOTELLO,37,37046,BÉJAR,206
37283,SANDO,37,37274,SALAMANCA,111
37284,SAN ESTEBAN DE LA SIERRA,37,37046,BÉJAR,343
37285,SAN FELICES DE LOS GALLEGOS,37,37376,VITIGUDINO,355
37286,SAN MARTÍN DEL CASTAÑAR,37,37107,CIUDAD RODRIGO,233
37287,SAN MIGUEL DE VALERO,37,37046,BÉJAR,308
37288,SAN MORALES,37,37274,SALAMANCA,346
37289,SAN MUÑOZ,37,37274,SALAMANCA,192
37290,SAN PEDRO DEL VALLE,37,37274,SALAMANCA,143
37291,SAN PEDRO DE ROZADOS,37,37274,SALAMANCA,273
37292,SAN PELAYO DE GUAREÑA,37,37274,SALAMANCA,86
37293,SANTA MARÍA DE SANDO,37,37274,SALAMANCA,91
37294,SANTA MARTA DE TORMES,37,37274,SALAMANCA,14976
37296,SANTIAGO DE LA PUEBLA,37,37246,PEÑARANDA DE BRACAMONTE,280
37297,SANTIBÁÑEZ DE BÉJAR,37,37046,BÉJAR,448
37298,SANTIBÁÑEZ DE LA SIERRA,37,37046,BÉJAR,142
37299,SANTIZ,37,37274,SALAMANCA,225
37300,LOS SANTOS,37,37046,BÉJAR,570
37301,SARDÓN DE LOS FRAILES,37,37274,SALAMANCA,98
37302,SAUCELLE,37,37376,VITIGUDINO,242
37303,EL SAHUGO,37,37107,CIUDAD RODRIGO,178
37304,SEPULCRO-HILARIO,37,37274,SALAMANCA,153
37305,SEQUEROS,37,37046,BÉJAR,216
37306,SERRADILLA DEL ARROYO,37,37107,CIUDAD RODRIGO,239
37307,SERRADILLA DEL LLANO,37,37107,CIUDAD RODRIGO,136
37309,LA SIERPE,37,37046,BÉJAR,41
37310,SIETEIGLESIAS DE TORMES,37,37274,SALAMANCA,193
37311,SOBRADILLO,37,37376,VITIGUDINO,170
37312,SORIHUELA,37,37046,BÉJAR,255
37313,SOTOSERRANO,37,37046,BÉJAR,498
37314,TABERA DE ABAJO,37,37274,SALAMANCA,97
37315,LA TALA,37,37046,BÉJAR,77
37316,TAMAMES,37,37274,SALAMANCA,781
37317,TARAZONA DE GUAREÑA,37,37246,PEÑARANDA DE BRACAMONTE,261
37318,TARDÁGUILA,37,37274,SALAMANCA,193
37319,EL TEJADO,37,37046,BÉJAR,83
37320,TEJEDA Y SEGOYUELA,37,37274,SALAMANCA,97
37321,TENEBRÓN,37,37107,CIUDAD RODRIGO,123
37322,TERRADILLOS,37,37274,SALAMANCA,3314
37323,TOPAS,37,37274,SALAMANCA,518
37324,TORDILLOS,37,37246,PEÑARANDA DE BRACAMONTE,306
37325,EL TORNADIZO,37,37046,BÉJAR,88
37327,TORRESMENUDAS,37,37274,SALAMANCA,192
37328,TRABANCA,37,37376,VITIGUDINO,159
37329,TREMEDAL DE TORMES,37,37376,VITIGUDINO,34
37330,VALDECARROS,37,37274,SALAMANCA,296
37331,VALDEFUENTES DE SANGUSÍN,37,37046,BÉJAR,182
37332,VALDEHIJADEROS,37,37046,BÉJAR,84
37333,VALDELACASA,37,37046,BÉJAR,187
37334,VALDELAGEVE,37,37046,BÉJAR,66
37335,VALDELOSA,37,37274,SALAMANCA,386
37336,VALDEMIERQUE,37,37274,SALAMANCA,58
37337,VALDERRODRIGO,37,37376,VITIGUDINO,129
37338,VALDUNCIEL,37,37274,SALAMANCA,125
37339,VALERO,37,37046,BÉJAR,269
37340,VALSALABROSO,37,37376,VITIGUDINO,120
37341,VALVERDE DE VALDELACASA,37,37046,BÉJAR,57
37342,VALVERDÓN,37,37274,SALAMANCA,266
37343,VALLEJERA DE RIOFRÍO,37,37046,BÉJAR,67
37344,VECINOS,37,37274,SALAMANCA,231
37345,VEGA DE TIRADOS,37,37274,SALAMANCA,139
37346,LAS VEGUILLAS,37,37274,SALAMANCA,275
37347,LA VELLÉS,37,37274,SALAMANCA,566
37348,VENTOSA DEL RÍO ALMAR,37,37246,PEÑARANDA DE BRACAMONTE,97
37349,LA VÍDOLA,37,37376,VITIGUDINO,95
37350,VILVESTRE,37,37376,VITIGUDINO,374
37351,VILLAFLORES,37,37246,PEÑARANDA DE BRACAMONTE,255
37352,VILLAGONZALO DE TORMES,37,37274,SALAMANCA,212
37353,VILLALBA DE LOS LLANOS,37,37274,SALAMANCA,107
37354,VILLAMAYOR,37,37274,SALAMANCA,7728
37355,VILLANUEVA DEL CONDE,37,37046,BÉJAR,172
37356,VILLAR DE ARGAÑÁN,37,37107,CIUDAD RODRIGO,95
37357,VILLAR DE CIERVO,37,37107,CIUDAD RODRIGO,253
37358,VILLAR DE GALLIMAZO,37,37246,PEÑARANDA DE BRACAMONTE,192
37359,VILLAR DE LA YEGUA,37,37107,CIUDAD RODRIGO,151
37360,VILLAR DE PERALONSO,37,37376,VITIGUDINO,212
37361,VILLAR DE SAMANIEGO,37,37376,VITIGUDINO,79
37362,VILLARES DE LA REINA,37,37274,SALAMANCA,6784
37363,VILLARES DE YELTES,37,37376,VITIGUDINO,102
37364,VILLARINO DE LOS AIRES,37,37376,VITIGUDINO,727
37365,VILLARMAYOR,37,37274,SALAMANCA,139
37366,VILLARMUERTO,37,37376,VITIGUDINO,38
37367,VILLASBUENAS,37,37376,VITIGUDINO,158
37368,VILLASDARDO,37,37274,SALAMANCA,22
37369,VILLASECO DE LOS GAMITOS,37,37274,SALAMANCA,138
37370,VILLASECO DE LOS REYES,37,37274,SALAMANCA,296
37371,VILLASRUBIAS,37,37107,CIUDAD RODRIGO,231
37372,VILLAVERDE DE GUAREÑA,37,37274,SALAMANCA,128
37373,VILLAVIEJA DE YELTES,37,37376,VITIGUDINO,676
37374,VILLORIA,37,37246,PEÑARANDA DE BRACAMONTE,1239
37375,VILLORUELA,37,37246,PEÑARANDA DE BRACAMONTE,729
37376,VITIGUDINO,37,37376,VITIGUDINO,2344
37377,YECLA DE YELTES,37,37376,VITIGUDINO,223
37378,ZAMARRA,37,37107,CIUDAD RODRIGO,70
37379,ZAMAYÓN,37,37274,SALAMANCA,192
37380,ZARAPICOS,37,37274,SALAMANCA,50
37381,LA ZARZA DE PUMAREDA,37,37376,VITIGUDINO,131
37382,ZORITA DE LA FRONTERA,37,37246,PEÑARANDA DE BRACAMONTE,140
38001,ADEJE,38,38006,ARONA,50021
38002,AGULO,38,38036,SAN SEBASTIÁN DE LA GOMERA,1078
38003,ALAJERÓ,38,38036,SAN SEBASTIÁN DE LA GOMERA,2061
38004,ARAFO,38,38020,GÜÍMAR,5945
38005,ARICO,38,38017,GRANADILLA DE ABONA,9505
38006,ARONA,38,38006,ARONA,87793
38007,BARLOVENTO,38,38037,SANTA CRUZ DE LA PALMA,2108
38008,BREÑA ALTA,38,38037,SANTA CRUZ DE LA PALMA,7487
38009,BREÑA BAJA,38,38037,SANTA CRUZ DE LA PALMA,6159
38010,BUENAVISTA DEL NORTE,38,38022,ICOD DE LOS VINOS,4695
38011,CANDELARIA,38,38020,GÜÍMAR,29023
38012,FASNIA,38,38020,GÜÍMAR,3145
38013,FRONTERA,38,38048,VALVERDE,4660
38014,FUENCALIENTE DE LA PALMA,38,38024,LOS LLANOS DE ARIDANE,1965
38015,GARACHICO,38,38022,ICOD DE LOS VINOS,4940
38016,GARAFÍA,38,38024,LOS LLANOS DE ARIDANE,2015
38017,GRANADILLA DE ABONA,38,38017,GRANADILLA DE ABONA,58752
38018,LA GUANCHA,38,38022,ICOD DE LOS VINOS,5667
38019,GUÍA DE ISORA,38,38006,ARONA,22654
38020,GÜÍMAR,38,38020,GÜÍMAR,22009
38021,HERMIGUA,38,38036,SAN SEBASTIÁN DE LA GOMERA,1961
38022,ICOD DE LOS VINOS,38,38022,ICOD DE LOS VINOS,24616
38023,SAN CRISTÓBAL DE LA LAGUNA,38,38023,SAN CRISTÓBAL DE LA LAGUNA,161108
38024,LOS LLANOS DE ARIDANE,38,38024,LOS LLANOS DE ARIDANE,20582
38025,LA MATANZA DE ACENTEJO,38,38026,LA OROTAVA,9089
38026,LA OROTAVA,38,38026,LA OROTAVA,42514
38027,EL PASO,38,38024,LOS LLANOS DE ARIDANE,8290
38028,PUERTO DE LA CRUZ,38,38028,PUERTO DE LA CRUZ,31137
38029,PUNTAGORDA,38,38024,LOS LLANOS DE ARIDANE,2345
38030,PUNTALLANA,38,38037,SANTA CRUZ DE LA PALMA,2790
38031,LOS REALEJOS,38,38026,LA OROTAVA,37867
38032,EL ROSARIO,38,38038,SANTA CRUZ DE TENERIFE,17958
38033,SAN ANDRÉS Y SAUCES,38,38037,SANTA CRUZ DE LA PALMA,4350
38034,SAN JUAN DE LA RAMBLA,38,38026,LA OROTAVA,4987
38035,SAN MIGUEL DE ABONA,38,38017,GRANADILLA DE ABONA,23960
38036,SAN SEBASTIÁN DE LA GOMERA,38,38036,SAN SEBASTIÁN DE LA GOMERA,9574
38037,SANTA CRUZ DE LA PALMA,38,38037,SANTA CRUZ DE LA PALMA,15690
38038,SANTA CRUZ DE TENERIFE,38,38038,SANTA CRUZ DE TENERIFE,211957
38039,SANTA URSULA,38,38026,LA OROTAVA,15429
38040,SANTIAGO DEL TEIDE,38,38006,ARONA,12582
38041,EL SAUZAL,38,38023,SAN CRISTÓBAL DE LA LAGUNA,9345
38042,LOS SILOS,38,38022,ICOD DE LOS VINOS,4773
38043,TACORONTE,38,38023,SAN CRISTÓBAL DE LA LAGUNA,24619
38044,EL TANQUE,38,38022,ICOD DE LOS VINOS,2787
38045,TAZACORTE,38,38024,LOS LLANOS DE ARIDANE,4549
38046,TEGUESTE,38,38023,SAN CRISTÓBAL DE LA LAGUNA,11490
38047,TIJARAFE,38,38024,LOS LLANOS DE ARIDANE,2733
38048,VALVERDE,38,38048,VALVERDE,5338
38049,VALLE GRAN REY,38,38036,SAN SEBASTIÁN DE LA GOMERA,4830
38050,VALLEHERMOSO,38,38036,SAN SEBASTIÁN DE LA GOMERA,2938
38051,LA VICTORIA DE ACENTEJO,38,38026,LA OROTAVA,9448
38052,VILAFLOR DE CHASNA,38,38017,GRANADILLA DE ABONA,1930
38053,VILLA DE MAZO,38,38037,SANTA CRUZ DE LA PALMA,5131
38901,EL PINAR DE EL HIERRO,38,38048,VALVERDE,2042
39001,ALFOZ DE LLOREDO,39,39087,TORRELAVEGA,2500
39002,AMPUERO,39,39035,LAREDO,4518
39003,ANIEVAS,39,39087,TORRELAVEGA,274
39004,ARENAS DE IGUÑA,39,39087,TORRELAVEGA,1735
39005,ARGOÑOS,39,39079,SANTOÑA,1884
39006,ARNUERO,39,39079,SANTOÑA,2300
39007,ARREDONDO,39,39035,LAREDO,478
39008,EL ASTILLERO,39,39075,SANTANDER,18448
39009,BÁRCENA DE CICERO,39,39079,SANTOÑA,4907
39010,BÁRCENA DE PIE DE CONCHA,39,39087,TORRELAVEGA,675
39011,BAREYO,39,39079,SANTOÑA,2124
39012,CABEZÓN DE LA SAL,39,39087,TORRELAVEGA,8226
39013,CABEZÓN DE LIÉBANA,39,39080,SAN VICENTE DE LA BARQUERA,530
39014,CABUÉRNIGA,39,39087,TORRELAVEGA,976
39015,CAMALEÑO,39,39080,SAN VICENTE DE LA BARQUERA,964
39016,CAMARGO,39,39075,SANTANDER,30577
39017,CAMPOO DE YUSO,39,39059,REINOSA,680
39018,CARTES,39,39087,TORRELAVEGA,5874
39019,CASTAÑEDA,39,39042,MEDIO CUDEYO,3290
39020,CASTRO-URDIALES,39,39020,CASTRO-URDIALES,33450
39021,CIEZA,39,39087,TORRELAVEGA,528
39022,CILLORIGO DE LIÉBANA,39,39080,SAN VICENTE DE LA BARQUERA,1386
39023,COLINDRES,39,39035,LAREDO,8570
39024,COMILLAS,39,39080,SAN VICENTE DE LA BARQUERA,2075
39025,LOS CORRALES DE BUELNA,39,39087,TORRELAVEGA,10958
39026,CORVERA DE TORANZO,39,39042,MEDIO CUDEYO,2204
39027,CAMPOO DE ENMEDIO,39,39059,REINOSA,3729
39028,ENTRAMBASAGUAS,39,39042,MEDIO CUDEYO,5693
39029,ESCALANTE,39,39079,SANTOÑA,716
39030,GURIEZO,39,39020,CASTRO-URDIALES,2496
39031,HAZAS DE CESTO,39,39079,SANTOÑA,1957
39032,HERMANDAD DE CAMPOO DE SUSO,39,39059,REINOSA,1619
39033,HERRERÍAS,39,39080,SAN VICENTE DE LA BARQUERA,570
39034,LAMASÓN,39,39080,SAN VICENTE DE LA BARQUERA,237
39035,LAREDO,39,39035,LAREDO,10698
39036,LIENDO,39,39035,LAREDO,1218
39037,LIÉRGANES,39,39042,MEDIO CUDEYO,2365
39038,LIMPIAS,39,39035,LAREDO,1983
39039,LUENA,39,39042,MEDIO CUDEYO,600
39040,MARINA DE CUDEYO,39,39042,MEDIO CUDEYO,5221
39041,MAZCUERRAS,39,39087,TORRELAVEGA,2068
39042,MEDIO CUDEYO,39,39042,MEDIO CUDEYO,7775
39043,MERUELO,39,39079,SANTOÑA,2321
39044,MIENGO,39,39087,TORRELAVEGA,5265
39045,MIERA,39,39042,MEDIO CUDEYO,397
39046,MOLLEDO,39,39087,TORRELAVEGA,1482
39047,NOJA,39,39079,SANTOÑA,2661
39048,PENAGOS,39,39042,MEDIO CUDEYO,2253
39049,PEÑARRUBIA,39,39080,SAN VICENTE DE LA BARQUERA,301
39050,PESAGUERO,39,39080,SAN VICENTE DE LA BARQUERA,275
39051,PESQUERA,39,39059,REINOSA,72
39052,PIÉLAGOS,39,39075,SANTANDER,26901
39053,POLACIONES,39,39080,SAN VICENTE DE LA BARQUERA,209
39054,POLANCO,39,39087,TORRELAVEGA,6304
39055,POTES,39,39080,SAN VICENTE DE LA BARQUERA,1323
39056,PUENTE VIESGO,39,39042,MEDIO CUDEYO,2893
39057,RAMALES DE LA VICTORIA,39,39035,LAREDO,3099
39058,RASINES,39,39035,LAREDO,980
39059,REINOSA,39,39059,REINOSA,8570
39060,REOCÍN,39,39087,TORRELAVEGA,8389
39061,RIBAMONTÁN AL MAR,39,39079,SANTOÑA,4605
39062,RIBAMONTÁN AL MONTE,39,39079,SANTOÑA,2535
39063,RIONANSA,39,39080,SAN VICENTE DE LA BARQUERA,1022
39064,RIOTUERTO,39,39042,MEDIO CUDEYO,1682
39065,LAS ROZAS DE VALDEARROYO,39,39059,REINOSA,258
39066,RUENTE,39,39087,TORRELAVEGA,1083
39067,RUESGA,39,39035,LAREDO,810
39068,RUILOBA,39,39080,SAN VICENTE DE LA BARQUERA,769
39069,SAN FELICES DE BUELNA,39,39087,TORRELAVEGA,2379
39070,SAN MIGUEL DE AGUAYO,39,39059,REINOSA,164
39071,SAN PEDRO DEL ROMERAL,39,39042,MEDIO CUDEYO,432
39072,SAN ROQUE DE RIOMIERA,39,39042,MEDIO CUDEYO,333
39073,SANTA CRUZ DE BEZANA,39,39075,SANTANDER,13904
39074,SANTA MARÍA DE CAYÓN,39,39042,MEDIO CUDEYO,9538
39075,SANTANDER,39,39075,SANTANDER,175425
39076,SANTILLANA DEL MAR,39,39087,TORRELAVEGA,4189
39077,SANTIURDE DE REINOSA,39,39059,REINOSA,254
39078,SANTIURDE DE TORANZO,39,39042,MEDIO CUDEYO,1726
39079,SANTOÑA,39,39079,SANTOÑA,10835
39080,SAN VICENTE DE LA BARQUERA,39,39080,SAN VICENTE DE LA BARQUERA,3995
39081,SARO,39,39042,MEDIO CUDEYO,480
39082,SELAYA,39,39042,MEDIO CUDEYO,1868
39083,SOBA,39,39035,LAREDO,1057
39084,SOLÓRZANO,39,39079,SANTOÑA,1144
39085,SUANCES,39,39087,TORRELAVEGA,9034
39086,LOS TOJOS,39,39087,TORRELAVEGA,369
39087,TORRELAVEGA,39,39087,TORRELAVEGA,51796
39088,TRESVISO,39,39080,SAN VICENTE DE LA BARQUERA,52
39089,TUDANCA,39,39080,SAN VICENTE DE LA BARQUERA,154
39090,UDÍAS,39,39080,SAN VICENTE DE LA BARQUERA,960
39091,VALDÁLIGA,39,39080,SAN VICENTE DE LA BARQUERA,2135
39092,VALDEOLEA,39,39059,REINOSA,869
39093,VALDEPRADO DEL RÍO,39,39059,REINOSA,306
39094,VALDERREDIBLE,39,39059,REINOSA,922
39095,VAL DE SAN VICENTE,39,39080,SAN VICENTE DE LA BARQUERA,2775
39096,VEGA DE LIÉBANA,39,39080,SAN VICENTE DE LA BARQUERA,676
39097,VEGA DE PAS,39,39042,MEDIO CUDEYO,776
39098,VILLACARRIEDO,39,39042,MEDIO CUDEYO,1670
39099,VILLAESCUSA,39,39075,SANTANDER,3970
39100,VILLAFUFRE,39,39042,MEDIO CUDEYO,1022
39101,VALLE DE VILLAVERDE,39,39020,CASTRO-URDIALES,249
39102,VOTO,39,39035,LAREDO,2971
40001,ABADES,40,40194,SEGOVIA,849
40002,ADRADA DE PIRÓN,40,40194,SEGOVIA,39
40003,ADRADOS,40,40063,CUÉLLAR,113
40004,AGUILAFUENTE,40,40063,CUÉLLAR,564
40005,ALCONADA DE MADERUELO,40,40195,SEPÚLVEDA,23
40006,ALDEALCORVO,40,40195,SEPÚLVEDA,15
40007,ALDEALENGUA DE PEDRAZA,40,40194,SEGOVIA,78
40008,ALDEALENGUA DE SANTA MARÍA,40,40195,SEPÚLVEDA,50
40009,ALDEANUEVA DE LA SERREZUELA,40,40195,SEPÚLVEDA,42
40010,ALDEANUEVA DEL CODONAL,40,40185,SANTA MARÍA LA REAL DE NIEVA,105
40012,ALDEA REAL,40,40194,SEGOVIA,275
40013,ALDEASOÑA,40,40195,SEPÚLVEDA,61
40014,ALDEHORNO,40,40195,SEPÚLVEDA,64
40015,ALDEHUELA DEL CODONAL,40,40185,SANTA MARÍA LA REAL DE NIEVA,24
40016,ALDEONTE,40,40195,SEPÚLVEDA,55
40017,ANAYA,40,40185,SANTA MARÍA LA REAL DE NIEVA,111
40018,AÑE,40,40185,SANTA MARÍA LA REAL DE NIEVA,67
40019,ARAHUETES,40,40195,SEPÚLVEDA,31
40020,ARCONES,40,40194,SEGOVIA,179
40021,AREVALILLO DE CEGA,40,40195,SEPÚLVEDA,18
40022,ARMUÑA,40,40185,SANTA MARÍA LA REAL DE NIEVA,253
40024,AYLLÓN,40,40195,SEPÚLVEDA,1110
40025,BARBOLLA,40,40195,SEPÚLVEDA,142
40026,BASARDILLA,40,40194,SEGOVIA,136
40028,BERCIAL,40,40185,SANTA MARÍA LA REAL DE NIEVA,102
40029,BERCIMUEL,40,40195,SEPÚLVEDA,34
40030,BERNARDOS,40,40185,SANTA MARÍA LA REAL DE NIEVA,462
40031,BERNUY DE PORREROS,40,40194,SEGOVIA,1342
40032,BOCEGUILLAS,40,40195,SEPÚLVEDA,746
40033,BRIEVA,40,40194,SEGOVIA,93
40034,CABALLAR,40,40195,SEPÚLVEDA,78
40035,CABAÑAS DE POLENDOS,40,40194,SEGOVIA,202
40036,CABEZUELA,40,40195,SEPÚLVEDA,655
40037,CALABAZAS DE FUENTIDUEÑA,40,40195,SEPÚLVEDA,23
40039,CAMPO DE SAN PEDRO,40,40195,SEPÚLVEDA,257
40040,CANTALEJO,40,40195,SEPÚLVEDA,3619
40041,CANTIMPALOS,40,40194,SEGOVIA,1533
40043,CARBONERO EL MAYOR,40,40185,SANTA MARÍA LA REAL DE NIEVA,2463
40044,CARRASCAL DEL RÍO,40,40195,SEPÚLVEDA,143
40045,CASLA,40,40194,SEGOVIA,155
40046,CASTILLEJO DE MESLEÓN,40,40195,SEPÚLVEDA,119
40047,CASTRO DE FUENTIDUEÑA,40,40195,SEPÚLVEDA,41
40048,CASTROJIMENO,40,40195,SEPÚLVEDA,27
40049,CASTROSERNA DE ABAJO,40,40195,SEPÚLVEDA,31
40051,CASTROSERRACÍN,40,40195,SEPÚLVEDA,24
40052,CEDILLO DE LA TORRE,40,40195,SEPÚLVEDA,80
40053,CEREZO DE ABAJO,40,40195,SEPÚLVEDA,150
40054,CEREZO DE ARRIBA,40,40195,SEPÚLVEDA,119
40055,CILLERUELO DE SAN MAMÉS,40,40195,SEPÚLVEDA,41
40056,COBOS DE FUENTIDUEÑA,40,40195,SEPÚLVEDA,25
40057,COCA,40,40185,SANTA MARÍA LA REAL DE NIEVA,1706
40058,CODORNIZ,40,40185,SANTA MARÍA LA REAL DE NIEVA,294
40059,COLLADO HERMOSO,40,40194,SEGOVIA,116
40060,CONDADO DE CASTILNOVO,40,40195,SEPÚLVEDA,74
40061,CORRAL DE AYLLÓN,40,40195,SEPÚLVEDA,76
40062,CUBILLO,40,40195,SEPÚLVEDA,74
40063,CUÉLLAR,40,40063,CUÉLLAR,9527
40065,CHAÑE,40,40063,CUÉLLAR,739
40068,DOMINGO GARCÍA,40,40185,SANTA MARÍA LA REAL DE NIEVA,29
40069,DONHIERRO,40,40185,SANTA MARÍA LA REAL DE NIEVA,73
40070,DURUELO,40,40195,SEPÚLVEDA,172
40071,ENCINAS,40,40195,SEPÚLVEDA,39
40072,ENCINILLAS,40,40194,SEGOVIA,358
40073,ESCALONA DEL PRADO,40,40194,SEGOVIA,475
40074,ESCARABAJOSA DE CABEZAS,40,40194,SEGOVIA,269
40075,ESCOBAR DE POLENDOS,40,40194,SEGOVIA,172
40076,EL ESPINAR,40,40194,SEGOVIA,10409
40077,ESPIRDO,40,40194,SEGOVIA,1613
40078,FRESNEDA DE CUÉLLAR,40,40063,CUÉLLAR,162
40079,FRESNO DE CANTESPINO,40,40195,SEPÚLVEDA,290
40080,FRESNO DE LA FUENTE,40,40195,SEPÚLVEDA,75
40081,FRUMALES,40,40063,CUÉLLAR,120
40082,FUENTE DE SANTA CRUZ,40,40185,SANTA MARÍA LA REAL DE NIEVA,105
40083,FUENTE EL OLMO DE FUENTIDUEÑA,40,40063,CUÉLLAR,396
40084,FUENTE EL OLMO DE ISCAR,40,40063,CUÉLLAR,51
40086,FUENTEPELAYO,40,40063,CUÉLLAR,764
40087,FUENTEPIÑEL,40,40063,CUÉLLAR,63
40088,FUENTERREBOLLO,40,40195,SEPÚLVEDA,313
40089,FUENTESAÚCO DE FUENTIDUEÑA,40,40063,CUÉLLAR,216
40091,FUENTESOTO,40,40195,SEPÚLVEDA,96
40092,FUENTIDUEÑA,40,40195,SEPÚLVEDA,125
40093,GALLEGOS,40,40194,SEGOVIA,96
40094,GARCILLÁN,40,40185,SANTA MARÍA LA REAL DE NIEVA,513
40095,GOMEZSERRACÍN,40,40063,CUÉLLAR,614
40097,GRAJERA,40,40195,SEPÚLVEDA,252
40099,HONRUBIA DE LA CUESTA,40,40195,SEPÚLVEDA,49
40100,HONTALBILLA,40,40063,CUÉLLAR,277
40101,HONTANARES DE ERESMA,40,40194,SEGOVIA,1680
40103,LOS HUERTOS,40,40194,SEGOVIA,173
40104,ITUERO Y LAMA,40,40185,SANTA MARÍA LA REAL DE NIEVA,492
40105,JUARROS DE RIOMOROS,40,40185,SANTA MARÍA LA REAL DE NIEVA,53
40106,JUARROS DE VOLTOYA,40,40185,SANTA MARÍA LA REAL DE NIEVA,185
40107,LABAJOS,40,40185,SANTA MARÍA LA REAL DE NIEVA,105
40108,LAGUNA DE CONTRERAS,40,40195,SEPÚLVEDA,111
40109,LANGUILLA,40,40195,SEPÚLVEDA,79
40110,LASTRAS DE CUÉLLAR,40,40063,CUÉLLAR,295
40111,LASTRAS DEL POZO,40,40185,SANTA MARÍA LA REAL DE NIEVA,55
40112,LA LASTRILLA,40,40194,SEGOVIA,4781
40113,LA LOSA,40,40194,SEGOVIA,543
40115,MADERUELO,40,40195,SEPÚLVEDA,100
40118,MARAZUELA,40,40185,SANTA MARÍA LA REAL DE NIEVA,58
40119,MARTÍN MIGUEL,40,40185,SANTA MARÍA LA REAL DE NIEVA,276
40120,MARTÍN MUÑOZ DE LA DEHESA,40,40185,SANTA MARÍA LA REAL DE NIEVA,309
40121,MARTÍN MUÑOZ DE LAS POSADAS,40,40185,SANTA MARÍA LA REAL DE NIEVA,251
40122,MARUGÁN,40,40185,SANTA MARÍA LA REAL DE NIEVA,775
40123,MATABUENA,40,40194,SEGOVIA,204
40124,MATA DE CUÉLLAR,40,40063,CUÉLLAR,261
40125,LA MATILLA,40,40195,SEPÚLVEDA,72
40126,MELQUE DE CERCOS,40,40185,SANTA MARÍA LA REAL DE NIEVA,58
40127,MEMBIBRE DE LA HOZ,40,40063,CUÉLLAR,42
40128,MIGUELÁÑEZ,40,40185,SANTA MARÍA LA REAL DE NIEVA,136
40129,MONTEJO DE ARÉVALO,40,40185,SANTA MARÍA LA REAL DE NIEVA,158
40130,MONTEJO DE LA VEGA DE LA SERREZUELA,40,40195,SEPÚLVEDA,121
40131,MONTERRUBIO,40,40185,SANTA MARÍA LA REAL DE NIEVA,51
40132,MORAL DE HORNUEZ,40,40195,SEPÚLVEDA,38
40134,MOZONCILLO,40,40194,SEGOVIA,916
40135,MUÑOPEDRO,40,40185,SANTA MARÍA LA REAL DE NIEVA,298
40136,MUÑOVEROS,40,40195,SEPÚLVEDA,138
40138,NAVA DE LA ASUNCIÓN,40,40185,SANTA MARÍA LA REAL DE NIEVA,2806
40139,NAVAFRÍA,40,40194,SEGOVIA,282
40140,NAVALILLA,40,40195,SEPÚLVEDA,90
40141,NAVALMANZANO,40,40063,CUÉLLAR,1041
40142,NAVARES DE AYUSO,40,40195,SEPÚLVEDA,58
40143,NAVARES DE ENMEDIO,40,40195,SEPÚLVEDA,90
40144,NAVARES DE LAS CUEVAS,40,40195,SEPÚLVEDA,22
40145,NAVAS DE ORO,40,40185,SANTA MARÍA LA REAL DE NIEVA,1305
40146,NAVAS DE SAN ANTONIO,40,40194,SEGOVIA,368
40148,NIEVA,40,40185,SANTA MARÍA LA REAL DE NIEVA,256
40149,OLOMBRADA,40,40063,CUÉLLAR,490
40150,OREJANA,40,40195,SEPÚLVEDA,61
40151,ORTIGOSA DE PESTAÑO,40,40185,SANTA MARÍA LA REAL DE NIEVA,51
40152,OTERO DE HERREROS,40,40194,SEGOVIA,987
40154,PAJAREJOS,40,40195,SEPÚLVEDA,22
40155,PALAZUELOS DE ERESMA,40,40194,SEGOVIA,6107
40156,PEDRAZA,40,40194,SEGOVIA,335
40157,PELAYOS DEL ARROYO,40,40194,SEGOVIA,45
40158,PEROSILLO,40,40063,CUÉLLAR,21
40159,PINAREJOS,40,40063,CUÉLLAR,205
40160,PINARNEGRILLO,40,40063,CUÉLLAR,98
40161,CARABIAS,40,40195,SEPÚLVEDA,55
40162,PRÁDENA,40,40194,SEGOVIA,473
40163,PUEBLA DE PEDRAZA,40,40195,SEPÚLVEDA,56
40164,RAPARIEGOS,40,40185,SANTA MARÍA LA REAL DE NIEVA,187
40165,REBOLLO,40,40195,SEPÚLVEDA,70
40166,REMONDO,40,40063,CUÉLLAR,329
40168,RIAGUAS DE SAN BARTOLOMÉ,40,40195,SEPÚLVEDA,28
40170,RIAZA,40,40195,SEPÚLVEDA,2128
40171,RIBOTA,40,40195,SEPÚLVEDA,40
40172,RIOFRÍO DE RIAZA,40,40195,SEPÚLVEDA,29
40173,RODA DE ERESMA,40,40194,SEGOVIA,260
40174,SACRAMENIA,40,40195,SEPÚLVEDA,324
40176,SAMBOAL,40,40063,CUÉLLAR,459
40177,SAN CRISTÓBAL DE CUÉLLAR,40,40063,CUÉLLAR,161
40178,SAN CRISTÓBAL DE LA VEGA,40,40185,SANTA MARÍA LA REAL DE NIEVA,81
40179,SANCHONUÑO,40,40063,CUÉLLAR,1053
40180,SANGARCÍA,40,40185,SANTA MARÍA LA REAL DE NIEVA,281
40181,REAL SITIO DE SAN ILDEFONSO,40,40194,SEGOVIA,5217
40182,SAN MARTÍN Y MUDRIÁN,40,40063,CUÉLLAR,263
40183,SAN MIGUEL DE BERNUY,40,40195,SEPÚLVEDA,119
40184,SAN PEDRO DE GAÍLLOS,40,40195,SEPÚLVEDA,315
40185,SANTA MARÍA LA REAL DE NIEVA,40,40185,SANTA MARÍA LA REAL DE NIEVA,906
40186,SANTA MARTA DEL CERRO,40,40195,SEPÚLVEDA,45
40188,SANTIUSTE DE PEDRAZA,40,40194,SEGOVIA,81
40189,SANTIUSTE DE SAN JUAN BAUTISTA,40,40185,SANTA MARÍA LA REAL DE NIEVA,534
40190,SANTO DOMINGO DE PIRÓN,40,40194,SEGOVIA,51
40191,SANTO TOMÉ DEL PUERTO,40,40195,SEPÚLVEDA,230
40192,SAUQUILLO DE CABEZAS,40,40195,SEPÚLVEDA,135
40193,SEBÚLCOR,40,40195,SEPÚLVEDA,239
40194,SEGOVIA,40,40194,SEGOVIA,52375
40195,SEPÚLVEDA,40,40195,SEPÚLVEDA,979
40196,SEQUERA DE FRESNO,40,40195,SEPÚLVEDA,42
40198,SOTILLO,40,40195,SEPÚLVEDA,31
40199,SOTOSALBOS,40,40194,SEGOVIA,132
40200,TABANERA LA LUENGA,40,40194,SEGOVIA,51
40201,TOLOCIRIO,40,40185,SANTA MARÍA LA REAL DE NIEVA,38
40202,TORREADRADA,40,40195,SEPÚLVEDA,53
40203,TORRECABALLEROS,40,40194,SEGOVIA,1505
40204,TORRECILLA DEL PINAR,40,40063,CUÉLLAR,188
40205,TORREIGLESIAS,40,40194,SEGOVIA,257
40206,TORRE VAL DE SAN PEDRO,40,40194,SEGOVIA,165
40207,TRESCASAS,40,40194,SEGOVIA,1130
40208,TURÉGANO,40,40195,SEPÚLVEDA,1007
40210,URUEÑAS,40,40195,SEPÚLVEDA,105
40211,VALDEPRADOS,40,40194,SEGOVIA,63
40212,VALDEVACAS DE MONTEJO,40,40195,SEPÚLVEDA,29
40213,VALDEVACAS Y GUIJAR,40,40195,SEPÚLVEDA,83
40214,VALSECA,40,40194,SEGOVIA,208
40215,VALTIENDAS,40,40195,SEPÚLVEDA,75
40216,VALVERDE DEL MAJANO,40,40194,SEGOVIA,1097
40218,VALLE DE TABLADILLO,40,40195,SEPÚLVEDA,78
40219,VALLELADO,40,40063,CUÉLLAR,750
40220,VALLERUELA DE PEDRAZA,40,40195,SEPÚLVEDA,61
40221,VALLERUELA DE SEPÚLVEDA,40,40195,SEPÚLVEDA,48
40222,VEGANZONES,40,40195,SEPÚLVEDA,211
40223,VEGAS DE MATUTE,40,40194,SEGOVIA,370
40224,VENTOSILLA Y TEJADILLA,40,40195,SEPÚLVEDA,17
40225,VILLACASTÍN,40,40185,SANTA MARÍA LA REAL DE NIEVA,1567
40228,VILLAVERDE DE ISCAR,40,40063,CUÉLLAR,579
40229,VILLAVERDE DE MONTEJO,40,40195,SEPÚLVEDA,22
40230,VILLEGUILLO,40,40185,SANTA MARÍA LA REAL DE NIEVA,129
40231,YANGUAS DE ERESMA,40,40194,SEGOVIA,117
40233,ZARZUELA DEL MONTE,40,40194,SEGOVIA,507
40234,ZARZUELA DEL PINAR,40,40063,CUÉLLAR,408
40901,ORTIGOSA DEL MONTE,40,40194,SEGOVIA,608
40902,COZUELOS DE FUENTIDUEÑA,40,40063,CUÉLLAR,102
40903,MARAZOLEJA,40,40185,SANTA MARÍA LA REAL DE NIEVA,98
40904,NAVAS DE RIOFRÍO,40,40194,SEGOVIA,430
40905,CUEVAS DE PROVANCO,40,40195,SEPÚLVEDA,131
40906,SAN CRISTOBAL DE SEGOVIA,40,40194,SEGOVIA,3161
41001,AGUADULCE,41,41041,ESTEPA,2109
41002,ALANÍS,41,41032,CAZALLA DE LA SIERRA,1638
41003,ALBAIDA DEL ALJARAFE,41,41087,SANLÚCAR LA MAYOR,3220
41004,ALCALÁ DE GUADAÍRA,41,41004,ALCALÁ DE GUADAÍRA,77474
41005,ALCALÁ DEL RÍO,41,41091,SEVILLA,12335
41006,ALCOLEA DEL RÍO,41,41055,LORA DEL RIO,3265
41007,LA ALGABA,41,41091,SEVILLA,16803
41008,ALGÁMITAS,41,41068,OSUNA,1258
41009,ALMADÉN DE LA PLATA,41,41032,CAZALLA DE LA SIERRA,1328
41010,ALMENSILLA,41,41034,CORIA DEL RÍO,6646
41011,ARAHAL,41,41060,MARCHENA,19546
41012,AZNALCÁZAR,41,41087,SANLÚCAR LA MAYOR,4875
41013,AZNALCÓLLAR,41,41087,SANLÚCAR LA MAYOR,6096
41014,BADOLATOSA,41,41041,ESTEPA,3058
41015,BENACAZÓN,41,41087,SANLÚCAR LA MAYOR,7363
41016,BOLLULLOS DE LA MITACIÓN,41,41087,SANLÚCAR LA MAYOR,11431
41017,BORMUJOS,41,41091,SEVILLA,23071
41018,BRENES,41,41055,LORA DEL RIO,12975
41019,BURGUILLOS,41,41091,SEVILLA,7448
41020,LAS CABEZAS DE SAN JUAN,41,41053,LEBRIJA,16388
41021,CAMAS,41,41091,SEVILLA,29089
41022,LA CAMPANA,41,41055,LORA DEL RIO,5122
41023,CANTILLANA,41,41055,LORA DEL RIO,10780
41024,CARMONA,41,41024,CARMONA,30240
41025,CARRIÓN DE LOS CÉSPEDES,41,41087,SANLÚCAR LA MAYOR,2647
41026,CASARICHE,41,41041,ESTEPA,5291
41027,CASTILBLANCO DE LOS ARROYOS,41,41091,SEVILLA,5145
41028,CASTILLEJA DE GUZMÁN,41,41091,SEVILLA,2843
41029,CASTILLEJA DE LA CUESTA,41,41091,SEVILLA,17074
41030,CASTILLEJA DEL CAMPO,41,41087,SANLÚCAR LA MAYOR,611
41031,EL CASTILLO DE LAS GUARDAS,41,41091,SEVILLA,1501
41032,CAZALLA DE LA SIERRA,41,41032,CAZALLA DE LA SIERRA,4626
41033,CONSTANTINA,41,41032,CAZALLA DE LA SIERRA,5745
41034,CORIA DEL RÍO,41,41034,CORIA DEL RÍO,31278
41035,CORIPE,41,41065,MORÓN DE LA FRONTERA,1218
41036,EL CORONIL,41,41095,UTRERA,4659
41037,LOS CORRALES,41,41068,OSUNA,4021
41038,DOS HERMANAS,41,41038,DOS HERMANAS,142519
41039,ÉCIJA,41,41039,ÉCIJA,39659
41040,ESPARTINAS,41,41087,SANLÚCAR LA MAYOR,16479
41041,ESTEPA,41,41041,ESTEPA,12430
41042,FUENTES DE ANDALUCÍA,41,41039,ÉCIJA,7247
41043,EL GARROBO,41,41091,SEVILLA,800
41044,GELVES,41,41091,SEVILLA,10548
41045,GERENA,41,41091,SEVILLA,7971
41046,GILENA,41,41041,ESTEPA,3647
41047,GINES,41,41091,SEVILLA,13634
41048,GUADALCANAL,41,41032,CAZALLA DE LA SIERRA,2544
41049,GUILLENA,41,41091,SEVILLA,14260
41050,HERRERA,41,41041,ESTEPA,6575
41051,HUÉVAR DEL ALJARAFE,41,41087,SANLÚCAR LA MAYOR,3388
41052,LANTEJUELA,41,41068,OSUNA,3857
41053,LEBRIJA,41,41053,LEBRIJA,27788
41054,LORA DE ESTEPA,41,41041,ESTEPA,890
41055,LORA DEL RÍO,41,41055,LORA DEL RIO,18122
41056,LA LUISIANA,41,41039,ÉCIJA,4618
41057,EL MADROÑO,41,41091,SEVILLA,286
41058,MAIRENA DEL ALCOR,41,41024,CARMONA,24339
41059,MAIRENA DEL ALJARAFE,41,41091,SEVILLA,48017
41060,MARCHENA,41,41060,MARCHENA,19405
41061,MARINALEDA,41,41041,ESTEPA,2562
41062,MARTÍN DE LA JARA,41,41068,OSUNA,2627
41063,LOS MOLARES,41,41095,UTRERA,3659
41064,MONTELLANO,41,41065,MORÓN DE LA FRONTERA,7032
41065,MORÓN DE LA FRONTERA,41,41065,MORÓN DE LA FRONTERA,27210
41066,LAS NAVAS DE LA CONCEPCIÓN,41,41032,CAZALLA DE LA SIERRA,1501
41067,OLIVARES,41,41087,SANLÚCAR LA MAYOR,9537
41068,OSUNA,41,41068,OSUNA,17396
41069,LOS PALACIOS Y VILLAFRANCA,41,41095,UTRERA,38761
41070,PALOMARES DEL RÍO,41,41034,CORIA DEL RÍO,9421
41071,PARADAS,41,41060,MARCHENA,6762
41072,PEDRERA,41,41041,ESTEPA,5057
41073,EL PEDROSO,41,41032,CAZALLA DE LA SIERRA,2062
41074,PEÑAFLOR,41,41055,LORA DEL RIO,3628
41075,PILAS,41,41087,SANLÚCAR LA MAYOR,14222
41076,PRUNA,41,41065,MORÓN DE LA FRONTERA,2461
41077,LA PUEBLA DE CAZALLA,41,41065,MORÓN DE LA FRONTERA,10830
41078,LA PUEBLA DE LOS INFANTES,41,41055,LORA DEL RIO,2949
41079,LA PUEBLA DEL RÍO,41,41034,CORIA DEL RÍO,11903
41080,EL REAL DE LA JARA,41,41032,CAZALLA DE LA SIERRA,1517
41081,LA RINCONADA,41,41091,SEVILLA,40724
41082,LA RODA DE ANDALUCÍA,41,41041,ESTEPA,4168
41083,EL RONQUILLO,41,41091,SEVILLA,1453
41084,EL RUBIO,41,41068,OSUNA,3287
41085,SALTERAS,41,41087,SANLÚCAR LA MAYOR,5604
41086,SAN JUAN DE AZNALFARACHE,41,41091,SEVILLA,23408
41087,SANLÚCAR LA MAYOR,41,41087,SANLÚCAR LA MAYOR,14648
41088,SAN NICOLÁS DEL PUERTO,41,41032,CAZALLA DE LA SIERRA,604
41089,SANTIPONCE,41,41091,SEVILLA,8634
41090,EL SAUCEJO,41,41068,OSUNA,4189
41091,SEVILLA,41,41091,SEVILLA,689423
41092,TOCINA,41,41055,LORA DEL RIO,9431
41093,TOMARES,41,41091,SEVILLA,25432
41094,UMBRETE,41,41087,SANLÚCAR LA MAYOR,9455
41095,UTRERA,41,41095,UTRERA,52403
41096,VALENCINA DE LA CONCEPCIÓN,41,41091,SEVILLA,8050
41097,VILLAMANRIQUE DE LA CONDESA,41,41087,SANLÚCAR LA MAYOR,4694
41098,VILLANUEVA DEL ARISCAL,41,41087,SANLÚCAR LA MAYOR,6965
41099,VILLANUEVA DEL RÍO Y MINAS,41,41055,LORA DEL RIO,5073
41100,VILLANUEVA DE SAN JUAN,41,41068,OSUNA,986
41101,VILLAVERDE DEL RÍO,41,41055,LORA DEL RIO,7885
41102,EL VISO DEL ALCOR,41,41024,CARMONA,19458
41901,CAÑADA ROSAL,41,41039,ÉCIJA,3481
41902,ISLA MAYOR,41,41034,CORIA DEL RÍO,5748
41903,EL CUERVO DE SEVILLA,41,41053,LEBRIJA,8783
41904,EL PALMAR DE TROYA,41,41095,UTRERA,2301
42001,ABEJAR,42,42173,SORIA,287
42003,ADRADAS,42,42020,ALMAZÁN,65
42004,AGREDA,42,42173,SORIA,3133
42006,ALCONABA,42,42173,SORIA,198
42007,ALCUBILLA DE AVELLANEDA,42,42043,BURGO DE OSMA - CIUDAD DE OSMA,111
42008,ALCUBILLA DE LAS PEÑAS,42,42020,ALMAZÁN,61
42009,ALDEALAFUENTE,42,42173,SORIA,85
42010,ALDEALICES,42,42173,SORIA,22
42011,ALDEALPOZO,42,42173,SORIA,18
42012,ALDEALSEÑOR,42,42173,SORIA,29
42013,ALDEHUELA DE PERIÁÑEZ,42,42173,SORIA,27
42014,LAS ALDEHUELAS,42,42173,SORIA,58
42015,ALENTISQUE,42,42020,ALMAZÁN,23
42016,ALIUD,42,42173,SORIA,20
42017,ALMAJANO,42,42173,SORIA,179
42018,ALMALUEZ,42,42020,ALMAZÁN,113
42019,ALMARZA,42,42173,SORIA,601
42020,ALMAZÁN,42,42020,ALMAZÁN,5544
42021,ALMAZUL,42,42173,SORIA,61
42022,ALMENAR DE SORIA,42,42173,SORIA,233
42023,ALPANSEQUE,42,42020,ALMAZÁN,52
42024,ARANCÓN,42,42173,SORIA,73
42025,ARCOS DE JALÓN,42,42020,ALMAZÁN,1531
42026,ARENILLAS,42,42020,ALMAZÁN,29
42027,ARÉVALO DE LA SIERRA,42,42173,SORIA,71
42028,AUSEJO DE LA SIERRA,42,42173,SORIA,113
42029,BARAONA,42,42020,ALMAZÁN,117
42030,BARCA,42,42020,ALMAZÁN,116
42031,BARCONES,42,42020,ALMAZÁN,25
42032,BAYUBAS DE ABAJO,42,42020,ALMAZÁN,148
42033,BAYUBAS DE ARRIBA,42,42020,ALMAZÁN,56
42034,BERATÓN,42,42173,SORIA,38
42035,BERLANGA DE DUERO,42,42020,ALMAZÁN,810
42036,BLACOS,42,42043,BURGO DE OSMA - CIUDAD DE OSMA,36
42037,BLIECOS,42,42173,SORIA,25
42038,BORJABAD,42,42020,ALMAZÁN,29
42039,BOROBIA,42,42173,SORIA,218
42041,BUBEROS,42,42173,SORIA,27
42042,BUITRAGO,42,42173,SORIA,68
42043,BURGO DE OSMA - CIUDAD DE OSMA,42,42043,BURGO DE OSMA - CIUDAD DE OSMA,5283
42044,CABREJAS DEL CAMPO,42,42173,SORIA,48
42045,CABREJAS DEL PINAR,42,42173,SORIA,288
42046,CALATAÑAZOR,42,42173,SORIA,43
42048,CALTOJAR,42,42020,ALMAZÁN,53
42049,CANDILICHERA,42,42173,SORIA,99
42050,CAÑAMAQUE,42,42020,ALMAZÁN,29
42051,CARABANTES,42,42173,SORIA,21
42052,CARACENA,42,42043,BURGO DE OSMA - CIUDAD DE OSMA,13
42053,CARRASCOSA DE ABAJO,42,42043,BURGO DE OSMA - CIUDAD DE OSMA,18
42054,CARRASCOSA DE LA SIERRA,42,42173,SORIA,19
42055,CASAREJOS,42,42043,BURGO DE OSMA - CIUDAD DE OSMA,145
42056,CASTILFRÍO DE LA SIERRA,42,42173,SORIA,35
42057,CASTILRUIZ,42,42173,SORIA,170
42058,CASTILLEJO DE ROBLEDO,42,42043,BURGO DE OSMA - CIUDAD DE OSMA,100
42059,CENTENERA DE ANDALUZ,42,42020,ALMAZÁN,19
42060,CERBÓN,42,42173,SORIA,27
42061,CIDONES,42,42173,SORIA,313
42062,CIGUDOSA,42,42173,SORIA,14
42063,CIHUELA,42,42173,SORIA,35
42064,CIRIA,42,42173,SORIA,67
42065,CIRUJALES DEL RÍO,42,42173,SORIA,21
42068,COSCURITA,42,42020,ALMAZÁN,69
42069,COVALEDA,42,42173,SORIA,1560
42070,CUBILLA,42,42043,BURGO DE OSMA - CIUDAD DE OSMA,22
42071,CUBO DE LA SOLANA,42,42173,SORIA,177
42073,CUEVA DE AGREDA,42,42173,SORIA,67
42075,DÉVANOS,42,42173,SORIA,72
42076,DEZA,42,42173,SORIA,162
42078,DURUELO DE LA SIERRA,42,42173,SORIA,1035
42079,ESCOBOSA DE ALMAZÁN,42,42020,ALMAZÁN,19
42080,ESPEJA DE SAN MARCELINO,42,42043,BURGO DE OSMA - CIUDAD DE OSMA,160
42081,ESPEJÓN,42,42043,BURGO DE OSMA - CIUDAD DE OSMA,122
42082,ESTEPA DE SAN JUAN,42,42173,SORIA,13
42083,FRECHILLA DE ALMAZÁN,42,42020,ALMAZÁN,20
42084,FRESNO DE CARACENA,42,42043,BURGO DE OSMA - CIUDAD DE OSMA,16
42085,FUENTEARMEGIL,42,42043,BURGO DE OSMA - CIUDAD DE OSMA,148
42086,FUENTECAMBRÓN,42,42043,BURGO DE OSMA - CIUDAD DE OSMA,29
42087,FUENTECANTOS,42,42173,SORIA,65
42088,FUENTELMONGE,42,42020,ALMAZÁN,58
42089,FUENTELSAZ DE SORIA,42,42173,SORIA,65
42090,FUENTEPINILLA,42,42020,ALMAZÁN,73
42092,FUENTES DE MAGAÑA,42,42173,SORIA,47
42093,FUENTESTRÚN,42,42173,SORIA,55
42094,GARRAY,42,42173,SORIA,794
42095,GOLMAYO,42,42173,SORIA,3085
42096,GÓMARA,42,42173,SORIA,286
42097,GORMAZ,42,42043,BURGO DE OSMA - CIUDAD DE OSMA,18
42098,HERRERA DE SORIA,42,42043,BURGO DE OSMA - CIUDAD DE OSMA,12
42100,HINOJOSA DEL CAMPO,42,42173,SORIA,24
42103,LANGA DE DUERO,42,42043,BURGO DE OSMA - CIUDAD DE OSMA,696
42105,LICERAS,42,42043,BURGO DE OSMA - CIUDAD DE OSMA,49
42106,LA LOSILLA,42,42173,SORIA,12
42107,MAGAÑA,42,42173,SORIA,61
42108,MAJÁN,42,42020,ALMAZÁN,10
42110,MATALEBRERAS,42,42173,SORIA,81
42111,MATAMALA DE ALMAZÁN,42,42020,ALMAZÁN,251
42113,MEDINACELI,42,42020,ALMAZÁN,686
42115,MIÑO DE MEDINACELI,42,42020,ALMAZÁN,73
42116,MIÑO DE SAN ESTEBAN,42,42043,BURGO DE OSMA - CIUDAD DE OSMA,43
42117,MOLINOS DE DUERO,42,42173,SORIA,162
42118,MOMBLONA,42,42020,ALMAZÁN,19
42119,MONTEAGUDO DE LAS VICARÍAS,42,42020,ALMAZÁN,169
42120,MONTEJO DE TIERMES,42,42043,BURGO DE OSMA - CIUDAD DE OSMA,134
42121,MONTENEGRO DE CAMEROS,42,42173,SORIA,43
42123,MORÓN DE ALMAZÁN,42,42020,ALMAZÁN,196
42124,MURIEL DE LA FUENTE,42,42043,BURGO DE OSMA - CIUDAD DE OSMA,53
42125,MURIEL VIEJO,42,42173,SORIA,73
42127,NAFRÍA DE UCERO,42,42043,BURGO DE OSMA - CIUDAD DE OSMA,35
42128,NARROS,42,42173,SORIA,68
42129,NAVALENO,42,42173,SORIA,698
42130,NEPAS,42,42020,ALMAZÁN,49
42131,NOLAY,42,42020,ALMAZÁN,45
42132,NOVIERCAS,42,42173,SORIA,156
42134,OLVEGA,42,42173,SORIA,3782
42135,ONCALA,42,42173,SORIA,61
42139,PINILLA DEL CAMPO,42,42173,SORIA,17
42140,PORTILLO DE SORIA,42,42173,SORIA,11
42141,LA PÓVEDA DE SORIA,42,42173,SORIA,108
42142,POZALMURO,42,42173,SORIA,49
42144,QUINTANA REDONDA,42,42173,SORIA,499
42145,QUINTANAS DE GORMAZ,42,42043,BURGO DE OSMA - CIUDAD DE OSMA,119
42148,QUIÑONERÍA,42,42173,SORIA,10
42149,LOS RÁBANOS,42,42173,SORIA,470
42151,REBOLLAR,42,42173,SORIA,36
42152,RECUERDA,42,42043,BURGO DE OSMA - CIUDAD DE OSMA,61
42153,RELLO,42,42020,ALMAZÁN,21
42154,RENIEBLAS,42,42173,SORIA,107
42155,RETORTILLO DE SORIA,42,42043,BURGO DE OSMA - CIUDAD DE OSMA,126
42156,REZNOS,42,42173,SORIA,21
42157,LA RIBA DE ESCALOTE,42,42020,ALMAZÁN,9
42158,RIOSECO DE SORIA,42,42020,ALMAZÁN,123
42159,ROLLAMIENTA,42,42173,SORIA,49
42160,EL ROYO,42,42173,SORIA,248
42161,SALDUERO,42,42173,SORIA,148
42162,SAN ESTEBAN DE GORMAZ,42,42043,BURGO DE OSMA - CIUDAD DE OSMA,2962
42163,SAN FELICES,42,42173,SORIA,55
42164,SAN LEONARDO DE YAGÜE,42,42043,BURGO DE OSMA - CIUDAD DE OSMA,1954
42165,SAN PEDRO MANRIQUE,42,42173,SORIA,626
42166,SANTA CRUZ DE YANGUAS,42,42173,SORIA,56
42167,SANTA MARÍA DE HUERTA,42,42020,ALMAZÁN,239
42168,SANTA MARÍA DE LAS HOYAS,42,42043,BURGO DE OSMA - CIUDAD DE OSMA,112
42171,SERÓN DE NÁGIMA,42,42020,ALMAZÁN,125
42172,SOLIEDRA,42,42020,ALMAZÁN,37
42173,SORIA,42,42173,SORIA,41025
42174,SOTILLO DEL RINCÓN,42,42173,SORIA,171
42175,SUELLACABRAS,42,42173,SORIA,32
42176,TAJAHUERCE,42,42173,SORIA,22
42177,TAJUECO,42,42020,ALMAZÁN,61
42178,TALVEILA,42,42043,BURGO DE OSMA - CIUDAD DE OSMA,105
42181,TARDELCUENDE,42,42173,SORIA,414
42182,TARODA,42,42020,ALMAZÁN,45
42183,TEJADO,42,42173,SORIA,100
42184,TORLENGUA,42,42020,ALMAZÁN,43
42185,TORREBLACOS,42,42043,BURGO DE OSMA - CIUDAD DE OSMA,28
42187,TORRUBIA DE SORIA,42,42173,SORIA,52
42188,TRÉVAGO,42,42173,SORIA,47
42189,UCERO,42,42043,BURGO DE OSMA - CIUDAD DE OSMA,80
42190,VADILLO,42,42043,BURGO DE OSMA - CIUDAD DE OSMA,81
42191,VALDEAVELLANO DE TERA,42,42173,SORIA,222
42192,VALDEGEÑA,42,42173,SORIA,36
42193,VALDELAGUA DEL CERRO,42,42173,SORIA,13
42194,VALDEMALUQUE,42,42043,BURGO DE OSMA - CIUDAD DE OSMA,139
42195,VALDENEBRO,42,42043,BURGO DE OSMA - CIUDAD DE OSMA,85
42196,VALDEPRADO,42,42173,SORIA,8
42197,VALDERRODILLA,42,42020,ALMAZÁN,59
42198,VALTAJEROS,42,42173,SORIA,16
42200,VELAMAZÁN,42,42020,ALMAZÁN,66
42201,VELILLA DE LA SIERRA,42,42173,SORIA,26
42202,VELILLA DE LOS AJOS,42,42020,ALMAZÁN,15
42204,VIANA DE DUERO,42,42020,ALMAZÁN,47
42205,VILLACIERVOS,42,42173,SORIA,86
42206,VILLANUEVA DE GORMAZ,42,42043,BURGO DE OSMA - CIUDAD DE OSMA,6
42207,VILLAR DEL ALA,42,42173,SORIA,50
42208,VILLAR DEL CAMPO,42,42173,SORIA,29
42209,VILLAR DEL RÍO,42,42173,SORIA,155
42211,LOS VILLARES DE SORIA,42,42173,SORIA,72
42212,VILLASAYAS,42,42020,ALMAZÁN,59
42213,VILLASECA DE ARCIEL,42,42173,SORIA,23
42215,VINUESA,42,42173,SORIA,826
42216,VIZMANOS,42,42173,SORIA,31
42217,VOZMEDIANO,42,42173,SORIA,29
42218,YANGUAS,42,42173,SORIA,104
42219,YELO,42,42020,ALMAZÁN,40
43001,AIGUAMÚRCIA,43,43163,EL VENDRELL,987
43002,ALBINYANA,43,43163,EL VENDRELL,2718
43003,L'ALBIOL,43,43123,REUS,557
43004,ALCANAR,43,43014,AMPOSTA,10104
43005,ALCOVER,43,43161,VALLS,5362
43006,ALDOVER,43,43155,TORTOSA,901
43007,L'ALEIXAR,43,43123,REUS,1009
43008,ALFARA DE CARLES,43,43155,TORTOSA,355
43009,ALFORJA,43,43123,REUS,2024
43010,ALIÓ,43,43161,VALLS,496
43011,ALMOSTER,43,43123,REUS,1384
43012,ALTAFULLA,43,43163,EL VENDRELL,5870
43013,L'AMETLLA DE MAR,43,43155,TORTOSA,7446
43014,AMPOSTA,43,43014,AMPOSTA,23080
43015,ARBOLÍ,43,43123,REUS,138
43016,L'ARBOÇ,43,43163,EL VENDRELL,5721
43017,L'ARGENTERA,43,43123,REUS,139
43018,ARNES,43,43064,GANDESA,461
43019,ASCÓ,43,43064,GANDESA,1589
43020,BANYERES DEL PENEDÈS,43,43163,EL VENDRELL,3395
43021,BARBERÀ DE LA CONCA,43,43161,VALLS,476
43022,BATEA,43,43064,GANDESA,1875
43023,BELLMUNT DEL PRIORAT,43,43055,FALSET,290
43024,BELLVEI,43,43163,EL VENDRELL,2460
43025,BENIFALLET,43,43155,TORTOSA,706
43026,BENISSANET,43,43064,GANDESA,1186
43027,LA BISBAL DE MONTSANT,43,43055,FALSET,214
43028,LA BISBAL DEL PENEDÈS,43,43163,EL VENDRELL,4278
43029,BLANCAFORT,43,43161,VALLS,392
43030,BONASTRE,43,43163,EL VENDRELL,777
43031,LES BORGES DEL CAMP,43,43123,REUS,2319
43032,BOT,43,43064,GANDESA,548
43033,BOTARELL,43,43123,REUS,1161
43034,BRÀFIM,43,43161,VALLS,697
43035,CABACÉS,43,43055,FALSET,296
43036,CABRA DEL CAMP,43,43161,VALLS,1388
43037,CALAFELL,43,43163,EL VENDRELL,32624
43038,CAMBRILS,43,43123,REUS,37042
43039,CAPAFONTS,43,43123,REUS,101
43040,CAPÇANES,43,43055,FALSET,444
43041,CASERES,43,43064,GANDESA,250
43042,CASTELLVELL DEL CAMP,43,43123,REUS,3002
43043,EL CATLLAR,43,43148,TARRAGONA,5375
43044,LA SÉNIA,43,43014,AMPOSTA,5516
43045,COLLDEJOU,43,43123,REUS,155
43046,CONESA,43,43161,VALLS,111
43047,CONSTANTÍ,43,43148,TARRAGONA,7108
43048,CORBERA D'EBRE,43,43064,GANDESA,1023
43049,CORNUDELLA DE MONTSANT,43,43055,FALSET,999
43050,CREIXELL,43,43163,EL VENDRELL,4261
43051,CUNIT,43,43163,EL VENDRELL,16385
43052,XERTA,43,43155,TORTOSA,1180
43053,DUESAIGÜES,43,43123,REUS,217
43054,L'ESPLUGA DE FRANCOLÍ,43,43161,VALLS,3863
43055,FALSET,43,43055,FALSET,2890
43056,LA FATARELLA,43,43064,GANDESA,840
43057,LA FEBRÓ,43,43123,REUS,35
43058,LA FIGUERA,43,43055,FALSET,115
43059,FIGUEROLA DEL CAMP,43,43161,VALLS,342
43060,FLIX,43,43055,FALSET,3340
43061,FORÈS,43,43161,VALLS,38
43062,FREGINALS,43,43014,AMPOSTA,443
43063,LA GALERA,43,43014,AMPOSTA,726
43064,GANDESA,43,43064,GANDESA,3150
43065,GARCIA,43,43055,FALSET,551
43066,ELS GARIDELLS,43,43161,VALLS,211
43067,GINESTAR,43,43064,GANDESA,800
43068,GODALL,43,43014,AMPOSTA,591
43069,GRATALLOPS,43,43055,FALSET,226
43070,ELS GUIAMETS,43,43055,FALSET,254
43071,HORTA DE SANT JOAN,43,43064,GANDESA,1150
43072,EL LLOAR,43,43055,FALSET,99
43073,LLORAC,43,43161,VALLS,105
43074,LLORENÇ DEL PENEDÈS,43,43163,EL VENDRELL,2425
43075,MARGALEF,43,43055,FALSET,106
43076,MARÇÀ,43,43055,FALSET,623
43077,MAS DE BARBERANS,43,43014,AMPOSTA,535
43078,MASDENVERGE,43,43014,AMPOSTA,1138
43079,MASLLORENÇ,43,43163,EL VENDRELL,573
43080,LA MASÓ,43,43161,VALLS,307
43081,MASPUJOLS,43,43123,REUS,915
43082,EL MASROIG,43,43055,FALSET,473
43083,EL MILÀ,43,43161,VALLS,194
43084,MIRAVET,43,43064,GANDESA,703
43085,EL MOLAR,43,43055,FALSET,295
43086,MONTBLANC,43,43161,VALLS,7542
43088,MONTBRIÓ DEL CAMP,43,43123,REUS,3157
43089,MONTFERRI,43,43163,EL VENDRELL,502
43090,EL MONTMELL,43,43163,EL VENDRELL,1958
43091,MONT-RAL,43,43161,VALLS,174
43092,MONT-ROIG DEL CAMP,43,43123,REUS,14615
43093,MÓRA D'EBRE,43,43064,GANDESA,5811
43094,MÓRA LA NOVA,43,43055,FALSET,3350
43095,EL MORELL,43,43148,TARRAGONA,3811
43096,LA MORERA DE MONTSANT,43,43055,FALSET,150
43097,LA NOU DE GAIÀ,43,43163,EL VENDRELL,603
43098,NULLES,43,43161,VALLS,551
43099,LA PALMA D'EBRE,43,43055,FALSET,333
43100,ELS PALLARESOS,43,43148,TARRAGONA,5028
43101,PASSANANT I BELLTALL,43,43161,VALLS,149
43102,PAÜLS,43,43155,TORTOSA,558
43103,PERAFORT,43,43148,TARRAGONA,1342
43104,EL PERELLÓ,43,43155,TORTOSA,2948
43105,LES PILES,43,43161,VALLS,229
43106,EL PINELL DE BRAI,43,43064,GANDESA,948
43107,PIRA,43,43161,VALLS,512
43108,EL PLA DE SANTA MARIA,43,43161,VALLS,2408
43109,LA POBLA DE MAFUMET,43,43148,TARRAGONA,4175
43110,LA POBLA DE MASSALUCA,43,43064,GANDESA,344
43111,LA POBLA DE MONTORNÈS,43,43163,EL VENDRELL,3440
43112,POBOLEDA,43,43055,FALSET,345
43113,EL PONT D'ARMENTERA,43,43161,VALLS,500
43114,PORRERA,43,43055,FALSET,405
43115,PRADELL DE LA TEIXETA,43,43055,FALSET,182
43116,PRADES,43,43123,REUS,629
43117,PRAT DE COMTE,43,43064,GANDESA,174
43118,PRATDIP,43,43123,REUS,781
43119,PUIGPELAT,43,43161,VALLS,1222
43120,QUEROL,43,43161,VALLS,611
43121,RASQUERA,43,43064,GANDESA,786
43122,RENAU,43,43148,TARRAGONA,165
43123,REUS,43,43123,REUS,111601
43124,LA RIBA,43,43161,VALLS,574
43125,RIBA-ROJA D'EBRE,43,43055,FALSET,1132
43126,LA RIERA DE GAIÀ,43,43163,EL VENDRELL,1834
43127,RIUDECANYES,43,43123,REUS,1362
43128,RIUDECOLS,43,43123,REUS,1264
43129,RIUDOMS,43,43123,REUS,6891
43130,ROCAFORT DE QUERALT,43,43161,VALLS,247
43131,RODA DE BERÀ,43,43163,EL VENDRELL,8260
43132,RODONYÀ,43,43161,VALLS,519
43133,ROQUETES,43,43155,TORTOSA,8607
43134,EL ROURELL,43,43148,TARRAGONA,385
43135,SALOMÓ,43,43163,EL VENDRELL,519
43136,LA RÀPITA,43,43014,AMPOSTA,16119
43137,SANT JAUME DELS DOMENYS,43,43163,EL VENDRELL,2819
43138,SANTA BÀRBARA,43,43014,AMPOSTA,3871
43139,SANTA COLOMA DE QUERALT,43,43161,VALLS,2795
43140,SANTA OLIVA,43,43163,EL VENDRELL,3711
43141,PONTILS,43,43161,VALLS,124
43142,SARRAL,43,43161,VALLS,1644
43143,SAVALLÀ DEL COMTAT,43,43161,VALLS,49
43144,LA SECUITA,43,43148,TARRAGONA,1845
43145,LA SELVA DEL CAMP,43,43123,REUS,5732
43146,SENAN,43,43161,VALLS,47
43147,SOLIVELLA,43,43161,VALLS,633
43148,TARRAGONA,43,43148,TARRAGONA,143649
43149,TIVENYS,43,43155,TORTOSA,948
43150,TIVISSA,43,43055,FALSET,1658
43151,LA TORRE DE FONTAUBELLA,43,43055,FALSET,124
43152,LA TORRE DE L'ESPANYOL,43,43055,FALSET,641
43153,TORREDEMBARRA,43,43163,EL VENDRELL,18237
43154,TORROJA DEL PRIORAT,43,43055,FALSET,129
43155,TORTOSA,43,43155,TORTOSA,35997
43156,ULLDECONA,43,43014,AMPOSTA,6714
43157,ULLDEMOLINS,43,43055,FALSET,389
43158,VALLCLARA,43,43161,VALLS,91
43159,VALLFOGONA DE RIUCORB,43,43161,VALLS,95
43160,VALLMOLL,43,43161,VALLS,1997
43161,VALLS,43,43161,VALLS,25518
43162,VANDELLÒS I L'HOSPITALET DE L'INFANT,43,43123,REUS,7143
43163,EL VENDRELL,43,43163,EL VENDRELL,41133
43164,VESPELLA DE GAIÀ,43,43163,EL VENDRELL,502
43165,VILABELLA,43,43161,VALLS,724
43166,VILALLONGA DEL CAMP,43,43161,VALLS,2495
43167,VILANOVA D'ESCORNALBOU,43,43123,REUS,614
43168,VILANOVA DE PRADES,43,43161,VALLS,111
43169,VILAPLANA,43,43123,REUS,549
43170,VILA-RODONA,43,43161,VALLS,1382
43171,VILA-SECA,43,43148,TARRAGONA,23917
43172,VILAVERD,43,43161,VALLS,493
43173,LA VILELLA ALTA,43,43055,FALSET,127
43174,LA VILELLA BAIXA,43,43055,FALSET,201
43175,VILALBA DELS ARCS,43,43064,GANDESA,611
43176,VIMBODÍ I POBLET,43,43161,VALLS,887
43177,VINEBRE,43,43055,FALSET,427
43178,VINYOLS I ELS ARCS,43,43123,REUS,2450
43901,DELTEBRE,43,43155,TORTOSA,12041
43902,SANT JAUME D'ENVEJA,43,43014,AMPOSTA,3745
43903,CAMARLES,43,43155,TORTOSA,3465
43904,L'ALDEA,43,43155,TORTOSA,4657
43905,SALOU,43,43148,TARRAGONA,31491
43906,L'AMPOLLA,43,43155,TORTOSA,3785
43907,LA CANONJA,43,43148,TARRAGONA,6001
44001,ABABUJ,44,44216,TERUEL,73
44002,ABEJUELA,44,44216,TERUEL,62
44003,AGUATÓN,44,44216,TERUEL,18
44004,AGUAVIVA,44,44013,ALCAÑIZ,562
44005,AGUILAR DEL ALFAMBRA,44,44216,TERUEL,82
44006,ALACÓN,44,44050,CALAMOCHA,204
44007,ALBA,44,44216,TERUEL,186
44008,ALBALATE DEL ARZOBISPO,44,44013,ALCAÑIZ,1936
44009,ALBARRACÍN,44,44216,TERUEL,998
44010,ALBENTOSA,44,44216,TERUEL,290
44011,ALCAINE,44,44050,CALAMOCHA,38
44012,ALCALÁ DE LA SELVA,44,44216,TERUEL,382
44013,ALCAÑIZ,44,44013,ALCAÑIZ,16505
44014,ALCORISA,44,44013,ALCAÑIZ,3243
44016,ALFAMBRA,44,44216,TERUEL,485
44017,ALIAGA,44,44216,TERUEL,344
44018,ALMOHAJA,44,44216,TERUEL,10
44019,ALOBRAS,44,44216,TERUEL,63
44020,ALPEÑÉS,44,44050,CALAMOCHA,27
44021,ALLEPUZ,44,44216,TERUEL,123
44022,ALLOZA,44,44013,ALCAÑIZ,556
44023,ALLUEVA,44,44050,CALAMOCHA,31
44024,ANADÓN,44,44050,CALAMOCHA,35
44025,ANDORRA,44,44013,ALCAÑIZ,7223
44026,ARCOS DE LAS SALINAS,44,44216,TERUEL,105
44027,ARENS DE LLEDÓ,44,44013,ALCAÑIZ,181
44028,ARGENTE,44,44050,CALAMOCHA,204
44029,ARIÑO,44,44013,ALCAÑIZ,605
44031,AZAILA,44,44013,ALCAÑIZ,94
44032,BÁDENAS,44,44050,CALAMOCHA,28
44033,BÁGUENA,44,44050,CALAMOCHA,278
44034,BAÑÓN,44,44050,CALAMOCHA,152
44035,BARRACHINA,44,44050,CALAMOCHA,113
44036,BEA,44,44050,CALAMOCHA,30
44037,BECEITE,44,44013,ALCAÑIZ,572
44038,BELMONTE DE SAN JOSÉ,44,44013,ALCAÑIZ,114
44039,BELLO,44,44050,CALAMOCHA,204
44040,BERGE,44,44013,ALCAÑIZ,218
44041,BEZAS,44,44216,TERUEL,73
44042,BLANCAS,44,44050,CALAMOCHA,132
44043,BLESA,44,44050,CALAMOCHA,74
44044,BORDÓN,44,44013,ALCAÑIZ,116
44045,BRONCHALES,44,44216,TERUEL,465
44046,BUEÑA,44,44216,TERUEL,65
44047,BURBÁGUENA,44,44050,CALAMOCHA,396
44048,CABRA DE MORA,44,44216,TERUEL,66
44049,CALACEITE,44,44013,ALCAÑIZ,961
44050,CALAMOCHA,44,44050,CALAMOCHA,4655
44051,CALANDA,44,44013,ALCAÑIZ,3745
44052,CALOMARDE,44,44216,TERUEL,76
44053,CAMAÑAS,44,44216,TERUEL,136
44054,CAMARENA DE LA SIERRA,44,44216,TERUEL,137
44055,CAMARILLAS,44,44216,TERUEL,100
44056,CAMINREAL,44,44050,CALAMOCHA,606
44059,CANTAVIEJA,44,44013,ALCAÑIZ,729
44060,CAÑADA DE BENATANDUZ,44,44216,TERUEL,40
44061,LA CAÑADA DE VERICH,44,44013,ALCAÑIZ,72
44062,CAÑADA VELLIDA,44,44216,TERUEL,36
44063,CAÑIZAR DEL OLIVAR,44,44216,TERUEL,112
44064,CASCANTE DEL RÍO,44,44216,TERUEL,73
44065,CASTEJÓN DE TORNOS,44,44050,CALAMOCHA,64
44066,CASTEL DE CABRA,44,44216,TERUEL,79
44067,CASTELNOU,44,44013,ALCAÑIZ,94
44068,CASTELSERÁS,44,44013,ALCAÑIZ,804
44070,EL CASTELLAR,44,44216,TERUEL,54
44071,CASTELLOTE,44,44013,ALCAÑIZ,665
44074,CEDRILLAS,44,44216,TERUEL,652
44075,CELADAS,44,44216,TERUEL,331
44076,CELLA,44,44216,TERUEL,2702
44077,LA CEROLLERA,44,44013,ALCAÑIZ,77
44080,LA CODOÑERA,44,44013,ALCAÑIZ,312
44082,CORBALÁN,44,44216,TERUEL,117
44084,CORTES DE ARAGÓN,44,44050,CALAMOCHA,62
44085,COSA,44,44050,CALAMOCHA,63
44086,CRETAS,44,44013,ALCAÑIZ,559
44087,CRIVILLÉN,44,44216,TERUEL,92
44088,LA CUBA,44,44013,ALCAÑIZ,53
44089,CUBLA,44,44216,TERUEL,56
44090,CUCALÓN,44,44050,CALAMOCHA,77
44092,EL CUERVO,44,44216,TERUEL,88
44093,CUEVAS DE ALMUDÉN,44,44216,TERUEL,119
44094,CUEVAS LABRADAS,44,44216,TERUEL,126
44096,EJULVE,44,44216,TERUEL,172
44097,ESCORIHUELA,44,44216,TERUEL,130
44099,ESCUCHA,44,44216,TERUEL,788
44100,ESTERCUEL,44,44216,TERUEL,198
44101,FERRERUELA DE HUERVA,44,44050,CALAMOCHA,81
44102,FONFRÍA,44,44050,CALAMOCHA,35
44103,FORMICHE ALTO,44,44216,TERUEL,156
44105,FÓRNOLES,44,44013,ALCAÑIZ,71
44106,FORTANETE,44,44216,TERUEL,195
44107,FOZ-CALANDA,44,44013,ALCAÑIZ,272
44108,LA FRESNEDA,44,44013,ALCAÑIZ,459
44109,FRÍAS DE ALBARRACÍN,44,44216,TERUEL,109
44110,FUENFERRADA,44,44050,CALAMOCHA,38
44111,FUENTES CALIENTES,44,44216,TERUEL,89
44112,FUENTES CLARAS,44,44050,CALAMOCHA,428
44113,FUENTES DE RUBIELOS,44,44216,TERUEL,148
44114,FUENTESPALDA,44,44013,ALCAÑIZ,305
44115,GALVE,44,44216,TERUEL,149
44116,GARGALLO,44,44216,TERUEL,88
44117,GEA DE ALBARRACÍN,44,44216,TERUEL,459
44118,LA GINEBROSA,44,44013,ALCAÑIZ,188
44119,GRIEGOS,44,44216,TERUEL,154
44120,GUADALAVIAR,44,44216,TERUEL,238
44121,GÚDAR,44,44216,TERUEL,73
44122,HÍJAR,44,44013,ALCAÑIZ,1766
44123,HINOJOSA DE JARQUE,44,44216,TERUEL,104
44124,LA HOZ DE LA VIEJA,44,44050,CALAMOCHA,85
44125,HUESA DEL COMÚN,44,44050,CALAMOCHA,55
44126,LA IGLESUELA DEL CID,44,44013,ALCAÑIZ,357
44127,JABALOYAS,44,44216,TERUEL,66
44128,JARQUE DE LA VAL,44,44216,TERUEL,66
44129,JATIEL,44,44013,ALCAÑIZ,48
44130,JORCAS,44,44216,TERUEL,42
44131,JOSA,44,44050,CALAMOCHA,34
44132,LAGUERUELA,44,44050,CALAMOCHA,73
44133,LANZUELA,44,44050,CALAMOCHA,24
44135,LIBROS,44,44216,TERUEL,102
44136,LIDÓN,44,44050,CALAMOCHA,56
44137,LINARES DE MORA,44,44216,TERUEL,242
44138,LOSCOS,44,44050,CALAMOCHA,121
44141,LLEDÓ,44,44013,ALCAÑIZ,150
44142,MAICAS,44,44050,CALAMOCHA,35
44143,MANZANERA,44,44216,TERUEL,530
44144,MARTÍN DEL RÍO,44,44050,CALAMOCHA,367
44145,MAS DE LAS MATAS,44,44013,ALCAÑIZ,1230
44146,LA MATA DE LOS OLMOS,44,44013,ALCAÑIZ,255
44147,MAZALEÓN,44,44013,ALCAÑIZ,474
44148,MEZQUITA DE JARQUE,44,44216,TERUEL,83
44149,MIRAMBEL,44,44013,ALCAÑIZ,110
44150,MIRAVETE DE LA SIERRA,44,44216,TERUEL,31
44151,MOLINOS,44,44013,ALCAÑIZ,232
44152,MONFORTE DE MOYUELA,44,44050,CALAMOCHA,84
44153,MONREAL DEL CAMPO,44,44050,CALAMOCHA,2578
44154,MONROYO,44,44013,ALCAÑIZ,324
44155,MONTALBÁN,44,44050,CALAMOCHA,1162
44156,MONTEAGUDO DEL CASTILLO,44,44216,TERUEL,43
44157,MONTERDE DE ALBARRACÍN,44,44216,TERUEL,62
44158,MORA DE RUBIELOS,44,44216,TERUEL,1752
44159,MOSCARDÓN,44,44216,TERUEL,62
44160,MOSQUERUELA,44,44216,TERUEL,563
44161,MUNIESA,44,44050,CALAMOCHA,575
44163,NOGUERA DE ALBARRACÍN,44,44216,TERUEL,131
44164,NOGUERAS,44,44050,CALAMOCHA,36
44165,NOGUERUELAS,44,44216,TERUEL,188
44167,OBÓN,44,44050,CALAMOCHA,35
44168,ODÓN,44,44050,CALAMOCHA,191
44169,OJOS NEGROS,44,44050,CALAMOCHA,321
44171,OLBA,44,44216,TERUEL,286
44172,OLIETE,44,44013,ALCAÑIZ,351
44173,LOS OLMOS,44,44013,ALCAÑIZ,111
44174,ORIHUELA DEL TREMEDAL,44,44216,TERUEL,450
44175,ORRIOS,44,44216,TERUEL,112
44176,PALOMAR DE ARROYOS,44,44216,TERUEL,166
44177,PANCRUDO,44,44050,CALAMOCHA,118
44178,LAS PARRAS DE CASTELLOTE,44,44013,ALCAÑIZ,61
44179,PEÑARROYA DE TASTAVINS,44,44013,ALCAÑIZ,467
44180,PERACENSE,44,44216,TERUEL,68
44181,PERALEJOS,44,44216,TERUEL,89
44182,PERALES DEL ALFAMBRA,44,44216,TERUEL,293
44183,PITARQUE,44,44216,TERUEL,62
44184,PLOU,44,44050,CALAMOCHA,42
44185,EL POBO,44,44216,TERUEL,97
44187,LA PORTELLADA,44,44013,ALCAÑIZ,249
44189,POZONDÓN,44,44216,TERUEL,53
44190,POZUEL DEL CAMPO,44,44050,CALAMOCHA,76
44191,LA PUEBLA DE HÍJAR,44,44013,ALCAÑIZ,935
44192,LA PUEBLA DE VALVERDE,44,44216,TERUEL,485
44193,PUERTOMINGALVO,44,44216,TERUEL,135
44194,RÁFALES,44,44013,ALCAÑIZ,149
44195,RILLO,44,44050,CALAMOCHA,95
44196,RIODEVA,44,44216,TERUEL,113
44197,RÓDENAS,44,44216,TERUEL,57
44198,ROYUELA,44,44216,TERUEL,229
44199,RUBIALES,44,44216,TERUEL,43
44200,RUBIELOS DE LA CÉRIDA,44,44050,CALAMOCHA,20
44201,RUBIELOS DE MORA,44,44216,TERUEL,600
44203,SALCEDILLO,44,44050,CALAMOCHA,14
44204,SALDÓN,44,44216,TERUEL,32
44205,SAMPER DE CALANDA,44,44013,ALCAÑIZ,734
44206,SAN AGUSTÍN,44,44216,TERUEL,132
44207,SAN MARTÍN DEL RÍO,44,44050,CALAMOCHA,135
44208,SANTA CRUZ DE NOGUERAS,44,44050,CALAMOCHA,24
44209,SANTA EULALIA,44,44216,TERUEL,1004
44210,SARRIÓN,44,44216,TERUEL,1261
44211,SEGURA DE LOS BAÑOS,44,44050,CALAMOCHA,55
44212,SENO,44,44013,ALCAÑIZ,39
44213,SINGRA,44,44216,TERUEL,76
44215,TERRIENTE,44,44216,TERUEL,198
44216,TERUEL,44,44216,TERUEL,36655
44217,TORIL Y MASEGOSO,44,44216,TERUEL,31
44218,TORMÓN,44,44216,TERUEL,29
44219,TORNOS,44,44050,CALAMOCHA,175
44220,TORRALBA DE LOS SISONES,44,44050,CALAMOCHA,145
44221,TORRECILLA DE ALCAÑIZ,44,44013,ALCAÑIZ,436
44222,TORRECILLA DEL REBOLLAR,44,44050,CALAMOCHA,114
44223,TORRE DE ARCAS,44,44013,ALCAÑIZ,76
44224,TORRE DE LAS ARCAS,44,44050,CALAMOCHA,19
44225,TORRE DEL COMPTE,44,44013,ALCAÑIZ,120
44226,TORRELACÁRCEL,44,44216,TERUEL,131
44227,TORRE LOS NEGROS,44,44050,CALAMOCHA,77
44228,TORREMOCHA DE JILOCA,44,44216,TERUEL,115
44229,TORRES DE ALBARRACÍN,44,44216,TERUEL,187
44230,TORREVELILLA,44,44013,ALCAÑIZ,161
44231,TORRIJAS,44,44216,TERUEL,36
44232,TORRIJO DEL CAMPO,44,44050,CALAMOCHA,501
44234,TRAMACASTIEL,44,44216,TERUEL,62
44235,TRAMACASTILLA,44,44216,TERUEL,133
44236,TRONCHÓN,44,44013,ALCAÑIZ,56
44237,URREA DE GAÉN,44,44013,ALCAÑIZ,455
44238,UTRILLAS,44,44050,CALAMOCHA,3069
44239,VALACLOCHE,44,44216,TERUEL,33
44240,VALBONA,44,44216,TERUEL,187
44241,VALDEALGORFA,44,44013,ALCAÑIZ,581
44243,VALDECUENCA,44,44216,TERUEL,33
44244,VALDELINARES,44,44216,TERUEL,82
44245,VALDELTORMO,44,44013,ALCAÑIZ,304
44246,VALDERROBRES,44,44013,ALCAÑIZ,2555
44247,VALJUNQUERA,44,44013,ALCAÑIZ,336
44249,EL VALLECILLO,44,44216,TERUEL,40
44250,VEGUILLAS DE LA SIERRA,44,44216,TERUEL,27
44251,VILLAFRANCA DEL CAMPO,44,44216,TERUEL,290
44252,VILLAHERMOSA DEL CAMPO,44,44050,CALAMOCHA,91
44256,VILLANUEVA DEL REBOLLAR DE LA SIERRA,44,44050,CALAMOCHA,49
44257,VILLAR DEL COBO,44,44216,TERUEL,158
44258,VILLAR DEL SALZ,44,44216,TERUEL,58
44260,VILLARLUENGO,44,44216,TERUEL,159
44261,VILLARQUEMADO,44,44216,TERUEL,901
44262,VILLARROYA DE LOS PINARES,44,44216,TERUEL,160
44263,VILLASTAR,44,44216,TERUEL,566
44264,VILLEL,44,44216,TERUEL,336
44265,VINACEITE,44,44013,ALCAÑIZ,176
44266,VISIEDO,44,44050,CALAMOCHA,132
44267,VIVEL DEL RÍO MARTÍN,44,44050,CALAMOCHA,63
44268,LA ZOMA,44,44216,TERUEL,28
45001,AJOFRÍN,45,45124,ORGAZ,2379
45002,ALAMEDA DE LA SAGRA,45,45081,ILLESCAS,4350
45003,ALBARREAL DE TAJO,45,45173,TORRIJOS,804
45004,ALCABÓN,45,45173,TORRIJOS,792
45005,ALCAÑIZO,45,45165,TALAVERA DE LA REINA,259
45006,ALCAUDETE DE LA JARA,45,45165,TALAVERA DE LA REINA,1720
45007,ALCOLEA DE TAJO,45,45165,TALAVERA DE LA REINA,839
45008,ALDEA EN CABO,45,45173,TORRIJOS,184
45009,ALDEANUEVA DE BARBARROYA,45,45165,TALAVERA DE LA REINA,456
45010,ALDEANUEVA DE SAN BARTOLOMÉ,45,45165,TALAVERA DE LA REINA,404
45011,ALMENDRAL DE LA CAÑADA,45,45165,TALAVERA DE LA REINA,341
45012,ALMONACID DE TOLEDO,45,45124,ORGAZ,991
45013,ALMOROX,45,45173,TORRIJOS,2569
45014,AÑOVER DE TAJO,45,45081,ILLESCAS,5454
45015,ARCICÓLLAR,45,45173,TORRIJOS,1089
45016,ARGÉS,45,45168,TOLEDO,7178
45017,AZUTÁN,45,45165,TALAVERA DE LA REINA,286
45018,BARCIENCE,45,45173,TORRIJOS,1110
45019,BARGAS,45,45168,TOLEDO,11274
45020,BELVÍS DE LA JARA,45,45165,TALAVERA DE LA REINA,1475
45021,BOROX,45,45081,ILLESCAS,4306
45022,BUENAVENTURA,45,45165,TALAVERA DE LA REINA,386
45023,BURGUILLOS DE TOLEDO,45,45168,TOLEDO,3872
45024,BURUJÓN,45,45173,TORRIJOS,1344
45025,CABAÑAS DE LA SAGRA,45,45081,ILLESCAS,2177
45026,CABAÑAS DE YEPES,45,45121,OCAÑA,316
45027,CABEZAMESADA,45,45142,QUINTANAR DE LA ORDEN,343
45028,CALERA Y CHOZAS,45,45165,TALAVERA DE LA REINA,4834
45029,CALERUELA,45,45165,TALAVERA DE LA REINA,203
45030,CALZADA DE OROPESA,45,45165,TALAVERA DE LA REINA,514
45031,CAMARENA,45,45173,TORRIJOS,4848
45032,CAMARENILLA,45,45173,TORRIJOS,606
45033,EL CAMPILLO DE LA JARA,45,45165,TALAVERA DE LA REINA,326
45034,CAMUÑAS,45,45124,ORGAZ,1742
45035,CARDIEL DE LOS MONTES,45,45165,TALAVERA DE LA REINA,406
45036,CARMENA,45,45173,TORRIJOS,771
45037,EL CARPIO DE TAJO,45,45173,TORRIJOS,1948
45038,CARRANQUE,45,45081,ILLESCAS,5469
45039,CARRICHES,45,45173,TORRIJOS,260
45040,EL CASAR DE ESCALONA,45,45173,TORRIJOS,2280
45041,CASARRUBIOS DEL MONTE,45,45081,ILLESCAS,7424
45042,CASASBUENAS,45,45168,TOLEDO,210
45043,CASTILLO DE BAYUELA,45,45165,TALAVERA DE LA REINA,889
45045,CAZALEGAS,45,45165,TALAVERA DE LA REINA,2195
45046,CEBOLLA,45,45165,TALAVERA DE LA REINA,3270
45047,CEDILLO DEL CONDADO,45,45081,ILLESCAS,4525
45048,LOS CERRALBOS,45,45165,TALAVERA DE LA REINA,452
45049,CERVERA DE LOS MONTES,45,45165,TALAVERA DE LA REINA,513
45050,CIRUELOS,45,45121,OCAÑA,723
45051,COBEJA,45,45081,ILLESCAS,2719
45052,COBISA,45,45168,TOLEDO,4550
45053,CONSUEGRA,45,45124,ORGAZ,9767
45054,CORRAL DE ALMAGUER,45,45142,QUINTANAR DE LA ORDEN,5280
45055,CUERVA,45,45168,TOLEDO,1226
45056,CHOZAS DE CANALES,45,45081,ILLESCAS,5044
45057,CHUECA,45,45124,ORGAZ,252
45058,DOMINGO PÉREZ,45,45173,TORRIJOS,418
45059,DOSBARRIOS,45,45121,OCAÑA,2228
45060,ERUSTES,45,45173,TORRIJOS,220
45061,ESCALONA,45,45173,TORRIJOS,3987
45062,ESCALONILLA,45,45173,TORRIJOS,1545
45063,ESPINOSO DEL REY,45,45165,TALAVERA DE LA REINA,420
45064,ESQUIVIAS,45,45081,ILLESCAS,5833
45065,LA ESTRELLA,45,45165,TALAVERA DE LA REINA,251
45066,FUENSALIDA,45,45173,TORRIJOS,12669
45067,GÁLVEZ,45,45168,TOLEDO,3044
45068,GARCIOTUM,45,45173,TORRIJOS,220
45069,GERINDOTE,45,45173,TORRIJOS,2828
45070,GUADAMUR,45,45168,TOLEDO,1796
45071,LA GUARDIA,45,45121,OCAÑA,2200
45072,LAS HERENCIAS,45,45165,TALAVERA DE LA REINA,821
45073,HERRERUELA DE OROPESA,45,45165,TALAVERA DE LA REINA,323
45074,HINOJOSA DE SAN VICENTE,45,45165,TALAVERA DE LA REINA,363
45075,HONTANAR,45,45168,TOLEDO,139
45076,HORMIGOS,45,45173,TORRIJOS,1035
45077,HUECAS,45,45173,TORRIJOS,890
45078,HUERTA DE VALDECARÁBANOS,45,45121,OCAÑA,1836
45079,LA IGLESUELA DEL TIÉTAR,45,45165,TALAVERA DE LA REINA,448
45080,ILLÁN DE VACAS,45,45165,TALAVERA DE LA REINA,8
45081,ILLESCAS,45,45081,ILLESCAS,33301
45082,LAGARTERA,45,45165,TALAVERA DE LA REINA,1294
45083,LAYOS,45,45168,TOLEDO,931
45084,LILLO,45,45121,OCAÑA,2519
45085,LOMINCHAR,45,45081,ILLESCAS,2989
45086,LUCILLOS,45,45165,TALAVERA DE LA REINA,666
45087,MADRIDEJOS,45,45124,ORGAZ,10088
45088,MAGÁN,45,45168,TOLEDO,4384
45089,MALPICA DE TAJO,45,45165,TALAVERA DE LA REINA,1655
45090,MANZANEQUE,45,45124,ORGAZ,407
45091,MAQUEDA,45,45173,TORRIJOS,548
45092,MARJALIZA,45,45124,ORGAZ,258
45093,MARRUPE,45,45165,TALAVERA DE LA REINA,166
45094,MASCARAQUE,45,45124,ORGAZ,441
45095,LA MATA,45,45173,TORRIJOS,910
45096,MAZARAMBROZ,45,45124,ORGAZ,1251
45097,MEJORADA,45,45165,TALAVERA DE LA REINA,1387
45098,MENASALBAS,45,45168,TOLEDO,2465
45099,MÉNTRIDA,45,45173,TORRIJOS,6495
45100,MESEGAR DE TAJO,45,45173,TORRIJOS,199
45101,MIGUEL ESTEBAN,45,45142,QUINTANAR DE LA ORDEN,4751
45102,MOCEJÓN,45,45168,TOLEDO,5188
45103,MOHEDAS DE LA JARA,45,45165,TALAVERA DE LA REINA,384
45104,MONTEARAGÓN,45,45165,TALAVERA DE LA REINA,598
45105,MONTESCLAROS,45,45165,TALAVERA DE LA REINA,377
45106,MORA,45,45124,ORGAZ,10064
45107,NAMBROCA,45,45168,TOLEDO,5263
45108,LA NAVA DE RICOMALILLO,45,45165,TALAVERA DE LA REINA,514
45109,NAVAHERMOSA,45,45168,TOLEDO,3587
45110,NAVALCÁN,45,45165,TALAVERA DE LA REINA,1859
45111,NAVALMORALEJO,45,45165,TALAVERA DE LA REINA,56
45112,LOS NAVALMORALES,45,45165,TALAVERA DE LA REINA,2074
45113,LOS NAVALUCILLOS,45,45165,TALAVERA DE LA REINA,1889
45114,NAVAMORCUENDE,45,45165,TALAVERA DE LA REINA,581
45115,NOBLEJAS,45,45121,OCAÑA,3998
45116,NOEZ,45,45168,TOLEDO,1058
45117,NOMBELA,45,45173,TORRIJOS,904
45118,NOVÉS,45,45173,TORRIJOS,3564
45119,NUMANCIA DE LA SAGRA,45,45081,ILLESCAS,5674
45120,NUÑO GÓMEZ,45,45173,TORRIJOS,178
45121,OCAÑA,45,45121,OCAÑA,15560
45122,OLÍAS DEL REY,45,45168,TOLEDO,9174
45123,ONTÍGOLA,45,45121,OCAÑA,5101
45124,ORGAZ,45,45124,ORGAZ,2639
45125,OROPESA,45,45165,TALAVERA DE LA REINA,2587
45126,OTERO,45,45173,TORRIJOS,436
45127,PALOMEQUE,45,45081,ILLESCAS,1213
45128,PANTOJA,45,45081,ILLESCAS,3536
45129,PAREDES DE ESCALONA,45,45173,TORRIJOS,133
45130,PARRILLAS,45,45165,TALAVERA DE LA REINA,323
45131,PELAHUSTÁN,45,45173,TORRIJOS,335
45132,PEPINO,45,45165,TALAVERA DE LA REINA,3421
45133,POLÁN,45,45168,TOLEDO,3941
45134,PORTILLO DE TOLEDO,45,45173,TORRIJOS,2384
45135,LA PUEBLA DE ALMORADIEL,45,45142,QUINTANAR DE LA ORDEN,4950
45136,LA PUEBLA DE MONTALBÁN,45,45173,TORRIJOS,8144
45137,LA PUEBLANUEVA,45,45165,TALAVERA DE LA REINA,2139
45138,EL PUENTE DEL ARZOBISPO,45,45165,TALAVERA DE LA REINA,1143
45139,PUERTO DE SAN VICENTE,45,45165,TALAVERA DE LA REINA,141
45140,PULGAR,45,45168,TOLEDO,1608
45141,QUERO,45,45142,QUINTANAR DE LA ORDEN,1006
45142,QUINTANAR DE LA ORDEN,45,45142,QUINTANAR DE LA ORDEN,11355
45143,QUISMONDO,45,45173,TORRIJOS,1857
45144,EL REAL DE SAN VICENTE,45,45165,TALAVERA DE LA REINA,966
45145,RECAS,45,45081,ILLESCAS,5037
45146,RETAMOSO DE LA JARA,45,45165,TALAVERA DE LA REINA,109
45147,RIELVES,45,45173,TORRIJOS,900
45148,ROBLEDO DEL MAZO,45,45165,TALAVERA DE LA REINA,249
45149,EL ROMERAL,45,45142,QUINTANAR DE LA ORDEN,518
45150,SAN BARTOLOMÉ DE LAS ABIERTAS,45,45165,TALAVERA DE LA REINA,637
45151,SAN MARTÍN DE MONTALBÁN,45,45168,TOLEDO,778
45152,SAN MARTÍN DE PUSA,45,45165,TALAVERA DE LA REINA,623
45153,SAN PABLO DE LOS MONTES,45,45168,TOLEDO,1627
45154,SAN ROMÁN DE LOS MONTES,45,45165,TALAVERA DE LA REINA,2191
45155,SANTA ANA DE PUSA,45,45165,TALAVERA DE LA REINA,345
45156,SANTA CRUZ DE LA ZARZA,45,45121,OCAÑA,4180
45157,SANTA CRUZ DEL RETAMAR,45,45173,TORRIJOS,4194
45158,SANTA OLALLA,45,45173,TORRIJOS,3571
45159,SARTAJADA,45,45165,TALAVERA DE LA REINA,104
45160,SEGURILLA,45,45165,TALAVERA DE LA REINA,1412
45161,SESEÑA,45,45081,ILLESCAS,30907
45162,SEVILLEJA DE LA JARA,45,45165,TALAVERA DE LA REINA,635
45163,SONSECA,45,45124,ORGAZ,11452
45164,SOTILLO DE LAS PALOMAS,45,45165,TALAVERA DE LA REINA,184
45165,TALAVERA DE LA REINA,45,45165,TALAVERA DE LA REINA,83803
45166,TEMBLEQUE,45,45121,OCAÑA,1992
45167,EL TOBOSO,45,45142,QUINTANAR DE LA ORDEN,1702
45168,TOLEDO,45,45168,TOLEDO,87216
45169,TORRALBA DE OROPESA,45,45165,TALAVERA DE LA REINA,186
45170,TORRECILLA DE LA JARA,45,45165,TALAVERA DE LA REINA,227
45171,LA TORRE DE ESTEBAN HAMBRÁN,45,45173,TORRIJOS,1946
45172,TORRICO,45,45165,TALAVERA DE LA REINA,688
45173,TORRIJOS,45,45173,TORRIJOS,14307
45174,TOTANÉS,45,45168,TOLEDO,361
45175,TURLEQUE,45,45124,ORGAZ,702
45176,UGENA,45,45081,ILLESCAS,5988
45177,URDA,45,45124,ORGAZ,2454
45179,VALDEVERDEJA,45,45165,TALAVERA DE LA REINA,598
45180,VALMOJADO,45,45081,ILLESCAS,4898
45181,VELADA,45,45165,TALAVERA DE LA REINA,2899
45182,LAS VENTAS CON PEÑA AGUILERA,45,45168,TOLEDO,1090
45183,LAS VENTAS DE RETAMOSA,45,45081,ILLESCAS,4206
45184,LAS VENTAS DE SAN JULIÁN,45,45165,TALAVERA DE LA REINA,239
45185,VILLACAÑAS,45,45142,QUINTANAR DE LA ORDEN,9411
45186,LA VILLA DE DON FADRIQUE,45,45142,QUINTANAR DE LA ORDEN,3519
45187,VILLAFRANCA DE LOS CABALLEROS,45,45124,ORGAZ,4884
45188,VILLALUENGA DE LA SAGRA,45,45081,ILLESCAS,4308
45189,VILLAMIEL DE TOLEDO,45,45173,TORRIJOS,1097
45190,VILLAMINAYA,45,45124,ORGAZ,518
45191,VILLAMUELAS,45,45121,OCAÑA,587
45192,VILLANUEVA DE ALCARDETE,45,45142,QUINTANAR DE LA ORDEN,2910
45193,VILLANUEVA DE BOGAS,45,45124,ORGAZ,657
45194,VILLAREJO DE MONTALBÁN,45,45165,TALAVERA DE LA REINA,83
45195,VILLARRUBIA DE SANTIAGO,45,45121,OCAÑA,2583
45196,VILLASECA DE LA SAGRA,45,45081,ILLESCAS,1910
45197,VILLASEQUILLA,45,45121,OCAÑA,2673
45198,VILLATOBAS,45,45121,OCAÑA,2964
45199,EL VISO DE SAN JUAN,45,45081,ILLESCAS,6380
45200,LOS YÉBENES,45,45124,ORGAZ,5787
45201,YELES,45,45081,ILLESCAS,6514
45202,YEPES,45,45121,OCAÑA,5820
45203,YUNCLER,45,45081,ILLESCAS,5275
45204,YUNCLILLOS,45,45081,ILLESCAS,819
45205,YUNCOS,45,45081,ILLESCAS,13189
45901,SANTO DOMINGO-CAUDILLA,45,45173,TORRIJOS,1299
46001,ADEMUZ,46,46147,LLIRIA,1015
46002,ADOR,46,46131,GANDIA,1755
46003,ATZENETA D'ALBAIDA,46,46184,ONTINYENT,1193
46004,AGULLENT,46,46184,ONTINYENT,2438
46005,ALAQUÀS,46,46244,TORRENT,30166
46006,ALBAIDA,46,46184,ONTINYENT,6322
46007,ALBAL,46,46094,CATARROJA,17365
46008,ALBALAT DE LA RIBERA,46,46235,SUECA,3523
46009,ALBALAT DELS SORELLS,46,46171,MONTCADA/MONCADA,4368
46010,ALBALAT DELS TARONGERS,46,46220,SAGUNTO/SAGUNT,1574
46011,ALBERIC,46,46017,ALZIRA,11099
46012,ALBORACHE,46,46213,REQUENA,1568
46013,ALBORAIA/ALBORAYA,46,46171,MONTCADA/MONCADA,26273
46014,ALBUIXECH,46,46164,MASSAMAGRELL,4482
46015,ALCÀSSER,46,46194,PICASSENT,10772
46016,ALCÀNTERA DE XÚQUER,46,46017,ALZIRA,1468
46017,ALZIRA,46,46017,ALZIRA,48236
46018,ALCUBLAS,46,46147,LLIRIA,710
46019,L'ALCÚDIA,46,46085,CARLET,12587
46020,L'ALCÚDIA DE CRESPÍNS,46,46145,XÀTIVA,5548
46021,ALDAIA,46,46244,TORRENT,34630
46022,ALFAFAR,46,46094,CATARRO4623548000000JA,22270
46023,ALFAUIR,46,46131,GANDIA,515
46024,ALFARA DE LA BARONIA,46,46220,SAGUNTO/SAGUNT,624
46025,ALFARA DEL PATRIARCA,46,46171,MONTCADA/MONCADA,3740
46026,ALFARB,46,46194,PICASSENT,1763
46027,ALFARRASÍ,46,46184,ONTINYENT,1173
46028,ALGAR DE PALÀNCIA,46,46220,SAGUNTO/SAGUNT,565
46029,ALGEMESÍ,46,46017,ALZIRA,28306
46030,ALGIMIA D'ALFARA,46,46220,SAGUNTO/SAGUNT,1115
46031,ALGINET,46,46085,CARLET,14844
46032,ALMÀSSERA,46,46171,MONTCADA/MONCADA,7887
46033,ALMISERÀ,46,46131,GANDIA,278
46034,ALMOINES,46,46131,GANDIA,2664
46035,ALMUSSAFES,46,46085,CARLET,9070
46036,ALPUENTE,46,46147,LLIRIA,688
46037,L'ALQUERIA DE LA COMTESSA,46,46131,GANDIA,1547
46038,ANDILLA,46,46147,LLIRIA,338
46039,ANNA,46,46145,XÀTIVA,2600
46040,ANTELLA,46,46017,ALZIRA,1130
46041,ARAS DE LOS OLMOS,46,46147,LLIRIA,401
46042,AIELO DE MALFERIT,46,46184,ONTINYENT,4624
46043,AIELO DE RUGAT,46,46184,ONTINYENT,160
46044,AYORA,46,46213,REQUENA,5282
46045,BARXETA,46,46145,XÀTIVA,1578
46046,BARX,46,46131,GANDIA,1501
46047,BÈLGIDA,46,46184,ONTINYENT,651
46048,BELLREGUARD,46,46131,GANDIA,5032
46049,BELLÚS,46,46184,ONTINYENT,317
46050,BENAGÉBER,46,46147,LLIRIA,176
46051,BENAGUASIL,46,46147,LLIRIA,12668
46052,BENAVITES,46,46220,SAGUNTO/SAGUNT,652
46053,BENEIXIDA,46,46017,ALZIRA,659
46054,BENETÚSSER,46,46094,CATARROJA,16734
46055,BENIARJÓ,46,46131,GANDIA,1964
46056,BENIATJAR,46,46184,ONTINYENT,209
46057,BENICOLET,46,46184,ONTINYENT,610
46058,BENIFAIRÓ DE LES VALLS,46,46220,SAGUNTO/SAGUNT,2359
46059,BENIFAIRÓ DE LA VALLDIGNA,46,46235,SUECA,1588
46060,BENIFAIÓ,46,46085,CARLET,12262
46061,BENIFLÁ,46,46131,GANDIA,505
46062,BENIGÀNIM,46,46184,ONTINYENT,5759
46063,BENIMODO,46,46085,CARLET,2332
46064,BENIMUSLEM,46,46017,ALZIRA,674
46065,BENIPARRELL,46,46194,PICASSENT,2108
46066,BENIRREDRÀ,46,46131,GANDIA,1576
46067,BENISSANÓ,46,46147,LLIRIA,2449
46068,BENISSODA,46,46184,ONTINYENT,494
46069,BENISSUERA,46,46184,ONTINYENT,196
46070,BÉTERA,46,46147,LLIRIA,28560
46071,BICORP,46,46145,XÀTIVA,546
46072,BOCAIRENT,46,46184,ONTINYENT,4130
46073,BOLBAITE,46,46145,XÀTIVA,1320
46074,BONREPÒS I MIRAMBELL,46,46171,MONTCADA/MONCADA,4115
46075,BUFALI,46,46184,ONTINYENT,162
46076,BUGARRA,46,46147,LLIRIA,774
46077,BUÑOL,46,46213,REQUENA,9858
46078,BURJASSOT,46,46190,PATERNA,41299
46079,CALLES,46,46147,LLIRIA,465
46080,CAMPORROBLES,46,46213,REQUENA,1183
46081,CANALS,46,46145,XÀTIVA,13746
46082,CANET D'EN BERENGUER,46,46220,SAGUNTO/SAGUNT,8297
46083,CARCAIXENT,46,46017,ALZIRA,21934
46084,CÀRCER,46,46017,ALZIRA,1795
46085,CARLET,46,46085,CARLET,16857
46086,CARRÍCOLA,46,46184,ONTINYENT,97
46087,CASAS ALTAS,46,46147,LLIRIA,118
46088,CASAS BAJAS,46,46147,LLIRIA,158
46089,CASINOS,46,46147,LLIRIA,3153
46090,CASTELLÓ DE RUGAT,46,46184,ONTINYENT,2345
46091,CASTELLONET DE LA CONQUESTA,46,46131,GANDIA,159
46092,CASTIELFABIB,46,46147,LLIRIA,284
46093,CATADAU,46,46194,PICASSENT,3005
46094,CATARROJA,46,46094,CATARROJA,30604
46095,CAUDETE DE LAS FUENTES,46,46213,REQUENA,725
46096,CERDÀ,46,46145,XÀTIVA,370
46097,COFRENTES,46,46213,REQUENA,1113
46098,CORBERA,46,46235,SUECA,3266
46099,CORTES DE PALLÁS,46,46213,REQUENA,727
46100,COTES,46,46017,ALZIRA,314
46101,QUART DE LES VALLS,46,46220,SAGUNTO/SAGUNT,1029
46102,QUART DE POBLET,46,46102,QUART DE POBLET,26967
46103,QUARTELL,46,46220,SAGUNTO/SAGUNT,1810
46104,QUATRETONDA,46,46184,ONTINYENT,2174
46105,CULLERA,46,46235,SUECA,24702
46106,CHELVA,46,46147,LLIRIA,1863
46107,CHELLA,46,46145,XÀTIVA,2452
46108,CHERA,46,46213,REQUENA,508
46109,CHESTE,46,46213,REQUENA,8951
46110,XIRIVELLA,46,46169,MISLATA,32093
46111,CHIVA,46,46213,REQUENA,17951
46112,CHULILLA,46,46147,LLIRIA,710
46113,DAIMÚS,46,46131,GANDIA,3524
46114,DOMEÑO,46,46147,LLIRIA,723
46115,DOS AGUAS,46,46213,REQUENA,340
46116,L'ELIANA,46,46147,LLIRIA,19839
46117,EMPERADOR,46,46171,MONTCADA/MONCADA,700
46118,ENGUERA,46,46145,XÀTIVA,4807
46119,L'ÉNOVA,46,46017,ALZIRA,952
46120,ESTIVELLA,46,46220,SAGUNTO/SAGUNT,1710
46121,ESTUBENY,46,46145,XÀTIVA,110
46122,FAURA,46,46220,SAGUNTO/SAGUNT,3753
46123,FAVARA,46,46235,SUECA,2776
46124,FONTANARS DELS ALFORINS,46,46184,ONTINYENT,936
46125,FORTALENY,46,46235,SUECA,1024
46126,FOIOS,46,46171,MONTCADA/MONCADA,7995
46127,LA FONT D'EN CARRÒS,46,46131,GANDIA,4020
46128,LA FONT DE LA FIGUERA,46,46145,XÀTIVA,2022
46129,FUENTERROBLES,46,46213,REQUENA,678
46130,GAVARDA,46,46017,ALZIRA,1023
46131,GANDIA,46,46131,GANDIA,83135
46132,EL GENOVÉS,46,46145,XÀTIVA,2822
46133,GESTALGAR,46,46147,LLIRIA,587
46134,GILET,46,46220,SAGUNTO/SAGUNT,4011
46135,GODELLA,46,46190,PATERNA,13533
46136,GODELLETA,46,46213,REQUENA,4266
46137,LA GRANJA DE LA COSTERA,46,46145,XÀTIVA,306
46138,GUADASSÉQUIES,46,46184,ONTINYENT,478
46139,GUADASSUAR,46,46017,ALZIRA,6039
46140,GUARDAMAR DE LA SAFOR,46,46131,GANDIA,622
46141,HIGUERUELAS,46,46147,LLIRIA,567
46142,JALANCE,46,46213,REQUENA,808
46143,XERACO,46,46131,GANDIA,6149
46144,JARAFUEL,46,46213,REQUENA,788
46145,XÀTIVA,46,46145,XÀTIVA,31008
46146,XERESA,46,46131,GANDIA,2418
46147,LLÍRIA,46,46147,LLIRIA,25333
46148,LORIGUILLA,46,46147,LLIRIA,2188
46149,LOSA DEL OBISPO,46,46147,LLIRIA,531
46150,LLUTXENT,46,46184,ONTINYENT,2314
46151,LLOCNOU D'EN FENOLLET,46,46145,XÀTIVA,944
46152,LLOCNOU DE LA CORONA,46,46094,CATARROJA,132
46153,LLOCNOU DE SANT JERONI,46,46131,GANDIA,594
46154,LLANERA DE RANES,46,46145,XÀTIVA,1062
46155,LLAURÍ,46,46235,SUECA,1226
46156,LLOMBAI,46,46194,PICASSENT,2791
46157,LA LLOSA DE RANES,46,46145,XÀTIVA,3765
46158,MACASTRE,46,46213,REQUENA,1461
46159,MANISES,46,46102,QUART DE POBLET,32609
46160,MANUEL,46,46017,ALZIRA,2560
46161,MARINES,46,46147,LLIRIA,1967
46162,MASSALAVÉS,46,46017,ALZIRA,1905
46163,MASSALFASSAR,46,46164,MASSAMAGRELL,2716
46164,MASSAMAGRELL,46,46164,MASSAMAGRELL,17566
46165,MASSANASSA,46,46094,CATARROJA,10607
46166,MELIANA,46,46171,MONTCADA/MONCADA,11055
46167,MILLARES,46,46213,REQUENA,321
46168,MIRAMAR,46,46131,GANDIA,3143
46169,MISLATA,46,46169,MISLATA,47079
46170,MOGENTE,46,46145,XÀTIVA,4401
46171,MONTCADA/MONCADA,46,46171,MONTCADA/MONCADA,22213
46172,MONTSERRAT,46,46194,PICASSENT,10062
46173,MONTAVERNER,46,46184,ONTINYENT,1624
46174,MONTESA,46,46145,XÀTIVA,1128
46175,MONTITXELVO/MONTICHELVO,46,46184,ONTINYENT,556
46176,MONTROI/MONTROY,46,46194,PICASSENT,3792
46177,MUSEROS,46,46164,MASSAMAGRELL,6871
46178,NÀQUERA/NÁQUERA,46,46147,LLIRIA,8556
46179,NAVARRÉS,46,46145,XÀTIVA,3027
46180,NOVETLÈ,46,46145,XÀTIVA,872
46181,OLIVA,46,46131,GANDIA,26813
46182,OLOCAU,46,46147,LLIRIA,2534
46183,L'OLLERIA,46,46184,ONTINYENT,8818
46184,ONTINYENT,46,46184,ONTINYENT,37012
46185,OTOS,46,46184,ONTINYENT,442
46186,PAIPORTA,46,46244,TORRENT,28136
46187,PALMA DE GANDÍA,46,46131,GANDIA,1897
46188,PALMERA,46,46131,GANDIA,1038
46189,EL PALOMAR,46,46184,ONTINYENT,593
46190,PATERNA,46,46190,PATERNA,76019
46191,PEDRALBA,46,46147,LLIRIA,3225
46192,PETRÉS,46,46220,SAGUNTO/SAGUNT,1124
46193,PICANYA,46,46244,TORRENT,11901
46194,PICASSENT,46,46194,PICASSENT,23202
46195,PILES,46,46131,GANDIA,3151
46196,PINET,46,46184,ONTINYENT,156
46197,POLINYÀ DE XÚQUER,46,46235,SUECA,2577
46198,POTRIES,46,46131,GANDIA,1135
46199,LA POBLA DE FARNALS,46,46164,MASSAMAGRELL,9255
46200,LA POBLA DEL DUC,46,46184,ONTINYENT,2451
46201,PUEBLA DE SAN MIGUEL,46,46147,LLIRIA,53
46202,LA POBLA DE VALLBONA,46,46147,LLIRIA,27471
46203,LA POBLA LLARGA,46,46017,ALZIRA,4665
46204,PUIG DE SANTA MARIA,46,46164,MASSAMAGRELL,9490
46205,PUÇOL,46,46164,MASSAMAGRELL,21659
46206,QUESA,46,46145,XÀTIVA,691
46207,RAFELBUNYOL,46,46164,MASSAMAGRELL,9974
46208,RAFELCOFER,46,46131,GANDIA,1409
46209,RAFELGUARAF,46,46017,ALZIRA,2395
46210,RÁFOL DE SALEM,46,46184,ONTINYENT,463
46211,EL REAL DE GANDÍA,46,46131,GANDIA,2722
46212,REAL,46,46194,PICASSENT,2497
46213,REQUENA,46,46213,REQUENA,20982
46214,RIBA-ROJA DE TÚRIA,46,46147,LLIRIA,24616
46215,RIOLA,46,46235,SUECA,1820
46216,ROCAFORT,46,46171,MONTCADA/MONCADA,7751
46217,ROTGLÁ I CORBERÁ,46,46145,XÀTIVA,1171
46218,RÒTOVA,46,46131,GANDIA,1283
46219,RUGAT,46,46184,ONTINYENT,165
46220,SAGUNTO,46,46220,SAGUNTO/SAGUNT,73031
46221,SALEM,46,46184,ONTINYENT,407
46222,SANT JOANET,46,46017,ALZIRA,527
46223,SEDAVÍ,46,46094,CATARROJA,10837
46224,SEGART,46,46220,SAGUNTO/SAGUNT,180
46225,SELLENT,46,46017,ALZIRA,383
46226,SEMPERE,46,46184,ONTINYENT,33
46227,SENYERA,46,46017,ALZIRA,1114
46228,SERRA,46,46147,LLIRIA,3767
46229,SIETE AGUAS,46,46213,REQUENA,1289
46230,SILLA,46,46085,CARLET,20482
46231,SIMAT DE LA VALLDIGNA,46,46235,SUECA,3311
46232,SINARCAS,46,46213,REQUENA,1176
46233,SOLLANA,46,46235,SUECA,5089
46234,SOT DE CHERA,46,46147,LLIRIA,427
46235,SUECA,46,46235,SUECA,29194
46236,SUMACÀRCER,46,46017,ALZIRA,1013
46237,TAVERNES BLANQUES,46,46171,MONTCADA/MONCADA,9824
46238,TAVERNES DE LA VALLDIGNA,46,46235,SUECA,17866
46239,TERESA DE COFRENTES,46,46213,REQUENA,620
46240,TERRATEIG,46,46184,ONTINYENT,290
46241,TITAGUAS,46,46147,LLIRIA,517
46242,TORREBAJA,46,46147,LLIRIA,398
46243,TORRELLA,46,46145,XÀTIVA,151
46244,TORRENT,46,46244,TORRENT,90928
46245,TORRES TORRES,46,46220,SAGUNTO/SAGUNT,808
46246,TOUS,46,46017,ALZIRA,1354
46247,TUÉJAR,46,46147,LLIRIA,1278
46248,TURÍS,46,46213,REQUENA,7717
46249,UTIEL,46,46213,REQUENA,11663
46250,VALÈNCIA,46,46250,VALÈNCIA,840792
46251,VALLADA,46,46145,XÀTIVA,3091
46252,VALLANCA,46,46147,LLIRIA,128
46253,VALLÉS,46,46145,XÀTIVA,161
46254,VENTA DEL MORO,46,46213,REQUENA,1143
46255,VILALONGA/VILLALONGA,46,46131,GANDIA,4865
46256,VILAMARXANT,46,46147,LLIRIA,11403
46257,CASTELLÓ,46,46017,ALZIRA,6972
46258,VILLAR DEL ARZOBISPO,46,46147,LLIRIA,3862
46259,VILLARGORDO DEL CABRIEL,46,46213,REQUENA,588
46260,VINALESA,46,46171,MONTCADA/MONCADA,3572
46261,YÁTOVA,46,46213,REQUENA,2325
46262,LA YESA,46,46147,LLIRIA,246
46263,ZARRA,46,46213,REQUENA,374
46902,GÁTOVA,46,46147,LLIRIA,452
46903,SAN ANTONIO DE BENAGÉBER,46,46190,PATERNA,11192
46904,BENICULL DE XÚQUER,46,46235,SUECA,1179
47001,ADALIA,47,47186,VALLADOLID,50
47002,AGUASAL,47,47085,MEDINA DEL CAMPO,18
47003,AGUILAR DE CAMPOS,47,47086,MEDINA DE RIOSECO,258
47004,ALAEJOS,47,47085,MEDINA DEL CAMPO,1427
47005,ALCAZARÉN,47,47085,MEDINA DEL CAMPO,623
47006,ALDEA DE SAN MIGUEL,47,47186,VALLADOLID,212
47007,ALDEAMAYOR DE SAN MARTÍN,47,47186,VALLADOLID,6290
47008,ALMENARA DE ADAJA,47,47085,MEDINA DEL CAMPO,24
47009,AMUSQUILLO,47,47186,VALLADOLID,95
47010,ARROYO DE LA ENCOMIENDA,47,47186,VALLADOLID,22800
47011,ATAQUINES,47,47085,MEDINA DEL CAMPO,580
47012,BAHABÓN,47,47186,VALLADOLID,97
47013,BARCIAL DE LA LOMA,47,47086,MEDINA DE RIOSECO,98
47014,BARRUELO DEL VALLE,47,47186,VALLADOLID,51
47015,BECILLA DE VALDERADUEY,47,47086,MEDINA DE RIOSECO,206
47016,BENAFARCES,47,47086,MEDINA DE RIOSECO,68
47017,BERCERO,47,47186,VALLADOLID,170
47018,BERCERUELO,47,47186,VALLADOLID,36
47019,BERRUECES,47,47086,MEDINA DE RIOSECO,85
47020,BOBADILLA DEL CAMPO,47,47085,MEDINA DEL CAMPO,279
47021,BOCIGAS,47,47085,MEDINA DEL CAMPO,75
47022,BOCOS DE DUERO,47,47186,VALLADOLID,79
47023,BOECILLO,47,47186,VALLADOLID,4446
47024,BOLAÑOS DE CAMPOS,47,47086,MEDINA DE RIOSECO,244
47025,BRAHOJOS DE MEDINA,47,47085,MEDINA DEL CAMPO,96
47026,BUSTILLO DE CHAVES,47,47086,MEDINA DE RIOSECO,66
47027,CABEZÓN DE PISUERGA,47,47186,VALLADOLID,3910
47028,CABEZÓN DE VALDERADUEY,47,47086,MEDINA DE RIOSECO,24
47029,CABREROS DEL MONTE,47,47086,MEDINA DE RIOSECO,64
47030,CAMPASPERO,47,47186,VALLADOLID,1001
47031,EL CAMPILLO,47,47085,MEDINA DEL CAMPO,204
47032,CAMPORREDONDO,47,47186,VALLADOLID,143
47033,CANALEJAS DE PEÑAFIEL,47,47186,VALLADOLID,248
47034,CANILLAS DE ESGUEVA,47,47186,VALLADOLID,71
47035,CARPIO,47,47085,MEDINA DEL CAMPO,923
47036,CASASOLA DE ARIÓN,47,47186,VALLADOLID,205
47037,CASTREJÓN DE TRABANCOS,47,47085,MEDINA DEL CAMPO,171
47038,CASTRILLO DE DUERO,47,47186,VALLADOLID,108
47039,CASTRILLO-TEJERIEGO,47,47186,VALLADOLID,157
47040,CASTROBOL,47,47086,MEDINA DE RIOSECO,43
47041,CASTRODEZA,47,47186,VALLADOLID,148
47042,CASTROMEMBIBRE,47,47086,MEDINA DE RIOSECO,49
47043,CASTROMONTE,47,47086,MEDINA DE RIOSECO,319
47044,CASTRONUEVO DE ESGUEVA,47,47186,VALLADOLID,412
47045,CASTRONUÑO,47,47085,MEDINA DEL CAMPO,737
47046,CASTROPONCE,47,47086,MEDINA DE RIOSECO,128
47047,CASTROVERDE DE CERRATO,47,47186,VALLADOLID,192
47048,CEINOS DE CAMPOS,47,47086,MEDINA DE RIOSECO,172
47049,CERVILLEGO DE LA CRUZ,47,47085,MEDINA DEL CAMPO,87
47050,CIGALES,47,47186,VALLADOLID,5454
47051,CIGUÑUELA,47,47186,VALLADOLID,361
47052,CISTÉRNIGA,47,47186,VALLADOLID,9489
47053,COGECES DE ISCAR,47,47186,VALLADOLID,143
47054,COGECES DEL MONTE,47,47186,VALLADOLID,640
47055,CORCOS,47,47186,VALLADOLID,203
47056,CORRALES DE DUERO,47,47186,VALLADOLID,104
47057,CUBILLAS DE SANTA MARTA,47,47186,VALLADOLID,394
47058,CUENCA DE CAMPOS,47,47086,MEDINA DE RIOSECO,179
47059,CURIEL DE DUERO,47,47186,VALLADOLID,111
47060,ENCINAS DE ESGUEVA,47,47186,VALLADOLID,214
47061,ESGUEVILLAS DE ESGUEVA,47,47186,VALLADOLID,257
47062,FOMBELLIDA,47,47186,VALLADOLID,169
47063,FOMPEDRAZA,47,47186,VALLADOLID,113
47064,FONTIHOYUELO,47,47086,MEDINA DE RIOSECO,29
47065,FRESNO EL VIEJO,47,47085,MEDINA DEL CAMPO,825
47066,FUENSALDAÑA,47,47186,VALLADOLID,2146
47067,FUENTE EL SOL,47,47085,MEDINA DEL CAMPO,150
47068,FUENTE-OLMEDO,47,47085,MEDINA DEL CAMPO,42
47069,GALLEGOS DE HORNIJA,47,47186,VALLADOLID,104
47070,GATÓN DE CAMPOS,47,47086,MEDINA DE RIOSECO,46
47071,GERIA,47,47186,VALLADOLID,492
47073,HERRÍN DE CAMPOS,47,47086,MEDINA DE RIOSECO,111
47074,HORNILLOS DE ERESMA,47,47085,MEDINA DEL CAMPO,182
47075,ISCAR,47,47186,VALLADOLID,6493
47076,LAGUNA DE DUERO,47,47186,VALLADOLID,22965
47077,LANGAYO,47,47186,VALLADOLID,246
47078,LOMOVIEJO,47,47085,MEDINA DEL CAMPO,155
47079,LLANO DE OLMEDO,47,47085,MEDINA DEL CAMPO,49
47080,MANZANILLO,47,47186,VALLADOLID,48
47081,MARZALES,47,47186,VALLADOLID,45
47082,MATAPOZUELOS,47,47085,MEDINA DEL CAMPO,977
47083,MATILLA DE LOS CAÑOS,47,47186,VALLADOLID,116
47084,MAYORGA,47,47086,MEDINA DE RIOSECO,1354
47085,MEDINA DEL CAMPO,47,47085,MEDINA DEL CAMPO,20215
47086,MEDINA DE RIOSECO,47,47086,MEDINA DE RIOSECO,4617
47087,MEGECES,47,47186,VALLADOLID,419
47088,MELGAR DE ABAJO,47,47086,MEDINA DE RIOSECO,117
47089,MELGAR DE ARRIBA,47,47086,MEDINA DE RIOSECO,161
47090,MOJADOS,47,47085,MEDINA DEL CAMPO,3415
47091,MONASTERIO DE VEGA,47,47086,MEDINA DE RIOSECO,79
47092,MONTEALEGRE DE CAMPOS,47,47086,MEDINA DE RIOSECO,105
47093,MONTEMAYOR DE PILILLA,47,47186,VALLADOLID,837
47094,MORAL DE LA REINA,47,47086,MEDINA DE RIOSECO,129
47095,MORALEJA DE LAS PANADERAS,47,47085,MEDINA DEL CAMPO,42
47096,MORALES DE CAMPOS,47,47086,MEDINA DE RIOSECO,128
47097,MOTA DEL MARQUÉS,47,47186,VALLADOLID,342
47098,MUCIENTES,47,47186,VALLADOLID,690
47099,LA MUDARRA,47,47086,MEDINA DE RIOSECO,167
47100,MURIEL,47,47085,MEDINA DEL CAMPO,106
47101,NAVA DEL REY,47,47085,MEDINA DEL CAMPO,1924
47102,NUEVA VILLA DE LAS TORRES,47,47085,MEDINA DEL CAMPO,265
47103,OLIVARES DE DUERO,47,47186,VALLADOLID,328
47104,OLMEDO,47,47085,MEDINA DEL CAMPO,3592
47105,OLMOS DE ESGUEVA,47,47186,VALLADOLID,187
47106,OLMOS DE PEÑAFIEL,47,47186,VALLADOLID,35
47109,PALAZUELO DE VEDIJA,47,47086,MEDINA DE RIOSECO,164
47110,LA PARRILLA,47,47186,VALLADOLID,471
47111,LA PEDRAJA DE PORTILLO,47,47186,VALLADOLID,1186
47112,PEDRAJAS DE SAN ESTEBAN,47,47186,VALLADOLID,3434
47113,PEDROSA DEL REY,47,47186,VALLADOLID,147
47114,PEÑAFIEL,47,47186,VALLADOLID,5143
47115,PEÑAFLOR DE HORNIJA,47,47186,VALLADOLID,350
47116,PESQUERA DE DUERO,47,47186,VALLADOLID,403
47117,PIÑA DE ESGUEVA,47,47186,VALLADOLID,313
47118,PIÑEL DE ABAJO,47,47186,VALLADOLID,165
47119,PIÑEL DE ARRIBA,47,47186,VALLADOLID,81
47121,POLLOS,47,47186,VALLADOLID,565
47122,PORTILLO,47,47186,VALLADOLID,2377
47123,POZAL DE GALLINAS,47,47085,MEDINA DEL CAMPO,556
47124,POZALDEZ,47,47085,MEDINA DEL CAMPO,503
47125,POZUELO DE LA ORDEN,47,47086,MEDINA DE RIOSECO,56
47126,PURAS,47,47085,MEDINA DEL CAMPO,44
47127,QUINTANILLA DE ARRIBA,47,47186,VALLADOLID,161
47128,QUINTANILLA DEL MOLAR,47,47086,MEDINA DE RIOSECO,43
47129,QUINTANILLA DE ONÉSIMO,47,47186,VALLADOLID,1043
47130,QUINTANILLA DE TRIGUEROS,47,47186,VALLADOLID,100
47131,RÁBANO,47,47186,VALLADOLID,169
47132,RAMIRO,47,47085,MEDINA DEL CAMPO,44
47133,RENEDO DE ESGUEVA,47,47186,VALLADOLID,3993
47134,ROALES DE CAMPOS,47,47086,MEDINA DE RIOSECO,155
47135,ROBLADILLO,47,47186,VALLADOLID,86
47137,ROTURAS,47,47186,VALLADOLID,26
47138,RUBÍ DE BRACAMONTE,47,47085,MEDINA DEL CAMPO,207
47139,RUEDA,47,47085,MEDINA DEL CAMPO,1118
47140,SAELICES DE MAYORGA,47,47086,MEDINA DE RIOSECO,116
47141,SALVADOR DE ZAPARDIEL,47,47085,MEDINA DEL CAMPO,99
47142,SAN CEBRIÁN DE MAZOTE,47,47186,VALLADOLID,99
47143,SAN LLORENTE,47,47186,VALLADOLID,93
47144,SAN MARTÍN DE VALVENÍ,47,47186,VALLADOLID,78
47145,SAN MIGUEL DEL ARROYO,47,47186,VALLADOLID,641
47146,SAN MIGUEL DEL PINO,47,47186,VALLADOLID,365
47147,SAN PABLO DE LA MORALEJA,47,47085,MEDINA DEL CAMPO,113
47148,SAN PEDRO DE LATARCE,47,47086,MEDINA DE RIOSECO,429
47149,SAN PELAYO,47,47186,VALLADOLID,42
47150,SAN ROMÁN DE HORNIJA,47,47186,VALLADOLID,295
47151,SAN SALVADOR,47,47186,VALLADOLID,20
47152,SANTA EUFEMIA DEL ARROYO,47,47086,MEDINA DE RIOSECO,78
47153,SANTERVÁS DE CAMPOS,47,47086,MEDINA DE RIOSECO,100
47154,SANTIBÁÑEZ DE VALCORBA,47,47186,VALLADOLID,195
47155,SANTOVENIA DE PISUERGA,47,47186,VALLADOLID,4762
47156,SAN VICENTE DEL PALACIO,47,47085,MEDINA DEL CAMPO,155
47157,SARDÓN DE DUERO,47,47186,VALLADOLID,600
47158,LA SECA,47,47085,MEDINA DEL CAMPO,1015
47159,SERRADA,47,47085,MEDINA DEL CAMPO,1117
47160,SIETE IGLESIAS DE TRABANCOS,47,47085,MEDINA DEL CAMPO,413
47161,SIMANCAS,47,47186,VALLADOLID,5533
47162,TAMARIZ DE CAMPOS,47,47086,MEDINA DE RIOSECO,85
47163,TIEDRA,47,47086,MEDINA DE RIOSECO,273
47164,TORDEHUMOS,47,47086,MEDINA DE RIOSECO,362
47165,TORDESILLAS,47,47186,VALLADOLID,8773
47166,TORRECILLA DE LA ABADESA,47,47186,VALLADOLID,237
47167,TORRECILLA DE LA ORDEN,47,47085,MEDINA DEL CAMPO,226
47168,TORRECILLA DE LA TORRE,47,47186,VALLADOLID,27
47169,TORRE DE ESGUEVA,47,47186,VALLADOLID,60
47170,TORRE DE PEÑAFIEL,47,47186,VALLADOLID,57
47171,TORRELOBATÓN,47,47186,VALLADOLID,387
47172,TORRESCÁRCELA,47,47186,VALLADOLID,162
47173,TRASPINEDO,47,47186,VALLADOLID,1308
47174,TRIGUEROS DEL VALLE,47,47186,VALLADOLID,320
47175,TUDELA DE DUERO,47,47186,VALLADOLID,8861
47176,LA UNIÓN DE CAMPOS,47,47086,MEDINA DE RIOSECO,210
47177,URONES DE CASTROPONCE,47,47086,MEDINA DE RIOSECO,94
47178,URUEÑA,47,47086,MEDINA DE RIOSECO,200
47179,VALBUENA DE DUERO,47,47186,VALLADOLID,385
47180,VALDEARCOS DE LA VEGA,47,47186,VALLADOLID,56
47181,VALDENEBRO DE LOS VALLES,47,47086,MEDINA DE RIOSECO,187
47182,VALDESTILLAS,47,47085,MEDINA DEL CAMPO,1634
47183,VALDUNQUILLO,47,47086,MEDINA DE RIOSECO,111
47184,VALORIA LA BUENA,47,47186,VALLADOLID,740
47185,VALVERDE DE CAMPOS,47,47086,MEDINA DE RIOSECO,89
47186,VALLADOLID,47,47186,VALLADOLID,302614
47187,VEGA DE RUIPONCE,47,47086,MEDINA DE RIOSECO,81
47188,VEGA DE VALDETRONCO,47,47186,VALLADOLID,88
47189,VELASCÁLVARO,47,47085,MEDINA DEL CAMPO,156
47190,VELILLA,47,47186,VALLADOLID,109
47191,VELLIZA,47,47186,VALLADOLID,121
47192,VENTOSA DE LA CUESTA,47,47085,MEDINA DEL CAMPO,110
47193,VIANA DE CEGA,47,47186,VALLADOLID,2282
47194,VILORIA,47,47186,VALLADOLID,338
47195,VILLABÁÑEZ,47,47186,VALLADOLID,516
47196,VILLABARUZ DE CAMPOS,47,47086,MEDINA DE RIOSECO,31
47197,VILLABRÁGIMA,47,47086,MEDINA DE RIOSECO,1075
47198,VILLACARRALÓN,47,47086,MEDINA DE RIOSECO,71
47199,VILLACID DE CAMPOS,47,47086,MEDINA DE RIOSECO,83
47200,VILLACO,47,47186,VALLADOLID,72
47203,VILLAFRADES DE CAMPOS,47,47086,MEDINA DE RIOSECO,59
47204,VILLAFRANCA DE DUERO,47,47085,MEDINA DEL CAMPO,247
47205,VILLAFRECHÓS,47,47086,MEDINA DE RIOSECO,473
47206,VILLAFUERTE,47,47186,VALLADOLID,80
47207,VILLAGARCÍA DE CAMPOS,47,47086,MEDINA DE RIOSECO,297
47208,VILLAGÓMEZ LA NUEVA,47,47086,MEDINA DE RIOSECO,46
47209,VILLALÁN DE CAMPOS,47,47086,MEDINA DE RIOSECO,36
47210,VILLALAR DE LOS COMUNEROS,47,47186,VALLADOLID,469
47211,VILLALBA DE LA LOMA,47,47086,MEDINA DE RIOSECO,56
47212,VILLALBA DE LOS ALCORES,47,47086,MEDINA DE RIOSECO,383
47213,VILLALBARBA,47,47186,VALLADOLID,96
47214,VILLALÓN DE CAMPOS,47,47086,MEDINA DE RIOSECO,1473
47215,VILLAMURIEL DE CAMPOS,47,47086,MEDINA DE RIOSECO,55
47216,VILLÁN DE TORDESILLAS,47,47186,VALLADOLID,122
47217,VILLANUBLA,47,47186,VALLADOLID,2903
47218,VILLANUEVA DE DUERO,47,47085,MEDINA DEL CAMPO,1263
47219,VILLANUEVA DE LA CONDESA,47,47086,MEDINA DE RIOSECO,64
47220,VILLANUEVA DE LOS CABALLEROS,47,47086,MEDINA DE RIOSECO,147
47221,VILLANUEVA DE LOS INFANTES,47,47186,VALLADOLID,116
47222,VILLANUEVA DE SAN MANCIO,47,47086,MEDINA DE RIOSECO,96
47223,VILLARDEFRADES,47,47086,MEDINA DE RIOSECO,145
47224,VILLARMENTERO DE ESGUEVA,47,47186,VALLADOLID,99
47225,VILLASEXMIR,47,47186,VALLADOLID,67
47226,VILLAVAQUERÍN,47,47186,VALLADOLID,155
47227,VILLAVELLID,47,47086,MEDINA DE RIOSECO,51
47228,VILLAVERDE DE MEDINA,47,47085,MEDINA DEL CAMPO,497
47229,VILLAVICENCIO DE LOS CABALLEROS,47,47086,MEDINA DE RIOSECO,215
47230,WAMBA,47,47186,VALLADOLID,289
47231,ZARATÁN,47,47186,VALLADOLID,6386
47232,LA ZARZA,47,47085,MEDINA DEL CAMPO,109
48001,ABADIÑO,48,48027,DURANGO,7768
48002,ABANTO Y CIÉRVANA/ABANTO ZIERBENA,48,48013,BARAKALDO,9379
48003,AMOREBIETA-ETXANO,48,48027,DURANGO,19660
48004,AMOROTO,48,48046,GERNIKA-LUMO,390
48005,ARAKALDO,48,48020,BILBAO,156
48006,ARANTZAZU,48,48027,DURANGO,411
48007,MUNITIBAR-ARBATZEGI GERRIKAITZ,48,48046,GERNIKA-LUMO,467
48008,ARTZENTALES,48,48090,BALMASEDA,754
48009,ARRANKUDIAGA-ZOLLO,48,48020,BILBAO,1018
48010,ARRIETA,48,48046,GERNIKA-LUMO,582
48011,ARRIGORRIAGA,48,48020,BILBAO,11939
48012,BAKIO,48,48046,GERNIKA-LUMO,2857
48013,BARAKALDO,48,48013,BARAKALDO,102986
48014,BARRIKA,48,48044,GETXO,1513
48015,BASAURI,48,48020,BILBAO,40274
48016,BERANGO,48,48044,GETXO,8242
48017,BERMEO,48,48046,GERNIKA-LUMO,17038
48018,BERRIATUA,48,48046,GERNIKA-LUMO,1224
48019,BERRIZ,48,48027,DURANGO,4533
48020,BILBAO,48,48020,BILBAO,351124
48021,BUSTURIA,48,48046,GERNIKA-LUMO,1693
48022,KARRANTZA HARANA/VALLE DE CARRANZA,48,48090,BALMASEDA,2715
48023,ARTEA,48,48027,DURANGO,743
48024,ZEANURI,48,48027,DURANGO,1234
48025,ZEBERIO,48,48020,BILBAO,1087
48026,DIMA,48,48027,DURANGO,1531
48027,DURANGO,48,48027,DURANGO,30192
48028,EA,48,48046,GERNIKA-LUMO,824
48029,ETXEBARRI,48,48020,BILBAO,12038
48030,ETXEBARRIA,48,48046,GERNIKA-LUMO,791
48031,ELANTXOBE,48,48046,GERNIKA-LUMO,320
48032,ELORRIO,48,48027,DURANGO,7277
48033,EREÑO,48,48046,GERNIKA-LUMO,275
48034,ERMUA,48,48027,DURANGO,15516
48035,FRUIZ,48,48046,GERNIKA-LUMO,591
48036,GALDAKAO,48,48020,BILBAO,24776
48037,GALDAMES,48,48090,BALMASEDA,829
48038,GAMIZ-FIKA,48,48046,GERNIKA-LUMO,1414
48039,GARAI,48,48027,DURANGO,332
48040,GATIKA,48,48044,GETXO,1633
48041,GAUTEGIZ ARTEAGA,48,48046,GERNIKA-LUMO,866
48042,GORDEXOLA,48,48090,BALMASEDA,1720
48043,GORLIZ,48,48044,GETXO,6034
48044,GETXO,48,48044,GETXO,75752
48045,GÜEÑES,48,48090,BALMASEDA,6817
48046,GERNIKA-LUMO,48,48046,GERNIKA-LUMO,17129
48047,GIZABURUAGA,48,48046,GERNIKA-LUMO,196
48048,IBARRANGELU,48,48046,GERNIKA-LUMO,669
48049,ISPASTER,48,48046,GERNIKA-LUMO,721
48050,IZURTZA,48,48027,DURANGO,224
48051,LANESTOSA,48,48090,BALMASEDA,244
48052,LARRABETZU,48,48020,BILBAO,2039
48053,LAUKIZ,48,48044,GETXO,1239
48054,LEIOA,48,48044,GETXO,32748
48055,LEMOA,48,48027,DURANGO,3614
48056,LEMOIZ,48,48044,GETXO,1347
48057,LEKEITIO,48,48046,GERNIKA-LUMO,7211
48058,MALLABIA,48,48027,DURANGO,1106
48059,MAÑARIA,48,48027,DURANGO,539
48060,MARKINA-XEMEIN,48,48046,GERNIKA-LUMO,5089
48061,MARURI-JATABE,48,48044,GETXO,1129
48062,MENDATA,48,48046,GERNIKA-LUMO,382
48063,MENDEXA,48,48046,GERNIKA-LUMO,426
48064,MEÑAKA,48,48046,GERNIKA-LUMO,789
48065,UGAO-MIRABALLES,48,48020,BILBAO,4213
48066,MORGA,48,48046,GERNIKA-LUMO,416
48067,MUXIKA,48,48046,GERNIKA-LUMO,1546
48068,MUNDAKA,48,48046,GERNIKA-LUMO,1816
48069,MUNGIA,48,48046,GERNIKA-LUMO,18129
48070,AULESTI,48,48046,GERNIKA-LUMO,639
48071,MUSKIZ,48,48013,BARAKALDO,7465
48072,OTXANDIO,48,48027,DURANGO,1322
48073,ONDARROA,48,48046,GERNIKA-LUMO,8060
48074,URDUÑA/ORDUÑA,48,48020,BILBAO,4247
48075,OROZKO,48,48020,BILBAO,2666
48076,SUKARRIETA,48,48046,GERNIKA-LUMO,362
48077,PLENTZIA,48,48044,GETXO,4407
48078,PORTUGALETE,48,48013,BARAKALDO,44843
48079,ERRIGOITI,48,48046,GERNIKA-LUMO,499
48080,VALLE DE TRÁPAGA-TRAPAGARAN,48,48013,BARAKALDO,11797
48081,LEZAMA,48,48020,BILBAO,2430
48082,SANTURTZI,48,48013,BARAKALDO,46442
48083,ORTUELLA,48,48013,BARAKALDO,8735
48084,SESTAO,48,48013,BARAKALDO,28512
48085,SOPELA,48,48044,GETXO,15048
48086,SOPUERTA,48,48090,BALMASEDA,2820
48087,TRUCIOS-TURTZIOZ,48,48090,BALMASEDA,515
48088,UBIDE,48,48027,DURANGO,167
48089,URDULIZ,48,48044,GETXO,6128
48090,BALMASEDA,48,48090,BALMASEDA,7718
48091,ATXONDO,48,48027,DURANGO,1342
48092,BEDIA,48,48027,DURANGO,1111
48093,AREATZA,48,48027,DURANGO,1292
48094,IGORRE,48,48027,DURANGO,4344
48095,ZALDIBAR,48,48027,DURANGO,3066
48096,ZALLA,48,48090,BALMASEDA,8334
48097,ZARATAMO,48,48020,BILBAO,1609
48901,DERIO,48,48020,BILBAO,7294
48902,ERANDIO,48,48020,BILBAO,24659
48903,LOIU,48,48020,BILBAO,2364
48904,SONDIKA,48,48020,BILBAO,4670
48905,ZAMUDIO,48,48020,BILBAO,3442
48906,FORUA,48,48046,GERNIKA-LUMO,928
48907,KORTEZUBI,48,48046,GERNIKA-LUMO,447
48908,MURUETA,48,48046,GERNIKA-LUMO,311
48909,NABARNIZ,48,48046,GERNIKA-LUMO,264
48910,IURRETA,48,48027,DURANGO,3897
48911,AJANGIZ,48,48046,GERNIKA-LUMO,458
48912,ALONSOTEGI,48,48013,BARAKALDO,2991
48913,ZIERBENA,48,48013,BARAKALDO,1512
48914,ARRATZU,48,48046,GERNIKA-LUMO,417
48915,ZIORTZA-BOLIBAR,48,48046,GERNIKA-LUMO,401
48916,USANSOLO,48,48020,BILBAO,4565
49002,ABEZAMES,49,49219,TORO,58
49003,ALCAÑICES,49,49275,ZAMORA,1062
49004,ALCUBILLA DE NOGALES,49,49021,BENAVENTE,108
49005,ALFARAZ DE SAYAGO,49,49275,ZAMORA,120
49006,ALGODRE,49,49275,ZAMORA,131
49007,ALMARAZ DE DUERO,49,49275,ZAMORA,386
49008,ALMEIDA DE SAYAGO,49,49275,ZAMORA,411
49009,ANDAVÍAS,49,49275,ZAMORA,404
49010,ARCENILLAS,49,49275,ZAMORA,450
49011,ARCOS DE LA POLVOROSA,49,49021,BENAVENTE,211
49012,ARGAÑÍN,49,49275,ZAMORA,79
49013,ARGUJILLO,49,49275,ZAMORA,215
49014,ARQUILLINOS,49,49275,ZAMORA,105
49015,ARRABALDE,49,49021,BENAVENTE,186
49016,ASPARIEGOS,49,49275,ZAMORA,223
49017,ASTURIANOS,49,49166,PUEBLA DE SANABRIA,252
49018,AYOÓ DE VIDRIALES,49,49021,BENAVENTE,264
49019,BARCIAL DEL BARCO,49,49021,BENAVENTE,254
49020,BELVER DE LOS MONTES,49,49250,VILLALPANDO,252
49021,BENAVENTE,49,49021,BENAVENTE,17309
49022,BENEGILES,49,49275,ZAMORA,266
49023,BERMILLO DE SAYAGO,49,49275,ZAMORA,1028
49024,LA BÓVEDA DE TORO,49,49219,TORO,682
49025,BRETÓ,49,49021,BENAVENTE,163
49026,BRETOCINO,49,49021,BENAVENTE,192
49027,BRIME DE SOG,49,49021,BENAVENTE,114
49028,BRIME DE URZ,49,49021,BENAVENTE,96
49029,BURGANES DE VALVERDE,49,49021,BENAVENTE,593
49030,BUSTILLO DEL ORO,49,49275,ZAMORA,75
49031,CABAÑAS DE SAYAGO,49,49275,ZAMORA,143
49032,CALZADILLA DE TERA,49,49021,BENAVENTE,278
49033,CAMARZANA DE TERA,49,49021,BENAVENTE,740
49034,CAÑIZAL,49,49219,TORO,410
49035,CAÑIZO,49,49250,VILLALPANDO,197
49036,CARBAJALES DE ALBA,49,49275,ZAMORA,463
49037,CARBELLINO,49,49275,ZAMORA,174
49038,CASASECA DE CAMPEÁN,49,49275,ZAMORA,88
49039,CASASECA DE LAS CHANAS,49,49275,ZAMORA,373
49040,CASTRILLO DE LA GUAREÑA,49,49219,TORO,133
49041,CASTROGONZALO,49,49021,BENAVENTE,432
49042,CASTRONUEVO,49,49250,VILLALPANDO,216
49043,CASTROVERDE DE CAMPOS,49,49250,VILLALPANDO,240
49044,CAZURRA,49,49275,ZAMORA,72
49046,CERECINOS DE CAMPOS,49,49250,VILLALPANDO,231
49047,CERECINOS DEL CARRIZAL,49,49275,ZAMORA,111
49048,CERNADILLA,49,49166,PUEBLA DE SANABRIA,105
49050,COBREROS,49,49166,PUEBLA DE SANABRIA,543
49052,COOMONTE,49,49021,BENAVENTE,180
49053,CORESES,49,49275,ZAMORA,1054
49054,CORRALES DEL VINO,49,49275,ZAMORA,930
49055,COTANES,49,49250,VILLALPANDO,79
49056,CUBILLOS,49,49275,ZAMORA,294
49057,CUBO DE BENAVENTE,49,49021,BENAVENTE,115
49058,EL CUBO DE TIERRA DEL VINO,49,49275,ZAMORA,294
49059,CUELGAMURES,49,49219,TORO,77
49061,ENTRALA,49,49275,ZAMORA,133
49062,ESPADAÑEDO,49,49166,PUEBLA DE SANABRIA,109
49063,FARAMONTANOS DE TÁBARA,49,49275,ZAMORA,318
49064,FARIZA,49,49275,ZAMORA,487
49065,FERMOSELLE,49,49275,ZAMORA,1131
49066,FERRERAS DE ABAJO,49,49275,ZAMORA,461
49067,FERRERAS DE ARRIBA,49,49275,ZAMORA,350
49068,FERRERUELA,49,49275,ZAMORA,409
49069,FIGUERUELA DE ARRIBA,49,49275,ZAMORA,310
49071,FONFRÍA,49,49275,ZAMORA,794
49075,FRESNO DE LA POLVOROSA,49,49021,BENAVENTE,117
49076,FRESNO DE LA RIBERA,49,49275,ZAMORA,326
49077,FRESNO DE SAYAGO,49,49275,ZAMORA,137
49078,FRIERA DE VALVERDE,49,49021,BENAVENTE,121
49079,FUENTE ENCALADA,49,49021,BENAVENTE,92
49080,FUENTELAPEÑA,49,49219,TORO,589
49081,FUENTESAÚCO,49,49219,TORO,1593
49082,FUENTES DE ROPEL,49,49021,BENAVENTE,369
49083,FUENTESECAS,49,49219,TORO,43
49084,FUENTESPREADAS,49,49219,TORO,267
49085,GALENDE,49,49166,PUEBLA DE SANABRIA,1019
49086,GALLEGOS DEL PAN,49,49275,ZAMORA,118
49087,GALLEGOS DEL RÍO,49,49275,ZAMORA,455
49088,GAMONES,49,49275,ZAMORA,89
49090,GEMA,49,49275,ZAMORA,201
49091,GRANJA DE MORERUELA,49,49250,VILLALPANDO,228
49092,GRANUCILLO,49,49021,BENAVENTE,105
49093,GUARRATE,49,49219,TORO,313
49094,HERMISENDE,49,49166,PUEBLA DE SANABRIA,207
49095,LA HINIESTA,49,49275,ZAMORA,293
49096,JAMBRINA,49,49275,ZAMORA,149
49097,JUSTEL,49,49166,PUEBLA DE SANABRIA,75
49098,LOSACINO,49,49275,ZAMORA,189
49099,LOSACIO,49,49275,ZAMORA,90
49100,LUBIÁN,49,49166,PUEBLA DE SANABRIA,296
49101,LUELMO,49,49275,ZAMORA,148
49102,EL MADERAL,49,49275,ZAMORA,172
49103,MADRIDANOS,49,49275,ZAMORA,461
49104,MAHIDE,49,49275,ZAMORA,299
49105,MAIRE DE CASTROPONCE,49,49021,BENAVENTE,138
49107,MALVA,49,49275,ZAMORA,92
49108,MANGANESES DE LA LAMPREANA,49,49250,VILLALPANDO,438
49109,MANGANESES DE LA POLVOROSA,49,49021,BENAVENTE,637
49110,MANZANAL DE ARRIBA,49,49166,PUEBLA DE SANABRIA,332
49111,MANZANAL DEL BARCO,49,49275,ZAMORA,118
49112,MANZANAL DE LOS INFANTES,49,49166,PUEBLA DE SANABRIA,133
49113,MATILLA DE ARZÓN,49,49021,BENAVENTE,150
49114,MATILLA LA SECA,49,49275,ZAMORA,33
49115,MAYALDE,49,49275,ZAMORA,140
49116,MELGAR DE TERA,49,49021,BENAVENTE,331
49117,MICERECES DE TERA,49,49021,BENAVENTE,404
49118,MILLES DE LA POLVOROSA,49,49021,BENAVENTE,206
49119,MOLACILLOS,49,49275,ZAMORA,223
49120,MOLEZUELAS DE LA CARBALLEDA,49,49166,PUEBLA DE SANABRIA,47
49121,MOMBUEY,49,49166,PUEBLA DE SANABRIA,395
49122,MONFARRACINOS,49,49275,ZAMORA,998
49123,MONTAMARTA,49,49275,ZAMORA,549
49124,MORAL DE SAYAGO,49,49275,ZAMORA,265
49125,MORALEJA DEL VINO,49,49275,ZAMORA,1796
49126,MORALEJA DE SAYAGO,49,49275,ZAMORA,300
49127,MORALES DEL VINO,49,49275,ZAMORA,3040
49128,MORALES DE REY,49,49021,BENAVENTE,529
49129,MORALES DE TORO,49,49219,TORO,918
49130,MORALES DE VALVERDE,49,49021,BENAVENTE,156
49131,MORALINA,49,49275,ZAMORA,211
49132,MORERUELA DE LOS INFANZONES,49,49275,ZAMORA,318
49133,MORERUELA DE TÁBARA,49,49275,ZAMORA,290
49134,MUELAS DE LOS CABALLEROS,49,49166,PUEBLA DE SANABRIA,184
49135,MUELAS DEL PAN,49,49275,ZAMORA,592
49136,MUGA DE SAYAGO,49,49275,ZAMORA,313
49137,NAVIANOS DE VALVERDE,49,49021,BENAVENTE,157
49138,OLMILLOS DE CASTRO,49,49275,ZAMORA,182
49139,OTERO DE BODAS,49,49021,BENAVENTE,164
49141,PAJARES DE LA LAMPREANA,49,49275,ZAMORA,282
49142,PALACIOS DEL PAN,49,49275,ZAMORA,249
49143,PALACIOS DE SANABRIA,49,49166,PUEBLA DE SANABRIA,233
49145,PEDRALBA DE LA PRADERÍA,49,49166,PUEBLA DE SANABRIA,198
49146,EL PEGO,49,49219,TORO,268
49147,PELEAGONZALO,49,49219,TORO,286
49148,PELEAS DE ABAJO,49,49275,ZAMORA,248
49149,PEÑAUSENDE,49,49275,ZAMORA,386
49150,PEQUE,49,49166,PUEBLA DE SANABRIA,111
49151,EL PERDIGÓN,49,49275,ZAMORA,673
49152,PERERUELA,49,49275,ZAMORA,499
49153,PERILLA DE CASTRO,49,49275,ZAMORA,150
49154,PÍAS,49,49166,PUEBLA DE SANABRIA,91
49155,PIEDRAHITA DE CASTRO,49,49275,ZAMORA,104
49156,PINILLA DE TORO,49,49219,TORO,186
49157,PINO DEL ORO,49,49275,ZAMORA,173
49158,EL PIÑERO,49,49275,ZAMORA,210
49159,POBLADURA DEL VALLE,49,49021,BENAVENTE,269
49160,POBLADURA DE VALDERADUEY,49,49250,VILLALPANDO,34
49162,PORTO,49,49166,PUEBLA DE SANABRIA,147
49163,POZOANTIGUO,49,49219,TORO,188
49164,POZUELO DE TÁBARA,49,49275,ZAMORA,150
49165,PRADO,49,49250,VILLALPANDO,53
49166,PUEBLA DE SANABRIA,49,49166,PUEBLA DE SANABRIA,1378
49167,PUEBLICA DE VALVERDE,49,49021,BENAVENTE,172
49168,QUINTANILLA DEL MONTE,49,49250,VILLALPANDO,93
49169,QUINTANILLA DEL OLMO,49,49250,VILLALPANDO,38
49170,QUINTANILLA DE URZ,49,49021,BENAVENTE,98
49171,QUIRUELAS DE VIDRIALES,49,49021,BENAVENTE,615
49172,RABANALES,49,49275,ZAMORA,497
49173,RÁBANO DE ALISTE,49,49275,ZAMORA,313
49174,REQUEJO,49,49166,PUEBLA DE SANABRIA,107
49175,REVELLINOS,49,49250,VILLALPANDO,223
49176,RIOFRÍO DE ALISTE,49,49275,ZAMORA,589
49177,RIONEGRO DEL PUENTE,49,49166,PUEBLA DE SANABRIA,224
49178,ROALES,49,49275,ZAMORA,1019
49179,ROBLEDA-CERVANTES,49,49166,PUEBLA DE SANABRIA,375
49180,ROELOS DE SAYAGO,49,49275,ZAMORA,133
49181,ROSINOS DE LA REQUEJADA,49,49166,PUEBLA DE SANABRIA,292
49183,SALCE,49,49275,ZAMORA,83
49184,SAMIR DE LOS CAÑOS,49,49275,ZAMORA,158
49185,SAN AGUSTÍN DEL POZO,49,49250,VILLALPANDO,163
49186,SAN CEBRIÁN DE CASTRO,49,49275,ZAMORA,250
49187,SAN CRISTÓBAL DE ENTREVIÑAS,49,49021,BENAVENTE,1328
49188,SAN ESTEBAN DEL MOLAR,49,49250,VILLALPANDO,117
49189,SAN JUSTO,49,49166,PUEBLA DE SANABRIA,207
49190,SAN MARTÍN DE VALDERADUEY,49,49250,VILLALPANDO,47
49191,SAN MIGUEL DE LA RIBERA,49,49275,ZAMORA,244
49192,SAN MIGUEL DEL VALLE,49,49250,VILLALPANDO,123
49193,SAN PEDRO DE CEQUE,49,49021,BENAVENTE,417
49194,SAN PEDRO DE LA NAVE-ALMENDRA,49,49275,ZAMORA,313
49197,SANTA CLARA DE AVEDILLO,49,49275,ZAMORA,153
49199,SANTA COLOMBA DE LAS MONJAS,49,49021,BENAVENTE,236
49200,SANTA CRISTINA DE LA POLVOROSA,49,49021,BENAVENTE,1034
49201,SANTA CROYA DE TERA,49,49021,BENAVENTE,253
49202,SANTA EUFEMIA DEL BARCO,49,49275,ZAMORA,169
49203,SANTA MARÍA DE LA VEGA,49,49021,BENAVENTE,259
49204,SANTA MARÍA DE VALVERDE,49,49021,BENAVENTE,50
49205,SANTIBÁÑEZ DE TERA,49,49021,BENAVENTE,351
49206,SANTIBÁÑEZ DE VIDRIALES,49,49021,BENAVENTE,846
49207,SANTOVENIA,49,49021,BENAVENTE,219
49208,SAN VICENTE DE LA CABEZA,49,49275,ZAMORA,309
49209,SAN VITERO,49,49275,ZAMORA,419
49210,SANZOLES,49,49275,ZAMORA,454
49214,TÁBARA,49,49275,ZAMORA,743
49216,TAPIOLES,49,49250,VILLALPANDO,128
49219,TORO,49,49219,TORO,8336
49220,LA TORRE DEL VALLE,49,49021,BENAVENTE,122
49221,TORREGAMONES,49,49275,ZAMORA,225
49222,TORRES DEL CARRIZAL,49,49275,ZAMORA,413
49223,TRABAZOS,49,49275,ZAMORA,848
49224,TREFACIO,49,49166,PUEBLA DE SANABRIA,163
49225,UÑA DE QUINTANA,49,49021,BENAVENTE,119
49226,VADILLO DE LA GUAREÑA,49,49219,TORO,240
49227,VALCABADO,49,49275,ZAMORA,414
49228,VALDEFINJAS,49,49219,TORO,60
49229,VALDESCORRIEL,49,49250,VILLALPANDO,131
49230,VALLESA DE LA GUAREÑA,49,49219,TORO,67
49231,VEGA DE TERA,49,49021,BENAVENTE,265
49232,VEGA DE VILLALOBOS,49,49250,VILLALPANDO,88
49233,VEGALATRAVE,49,49275,ZAMORA,79
49234,VENIALBO,49,49275,ZAMORA,439
49235,VEZDEMARBÁN,49,49219,TORO,423
49236,VIDAYANES,49,49250,VILLALPANDO,74
49237,VIDEMALA,49,49275,ZAMORA,131
49238,VILLABRÁZARO,49,49021,BENAVENTE,255
49239,VILLABUENA DEL PUENTE,49,49219,TORO,574
49240,VILLADEPERA,49,49275,ZAMORA,165
49241,VILLAESCUSA,49,49219,TORO,237
49242,VILLAFÁFILA,49,49250,VILLALPANDO,429
49243,VILLAFERRUEÑA,49,49021,BENAVENTE,105
49244,VILLAGERIZ,49,49021,BENAVENTE,63
49245,VILLALAZÁN,49,49275,ZAMORA,241
49246,VILLALBA DE LA LAMPREANA,49,49250,VILLALPANDO,212
49247,VILLALCAMPO,49,49275,ZAMORA,380
49248,VILLALOBOS,49,49250,VILLALPANDO,200
49249,VILLALONSO,49,49219,TORO,80
49250,VILLALPANDO,49,49250,VILLALPANDO,1433
49251,VILLALUBE,49,49275,ZAMORA,143
49252,VILLAMAYOR DE CAMPOS,49,49250,VILLALPANDO,330
49255,VILLAMOR DE LOS ESCUDEROS,49,49219,TORO,362
49256,VILLANÁZAR,49,49021,BENAVENTE,256
49257,VILLANUEVA DE AZOAGUE,49,49021,BENAVENTE,398
49258,VILLANUEVA DE CAMPEÁN,49,49275,ZAMORA,115
49259,VILLANUEVA DE LAS PERAS,49,49021,BENAVENTE,85
49260,VILLANUEVA DEL CAMPO,49,49250,VILLALPANDO,736
49261,VILLARALBO,49,49275,ZAMORA,1782
49262,VILLARDECIERVOS,49,49166,PUEBLA DE SANABRIA,383
49263,VILLAR DE FALLAVES,49,49250,VILLALPANDO,50
49264,VILLAR DEL BUEY,49,49275,ZAMORA,483
49265,VILLARDIEGUA DE LA RIBERA,49,49275,ZAMORA,106
49266,VILLÁRDIGA,49,49250,VILLALPANDO,60
49267,VILLARDONDIEGO,49,49219,TORO,110
49268,VILLARRÍN DE CAMPOS,49,49250,VILLALPANDO,387
49269,VILLASECO DEL PAN,49,49275,ZAMORA,201
49270,VILLAVENDIMIO,49,49219,TORO,150
49271,VILLAVEZA DEL AGUA,49,49021,BENAVENTE,162
49272,VILLAVEZA DE VALVERDE,49,49021,BENAVENTE,72
49273,VIÑAS,49,49275,ZAMORA,148
49275,ZAMORA,49,49275,ZAMORA,59815
50001,ABANTO,50,50094,DAROCA,78
50002,ACERED,50,50094,DAROCA,131
50003,AGÓN,50,50251,TARAZONA,135
50004,AGUARÓN,50,50094,DAROCA,602
50005,AGUILÓN,50,50094,DAROCA,265
50006,AINZÓN,50,50251,TARAZONA,1036
50007,ALADRÉN,50,50094,DAROCA,62
50008,ALAGÓN,50,50297,ZARAGOZA,7532
50009,ALARBA,50,50067,CALATAYUD,91
50010,ALBERITE DE SAN JUAN,50,50251,TARAZONA,79
50011,ALBETA,50,50251,TARAZONA,138
50012,ALBORGE,50,50074,CASPE,104
50013,ALCALÁ DE EBRO,50,50297,ZARAGOZA,244
50014,ALCALÁ DE MONCAYO,50,50251,TARAZONA,147
50015,ALCONCHEL DE ARIZA,50,50067,CALATAYUD,79
50016,ALDEHUELA DE LIESTOS,50,50094,DAROCA,48
50017,ALFAJARÍN,50,50297,ZARAGOZA,2423
50018,ALFAMÉN,50,50025,LA ALMUNIA DE DOÑA GODINA,1470
50019,ALFORQUE,50,50074,CASPE,57
50020,ALHAMA DE ARAGÓN,50,50067,CALATAYUD,917
50021,ALMOCHUEL,50,50297,ZARAGOZA,22
50022,LA ALMOLDA,50,50074,CASPE,521
50023,ALMONACID DE LA CUBA,50,50297,ZARAGOZA,220
50024,ALMONACID DE LA SIERRA,50,50025,LA ALMUNIA DE DOÑA GODINA,756
50025,LA ALMUNIA DE DOÑA GODINA,50,50025,LA ALMUNIA DE DOÑA GODINA,8080
50026,ALPARTIR,50,50025,LA ALMUNIA DE DOÑA GODINA,599
50027,AMBEL,50,50251,TARAZONA,253
50028,ANENTO,50,50094,DAROCA,117
50029,ANIÑÓN,50,50067,CALATAYUD,678
50030,AÑÓN DE MONCAYO,50,50251,TARAZONA,207
50031,ARANDA DE MONCAYO,50,50025,LA ALMUNIA DE DOÑA GODINA,112
50032,ARÁNDIGA,50,50025,LA ALMUNIA DE DOÑA GODINA,279
50033,ARDISA,50,50095,EJEA DE LOS CABALLEROS,73
50034,ARIZA,50,50067,CALATAYUD,1096
50035,ARTIEDA,50,50095,EJEA DE LOS CABALLEROS,90
50036,ASÍN,50,50095,EJEA DE LOS CABALLEROS,88
50037,ATEA,50,50094,DAROCA,142
50038,ATECA,50,50067,CALATAYUD,1785
50039,AZUARA,50,50297,ZARAGOZA,548
50040,BADULES,50,50094,DAROCA,83
50041,BAGÜÉS,50,50095,EJEA DE LOS CABALLEROS,16
50042,BALCONCHÁN,50,50094,DAROCA,19
50043,BÁRBOLES,50,50297,ZARAGOZA,277
50044,BARDALLUR,50,50025,LA ALMUNIA DE DOÑA GODINA,242
50045,BELCHITE,50,50297,ZARAGOZA,1495
50046,BELMONTE DE GRACIÁN,50,50067,CALATAYUD,183
50047,BERDEJO,50,50067,CALATAYUD,40
50048,BERRUECO,50,50094,DAROCA,32
50050,BIJUESCA,50,50067,CALATAYUD,93
50051,BIOTA,50,50095,EJEA DE LOS CABALLEROS,832
50052,BISIMBRE,50,50251,TARAZONA,98
50053,BOQUIÑENI,50,50297,ZARAGOZA,743
50054,BORDALBA,50,50067,CALATAYUD,47
50055,BORJA,50,50251,TARAZONA,5202
50056,BOTORRITA,50,50297,ZARAGOZA,587
50057,BREA DE ARAGÓN,50,50025,LA ALMUNIA DE DOÑA GODINA,1517
50058,BUBIERCA,50,50067,CALATAYUD,66
50059,BUJARALOZ,50,50074,CASPE,938
50060,BULBUENTE,50,50251,TARAZONA,250
50061,BURETA,50,50251,TARAZONA,210
50062,EL BURGO DE EBRO,50,50297,ZARAGOZA,2750
50063,EL BUSTE,50,50251,TARAZONA,60
50064,CABAÑAS DE EBRO,50,50297,ZARAGOZA,473
50065,CABOLAFUENTE,50,50067,CALATAYUD,50
50066,CADRETE,50,50297,ZARAGOZA,4688
50067,CALATAYUD,50,50067,CALATAYUD,20158
50068,CALATORAO,50,50025,LA ALMUNIA DE DOÑA GODINA,2970
50069,CALCENA,50,50025,LA ALMUNIA DE DOÑA GODINA,65
50070,CALMARZA,50,50067,CALATAYUD,57
50071,CAMPILLO DE ARAGÓN,50,50067,CALATAYUD,111
50072,CARENAS,50,50067,CALATAYUD,169
50073,CARIÑENA,50,50094,DAROCA,3530
50074,CASPE,50,50074,CASPE,10365
50075,CASTEJÓN DE ALARBA,50,50067,CALATAYUD,75
50076,CASTEJÓN DE LAS ARMAS,50,50067,CALATAYUD,87
50077,CASTEJÓN DE VALDEJASA,50,50095,EJEA DE LOS CABALLEROS,188
50078,CASTILISCAR,50,50095,EJEA DE LOS CABALLEROS,219
50079,CERVERA DE LA CAÑADA,50,50067,CALATAYUD,263
50080,CERVERUELA,50,50094,DAROCA,38
50081,CETINA,50,50067,CALATAYUD,534
50082,CIMBALLA,50,50067,CALATAYUD,70
50083,CINCO OLIVAS,50,50074,CASPE,97
50084,CLARÉS DE RIBOTA,50,50067,CALATAYUD,73
50085,CODO,50,50297,ZARAGOZA,204
50086,CODOS,50,50094,DAROCA,237
50087,CONTAMINA,50,50067,CALATAYUD,34
50088,COSUENDA,50,50094,DAROCA,344
50089,CUARTE DE HUERVA,50,50297,ZARAGOZA,15408
50090,CUBEL,50,50094,DAROCA,145
50091,LAS CUERLAS,50,50094,DAROCA,44
50092,CHIPRANA,50,50074,CASPE,496
50093,CHODES,50,50025,LA ALMUNIA DE DOÑA GODINA,98
50094,DAROCA,50,50094,DAROCA,1899
50095,EJEA DE LOS CABALLEROS,50,50095,EJEA DE LOS CABALLEROS,17129
50096,EMBID DE ARIZA,50,50067,CALATAYUD,28
50098,ENCINACORBA,50,50094,DAROCA,176
50099,EPILA,50,50025,LA ALMUNIA DE DOÑA GODINA,4704
50100,ERLA,50,50095,EJEA DE LOS CABALLEROS,374
50101,ESCATRÓN,50,50074,CASPE,1189
50102,FABARA,50,50074,CASPE,1063
50104,FARLETE,50,50297,ZARAGOZA,372
50105,FAYÓN,50,50074,CASPE,448
50106,LOS FAYOS,50,50251,TARAZONA,135
50107,FIGUERUELAS,50,50297,ZARAGOZA,1303
50108,FOMBUENA,50,50094,DAROCA,59
50109,EL FRAGO,50,50095,EJEA DE LOS CABALLEROS,129
50110,EL FRASNO,50,50025,LA ALMUNIA DE DOÑA GODINA,370
50111,FRÉSCANO,50,50251,TARAZONA,196
50113,FUENDEJALÓN,50,50251,TARAZONA,774
50114,FUENDETODOS,50,50297,ZARAGOZA,130
50115,FUENTES DE EBRO,50,50297,ZARAGOZA,4659
50116,FUENTES DE JILOCA,50,50094,DAROCA,209
50117,GALLOCANTA,50,50094,DAROCA,128
50118,GALLUR,50,50297,ZARAGOZA,2642
50119,GELSA,50,50297,ZARAGOZA,996
50120,GODOJOS,50,50067,CALATAYUD,55
50121,GOTOR,50,50025,LA ALMUNIA DE DOÑA GODINA,309
50122,GRISEL,50,50251,TARAZONA,101
50123,GRISÉN,50,50297,ZARAGOZA,630
50124,HERRERA DE LOS NAVARROS,50,50297,ZARAGOZA,495
50125,IBDES,50,50067,CALATAYUD,351
50126,ILLUECA,50,50025,LA ALMUNIA DE DOÑA GODINA,2782
50128,ISUERRE,50,50095,EJEA DE LOS CABALLEROS,32
50129,JARABA,50,50067,CALATAYUD,294
50130,JARQUE DE MONCAYO,50,50025,LA ALMUNIA DE DOÑA GODINA,373
50131,JAULÍN,50,50297,ZARAGOZA,305
50132,LA JOYOSA,50,50297,ZARAGOZA,1156
50133,LAGATA,50,50297,ZARAGOZA,113
50134,LANGA DEL CASTILLO,50,50094,DAROCA,110
50135,LAYANA,50,50095,EJEA DE LOS CABALLEROS,95
50136,LÉCERA,50,50297,ZARAGOZA,578
50137,LECIÑENA,50,50297,ZARAGOZA,1087
50138,LECHÓN,50,50094,DAROCA,39
50139,LETUX,50,50297,ZARAGOZA,349
50140,LITAGO,50,50251,TARAZONA,173
50141,LITUÉNIGO,50,50251,TARAZONA,123
50142,LOBERA DE ONSELLA,50,50095,EJEA DE LOS CABALLEROS,28
50143,LONGARES,50,50297,ZARAGOZA,802
50144,LONGÁS,50,50095,EJEA DE LOS CABALLEROS,45
50146,LUCENA DE JALÓN,50,50025,LA ALMUNIA DE DOÑA GODINA,223
50147,LUCENI,50,50297,ZARAGOZA,1003
50148,LUESIA,50,50095,EJEA DE LOS CABALLEROS,332
50149,LUESMA,50,50297,ZARAGOZA,42
50150,LUMPIAQUE,50,50025,LA ALMUNIA DE DOÑA GODINA,889
50151,LUNA,50,50095,EJEA DE LOS CABALLEROS,674
50152,MAELLA,50,50074,CASPE,2158
50153,MAGALLÓN,50,50297,ZARAGOZA,1108
50154,MAINAR,50,50094,DAROCA,162
50155,MALANQUILLA,50,50067,CALATAYUD,71
50156,MALEJÁN,50,50251,TARAZONA,282
50157,MALÓN,50,50251,TARAZONA,474
50159,MALUENDA,50,50067,CALATAYUD,895
50160,MALLÉN,50,50297,ZARAGOZA,2951
50161,MANCHONES,50,50094,DAROCA,91
50162,MARA,50,50067,CALATAYUD,161
50163,MARÍA DE HUERVA,50,50297,ZARAGOZA,6558
50164,MEDIANA DE ARAGÓN,50,50297,ZARAGOZA,469
50165,MEQUINENZA,50,50074,CASPE,2236
50166,MESONES DE ISUELA,50,50025,LA ALMUNIA DE DOÑA GODINA,270
50167,MEZALOCHA,50,50297,ZARAGOZA,197
50168,MIANOS,50,50095,EJEA DE LOS CABALLEROS,25
50169,MIEDES DE ARAGÓN,50,50094,DAROCA,408
50170,MONEGRILLO,50,50297,ZARAGOZA,378
50171,MONEVA,50,50297,ZARAGOZA,107
50172,MONREAL DE ARIZA,50,50067,CALATAYUD,175
50173,MONTERDE,50,50067,CALATAYUD,143
50174,MONTÓN,50,50094,DAROCA,89
50175,MORATA DE JALÓN,50,50025,LA ALMUNIA DE DOÑA GODINA,1100
50176,MORATA DE JILOCA,50,50067,CALATAYUD,285
50177,MORÉS,50,50025,LA ALMUNIA DE DOÑA GODINA,303
50178,MOROS,50,50067,CALATAYUD,274
50179,MOYUELA,50,50297,ZARAGOZA,221
50180,MOZOTA,50,50297,ZARAGOZA,130
50181,MUEL,50,50297,ZARAGOZA,1540
50182,LA MUELA,50,50025,LA ALMUNIA DE DOÑA GODINA,6737
50183,MUNÉBREGA,50,50067,CALATAYUD,351
50184,MURERO,50,50094,DAROCA,85
50185,MURILLO DE GÁLLEGO,50,50095,EJEA DE LOS CABALLEROS,194
50186,NAVARDÚN,50,50095,EJEA DE LOS CABALLEROS,35
50187,NIGÜELLA,50,50025,LA ALMUNIA DE DOÑA GODINA,58
50188,NOMBREVILLA,50,50094,DAROCA,40
50189,NONASPE,50,50074,CASPE,997
50190,NOVALLAS,50,50251,TARAZONA,859
50191,NOVILLAS,50,50297,ZARAGOZA,508
50192,NUÉVALOS,50,50067,CALATAYUD,318
50193,NUEZ DE EBRO,50,50297,ZARAGOZA,886
50194,OLVÉS,50,50067,CALATAYUD,107
50195,ORCAJO,50,50094,DAROCA,65
50196,ORERA,50,50067,CALATAYUD,103
50197,ORÉS,50,50095,EJEA DE LOS CABALLEROS,72
50198,OSEJA,50,50025,LA ALMUNIA DE DOÑA GODINA,43
50199,OSERA DE EBRO,50,50297,ZARAGOZA,442
50200,PANIZA,50,50094,DAROCA,574
50201,PARACUELLOS DE JILOCA,50,50067,CALATAYUD,610
50202,PARACUELLOS DE LA RIBERA,50,50025,LA ALMUNIA DE DOÑA GODINA,111
50203,PASTRIZ,50,50297,ZARAGOZA,1316
50204,PEDROLA,50,50297,ZARAGOZA,3842
50205,LAS PEDROSAS,50,50095,EJEA DE LOS CABALLEROS,118
50206,PERDIGUERA,50,50297,ZARAGOZA,559
50207,PIEDRATAJADA,50,50095,EJEA DE LOS CABALLEROS,96
50208,PINA DE EBRO,50,50297,ZARAGOZA,2478
50209,PINSEQUE,50,50297,ZARAGOZA,4601
50210,LOS PINTANOS,50,50095,EJEA DE LOS CABALLEROS,37
50211,PLASENCIA DE JALÓN,50,50025,LA ALMUNIA DE DOÑA GODINA,378
50212,PLEITAS,50,50297,ZARAGOZA,29
50213,PLENAS,50,50297,ZARAGOZA,110
50214,POMER,50,50025,LA ALMUNIA DE DOÑA GODINA,23
50215,POZUEL DE ARIZA,50,50067,CALATAYUD,15
50216,POZUELO DE ARAGÓN,50,50251,TARAZONA,247
50217,PRADILLA DE EBRO,50,50095,EJEA DE LOS CABALLEROS,553
50218,PUEBLA DE ALBORTÓN,50,50297,ZARAGOZA,133
50219,LA PUEBLA DE ALFINDÉN,50,50297,ZARAGOZA,6550
50220,PUENDELUNA,50,50095,EJEA DE LOS CABALLEROS,42
50221,PURUJOSA,50,50025,LA ALMUNIA DE DOÑA GODINA,29
50222,QUINTO,50,50297,ZARAGOZA,1882
50223,REMOLINOS,50,50095,EJEA DE LOS CABALLEROS,1018
50224,RETASCÓN,50,50094,DAROCA,77
50225,RICLA,50,50025,LA ALMUNIA DE DOÑA GODINA,3019
50227,ROMANOS,50,50094,DAROCA,140
50228,RUEDA DE JALÓN,50,50025,LA ALMUNIA DE DOÑA GODINA,325
50229,RUESCA,50,50067,CALATAYUD,69
50230,SÁDABA,50,50095,EJEA DE LOS CABALLEROS,1278
50231,SALILLAS DE JALÓN,50,50025,LA ALMUNIA DE DOÑA GODINA,372
50232,SALVATIERRA DE ESCA,50,50095,EJEA DE LOS CABALLEROS,187
50233,SAMPER DEL SALZ,50,50297,ZARAGOZA,79
50234,SAN MARTÍN DE LA VIRGEN DE MONCAYO,50,50251,TARAZONA,266
50235,SAN MATEO DE GÁLLEGO,50,50297,ZARAGOZA,3489
50236,SANTA CRUZ DE GRÍO,50,50025,LA ALMUNIA DE DOÑA GODINA,95
50237,SANTA CRUZ DE MONCAYO,50,50251,TARAZONA,123
50238,SANTA EULALIA DE GÁLLEGO,50,50095,EJEA DE LOS CABALLEROS,101
50239,SANTED,50,50094,DAROCA,72
50240,SÁSTAGO,50,50074,CASPE,1067
50241,SABIÑÁN,50,50025,LA ALMUNIA DE DOÑA GODINA,697
50242,SEDILES,50,50067,CALATAYUD,109
50243,SESTRICA,50,50025,LA ALMUNIA DE DOÑA GODINA,329
50244,SIERRA DE LUNA,50,50095,EJEA DE LOS CABALLEROS,269
50245,SIGÜÉS,50,50095,EJEA DE LOS CABALLEROS,72
50246,SISAMÓN,50,50067,CALATAYUD,50
50247,SOBRADIEL,50,50297,ZARAGOZA,1110
50248,SOS DEL REY CATÓLICO,50,50095,EJEA DE LOS CABALLEROS,582
50249,TABUENCA,50,50251,TARAZONA,305
50250,TALAMANTES,50,50251,TARAZONA,68
50251,TARAZONA,50,50251,TARAZONA,10873
50252,TAUSTE,50,50095,EJEA DE LOS CABALLEROS,6838
50253,TERRER,50,50067,CALATAYUD,580
50254,TIERGA,50,50025,LA ALMUNIA DE DOÑA GODINA,170
50255,TOBED,50,50025,LA ALMUNIA DE DOÑA GODINA,196
50256,TORRALBA DE LOS FRAILES,50,50094,DAROCA,65
50257,TORRALBA DE RIBOTA,50,50067,CALATAYUD,157
50258,TORRALBILLA,50,50094,DAROCA,38
50259,TORREHERMOSA,50,50067,CALATAYUD,69
50260,TORRELAPAJA,50,50067,CALATAYUD,30
50261,TORRELLAS,50,50251,TARAZONA,249
50262,TORRES DE BERRELLÉN,50,50297,ZARAGOZA,1515
50263,TORRIJO DE LA CAÑADA,50,50067,CALATAYUD,187
50264,TOSOS,50,50297,ZARAGOZA,176
50265,TRASMOZ,50,50251,TARAZONA,88
50266,TRASOBARES,50,50025,LA ALMUNIA DE DOÑA GODINA,124
50267,UNCASTILLO,50,50095,EJEA DE LOS CABALLEROS,594
50268,UNDUÉS DE LERDA,50,50095,EJEA DE LOS CABALLEROS,60
50269,URREA DE JALÓN,50,50025,LA ALMUNIA DE DOÑA GODINA,434
50270,URRIÉS,50,50095,EJEA DE LOS CABALLEROS,50
50271,USED,50,50094,DAROCA,250
50272,UTEBO,50,50297,ZARAGOZA,19116
50273,VALDEHORNA,50,50094,DAROCA,29
50274,VAL DE SAN MARTÍN,50,50094,DAROCA,55
50275,VALMADRID,50,50297,ZARAGOZA,112
50276,VALPALMAS,50,50095,EJEA DE LOS CABALLEROS,122
50277,VALTORRES,50,50067,CALATAYUD,65
50278,VELILLA DE EBRO,50,50074,CASPE,208
50279,VELILLA DE JILOCA,50,50067,CALATAYUD,90
50280,VERA DE MONCAYO,50,50251,TARAZONA,317
50281,VIERLAS,50,50251,TARAZONA,88
50282,LA VILUEÑA,50,50067,CALATAYUD,59
50283,VILLADOZ,50,50094,DAROCA,80
50284,VILLAFELICHE,50,50094,DAROCA,163
50285,VILLAFRANCA DE EBRO,50,50297,ZARAGOZA,828
50286,VILLALBA DE PEREJIL,50,50067,CALATAYUD,86
50287,VILLALENGUA,50,50067,CALATAYUD,295
50288,VILLANUEVA DE GÁLLEGO,50,50297,ZARAGOZA,4852
50289,VILLANUEVA DE JILOCA,50,50094,DAROCA,73
50290,VILLANUEVA DE HUERVA,50,50297,ZARAGOZA,360
50291,VILLAR DE LOS NAVARROS,50,50297,ZARAGOZA,147
50292,VILLARREAL DE HUERVA,50,50094,DAROCA,270
50293,VILLARROYA DE LA SIERRA,50,50067,CALATAYUD,397
50294,VILLARROYA DEL CAMPO,50,50094,DAROCA,70
50295,VISTABELLA,50,50094,DAROCA,51
50296,LA ZAIDA,50,50074,CASPE,433
50297,ZARAGOZA,50,50297,ZARAGOZA,693091
50298,ZUERA,50,50297,ZARAGOZA,8766
50901,BIEL,50,50095,EJEA DE LOS CABALLEROS,166
50902,MARRACOS,50,50095,EJEA DE LOS CABALLEROS,82
50903,VILLAMAYOR DE GÁLLEGO,50,50297,ZARAGOZA,2841
51001,CEUTA,51,51001,CEUTA,83595
52001,MELILLA,52,52001,MELILLA,86780
